sm_a,sm_b,mean_abs_diff,gpc_a,gpc_b
150,150,0.0,9,9
150,151,69.3,9,9
150,148,71.9,9,8
150,149,70.5,9,8
150,0,76.2,9,0
150,1,86.1,9,0
150,16,86.1,9,0
150,17,75.5,9,0
150,32,71.4,9,0
150,33,79.5,9,0
150,48,78.8,9,0
150,49,73.3,9,0
150,64,79.2,9,0
150,65,82.2,9,0
150,80,79.0,9,0
150,81,87.6,9,0
150,2,281.8,9,4
150,3,288.3,9,4
150,18,288.2,9,4
150,19,289.7,9,4
150,34,283.1,9,4
150,35,288.4,9,4
150,50,288.7,9,4
150,51,290.8,9,4
150,66,292.6,9,4
150,67,298.4,9,4
150,82,292.7,9,4
150,83,295.5,9,4
150,96,289.9,9,4
150,97,289.8,9,4
150,110,296.4,9,4
150,111,290.8,9,4
150,124,291.0,9,4
150,125,293.3,9,4
150,4,296.5,9,1
150,5,293.7,9,1
150,20,295.1,9,1
150,21,291.6,9,1
150,36,291.7,9,1
150,37,292.4,9,1
150,52,289.6,9,1
150,53,291.6,9,1
150,68,296.7,9,1
150,69,293.2,9,1
150,84,287.3,9,1
150,85,292.6,9,1
150,98,296.5,9,1
150,99,287.9,9,1
150,112,288.5,9,1
150,113,285.9,9,1
150,126,297.2,9,1
150,127,289.0,9,1
150,6,292.5,9,2
150,7,297.6,9,2
150,22,299.6,9,2
150,23,297.5,9,2
150,38,287.3,9,2
150,39,290.8,9,2
150,54,291.1,9,2
150,55,289.3,9,2
150,70,290.8,9,2
150,71,291.9,9,2
150,86,295.5,9,2
150,87,287.9,9,2
150,100,288.9,9,2
150,101,292.1,9,2
150,114,292.4,9,2
150,115,299.0,9,2
150,128,296.2,9,2
150,129,292.6,9,2
150,138,291.1,9,2
150,139,290.5,9,2
150,8,289.4,9,3
150,9,295.2,9,3
150,24,294.8,9,3
150,25,295.7,9,3
150,40,291.8,9,3
150,41,288.2,9,3
150,56,287.4,9,3
150,57,282.8,9,3
150,72,284.4,9,3
150,73,285.4,9,3
150,88,288.3,9,3
150,89,283.4,9,3
150,102,285.1,9,3
150,103,290.1,9,3
150,116,287.2,9,3
150,117,288.4,9,3
150,130,289.6,9,3
150,131,290.9,9,3
150,140,284.6,9,3
150,141,290.2,9,3
150,10,85.0,9,5
150,11,90.3,9,5
150,26,75.9,9,5
150,27,86.4,9,5
150,42,86.4,9,5
150,43,89.4,9,5
150,58,83.5,9,5
150,59,86.0,9,5
150,74,107.7,9,5
150,75,80.5,9,5
150,90,80.0,9,5
150,91,77.2,9,5
150,104,85.0,9,5
150,105,76.8,9,5
150,118,91.5,9,5
150,119,89.8,9,5
150,132,87.7,9,5
150,133,89.5,9,5
150,142,89.2,9,5
150,143,81.5,9,5
150,12,95.4,9,6
150,13,94.6,9,6
150,28,96.9,9,6
150,29,83.6,9,6
150,44,95.1,9,6
150,45,88.3,9,6
150,60,80.0,9,6
150,61,96.2,9,6
150,76,89.1,9,6
150,77,89.9,9,6
150,92,85.9,9,6
150,93,90.6,9,6
150,106,85.6,9,6
150,107,88.4,9,6
150,120,74.2,9,6
150,121,84.8,9,6
150,134,88.0,9,6
150,135,83.1,9,6
150,144,79.9,9,6
150,145,100.4,9,6
150,14,80.8,9,7
150,15,88.4,9,7
150,30,83.7,9,7
150,31,76.4,9,7
150,46,79.1,9,7
150,47,96.8,9,7
150,62,86.2,9,7
150,63,95.4,9,7
150,78,87.7,9,7
150,79,99.7,9,7
150,94,91.9,9,7
150,95,90.0,9,7
150,108,85.4,9,7
150,109,91.6,9,7
150,122,98.7,9,7
150,123,78.4,9,7
150,136,82.1,9,7
150,137,74.2,9,7
150,146,75.5,9,7
150,147,81.0,9,7
151,150,69.3,9,9
151,151,0.0,9,9
151,148,65.7,9,8
151,149,66.0,9,8
151,0,80.9,9,0
151,1,83.7,9,0
151,16,84.2,9,0
151,17,78.2,9,0
151,32,73.5,9,0
151,33,80.2,9,0
151,48,74.6,9,0
151,49,75.5,9,0
151,64,79.8,9,0
151,65,82.5,9,0
151,80,76.9,9,0
151,81,83.8,9,0
151,2,286.3,9,4
151,3,290.3,9,4
151,18,292.5,9,4
151,19,293.4,9,4
151,34,287.2,9,4
151,35,293.1,9,4
151,50,292.3,9,4
151,51,295.0,9,4
151,66,296.2,9,4
151,67,300.5,9,4
151,82,295.6,9,4
151,83,299.0,9,4
151,96,293.1,9,4
151,97,294.2,9,4
151,110,300.1,9,4
151,111,294.6,9,4
151,124,294.2,9,4
151,125,297.3,9,4
151,4,299.7,9,1
151,5,297.1,9,1
151,20,299.5,9,1
151,21,294.7,9,1
151,36,295.9,9,1
151,37,296.4,9,1
151,52,293.0,9,1
151,53,295.5,9,1
151,68,300.8,9,1
151,69,296.5,9,1
151,84,290.8,9,1
151,85,296.2,9,1
151,98,299.3,9,1
151,99,291.9,9,1
151,112,292.3,9,1
151,113,290.2,9,1
151,126,300.1,9,1
151,127,292.2,9,1
151,6,296.5,9,2
151,7,300.6,9,2
151,22,302.4,9,2
151,23,300.4,9,2
151,38,290.7,9,2
151,39,294.0,9,2
151,54,293.5,9,2
151,55,292.9,9,2
151,70,294.7,9,2
151,71,294.0,9,2
151,86,298.2,9,2
151,87,291.9,9,2
151,100,291.5,9,2
151,101,294.6,9,2
151,114,294.9,9,2
151,115,301.8,9,2
151,128,298.6,9,2
151,129,297.1,9,2
151,138,295.1,9,2
151,139,294.4,9,2
151,8,292.8,9,3
151,9,299.7,9,3
151,24,298.5,9,3
151,25,299.6,9,3
151,40,296.1,9,3
151,41,292.5,9,3
151,56,291.2,9,3
151,57,289.4,9,3
151,72,289.0,9,3
151,73,291.2,9,3
151,88,292.6,9,3
151,89,287.3,9,3
151,102,289.7,9,3
151,103,293.9,9,3
151,116,291.5,9,3
151,117,292.9,9,3
151,130,293.5,9,3
151,131,295.6,9,3
151,140,288.9,9,3
151,141,293.7,9,3
151,10,86.4,9,5
151,11,95.8,9,5
151,26,84.4,9,5
151,27,96.0,9,5
151,42,95.3,9,5
151,43,96.2,9,5
151,58,89.8,9,5
151,59,96.6,9,5
151,74,108.5,9,5
151,75,88.7,9,5
151,90,84.5,9,5
151,91,82.5,9,5
151,104,90.0,9,5
151,105,82.2,9,5
151,118,91.1,9,5
151,119,93.7,9,5
151,132,92.5,9,5
151,133,90.1,9,5
151,142,81.2,9,5
151,143,76.9,9,5
151,12,94.7,9,6
151,13,99.4,9,6
151,28,102.9,9,6
151,29,90.3,9,6
151,44,96.5,9,6
151,45,89.0,9,6
151,60,80.2,9,6
151,61,90.4,9,6
151,76,87.2,9,6
151,77,90.4,9,6
151,92,84.6,9,6
151,93,82.5,9,6
151,106,81.2,9,6
151,107,75.2,9,6
151,120,86.7,9,6
151,121,84.2,9,6
151,134,81.8,9,6
151,135,80.8,9,6
151,144,84.6,9,6
151,145,107.2,9,6
151,14,82.1,9,7
151,15,96.6,9,7
151,30,88.6,9,7
151,31,87.3,9,7
151,46,82.1,9,7
151,47,90.8,9,7
151,62,88.4,9,7
151,63,99.6,9,7
151,78,88.9,9,7
151,79,99.7,9,7
151,94,89.7,9,7
151,95,88.9,9,7
151,108,86.6,9,7
151,109,89.2,9,7
151,122,96.8,9,7
151,123,79.1,9,7
151,136,82.9,9,7
151,137,81.7,9,7
151,146,85.5,9,7
151,147,81.1,9,7
148,150,71.9,8,9
148,151,65.7,8,9
148,148,0.0,8,8
148,149,66.2,8,8
148,0,76.9,8,0
148,1,79.7,8,0
148,16,82.6,8,0
148,17,76.7,8,0
148,32,68.7,8,0
148,33,76.0,8,0
148,48,70.9,8,0
148,49,74.0,8,0
148,64,71.9,8,0
148,65,71.2,8,0
148,80,81.1,8,0
148,81,83.1,8,0
148,2,285.6,8,4
148,3,291.4,8,4
148,18,292.6,8,4
148,19,292.9,8,4
148,34,286.3,8,4
148,35,292.5,8,4
148,50,291.7,8,4
148,51,294.0,8,4
148,66,295.8,8,4
148,67,301.3,8,4
148,82,295.4,8,4
148,83,298.5,8,4
148,96,292.4,8,4
148,97,293.3,8,4
148,110,299.5,8,4
148,111,293.7,8,4
148,124,294.2,8,4
148,125,296.7,8,4
148,4,299.3,8,1
148,5,296.7,8,1
148,20,299.0,8,1
148,21,294.7,8,1
148,36,295.0,8,1
148,37,295.6,8,1
148,52,292.8,8,1
148,53,294.8,8,1
148,68,300.2,8,1
148,69,295.7,8,1
148,84,290.4,8,1
148,85,295.8,8,1
148,98,299.3,8,1
148,99,291.2,8,1
148,112,291.4,8,1
148,113,289.5,8,1
148,126,299.5,8,1
148,127,292.1,8,1
148,6,295.7,8,2
148,7,300.3,8,2
148,22,302.0,8,2
148,23,300.6,8,2
148,38,290.7,8,2
148,39,292.9,8,2
148,54,294.3,8,2
148,55,292.9,8,2
148,70,294.4,8,2
148,71,295.1,8,2
148,86,297.8,8,2
148,87,291.4,8,2
148,100,291.8,8,2
148,101,294.8,8,2
148,114,295.2,8,2
148,115,301.6,8,2
148,128,298.8,8,2
148,129,296.2,8,2
148,138,294.4,8,2
148,139,293.5,8,2
148,8,292.5,8,3
148,9,299.2,8,3
148,24,297.8,8,3
148,25,299.3,8,3
148,40,295.3,8,3
148,41,291.8,8,3
148,56,291.2,8,3
148,57,287.8,8,3
148,72,288.3,8,3
148,73,288.4,8,3
148,88,291.4,8,3
148,89,287.5,8,3
148,102,289.0,8,3
148,103,293.3,8,3
148,116,290.6,8,3
148,117,291.9,8,3
148,130,293.2,8,3
148,131,295.1,8,3
148,140,288.9,8,3
148,141,293.5,8,3
148,10,85.6,8,5
148,11,88.1,8,5
148,26,81.1,8,5
148,27,87.3,8,5
148,42,87.1,8,5
148,43,83.2,8,5
148,58,67.9,8,5
148,59,86.7,8,5
148,74,101.3,8,5
148,75,76.4,8,5
148,90,83.1,8,5
148,91,73.5,8,5
148,104,81.0,8,5
148,105,81.3,8,5
148,118,90.3,8,5
148,119,88.7,8,5
148,132,82.7,8,5
148,133,85.8,8,5
148,142,78.4,8,5
148,143,79.3,8,5
148,12,90.6,8,6
148,13,88.8,8,6
148,28,94.8,8,6
148,29,82.6,8,6
148,44,91.7,8,6
148,45,87.2,8,6
148,60,83.9,8,6
148,61,91.0,8,6
148,76,84.5,8,6
148,77,88.4,8,6
148,92,83.4,8,6
148,93,84.1,8,6
148,106,83.5,8,6
148,107,82.6,8,6
148,120,83.6,8,6
148,121,80.4,8,6
148,134,79.9,8,6
148,135,85.0,8,6
148,144,75.7,8,6
148,145,95.3,8,6
148,14,89.7,8,7
148,15,88.2,8,7
148,30,85.6,8,7
148,31,83.4,8,7
148,46,84.2,8,7
148,47,94.9,8,7
148,62,85.5,8,7
148,63,96.0,8,7
148,78,84.5,8,7
148,79,98.0,8,7
148,94,90.7,8,7
148,95,85.0,8,7
148,108,82.5,8,7
148,109,92.9,8,7
148,122,96.9,8,7
148,123,87.4,8,7
148,136,79.1,8,7
148,137,75.5,8,7
148,146,77.5,8,7
148,147,71.7,8,7
149,150,70.5,8,9
149,151,66.0,8,9
149,148,66.2,8,8
149,149,0.0,8,8
149,0,63.9,8,0
149,1,81.7,8,0
149,16,59.7,8,0
149,17,75.4,8,0
149,32,62.0,8,0
149,33,64.3,8,0
149,48,69.5,8,0
149,49,71.0,8,0
149,64,74.7,8,0
149,65,82.0,8,0
149,80,71.0,8,0
149,81,74.5,8,0
149,2,279.9,8,4
149,3,285.4,8,4
149,18,286.3,8,4
149,19,285.9,8,4
149,34,280.7,8,4
149,35,286.3,8,4
149,50,285.9,8,4
149,51,288.1,8,4
149,66,289.7,8,4
149,67,294.9,8,4
149,82,288.4,8,4
149,83,292.6,8,4
149,96,287.1,8,4
149,97,287.3,8,4
149,110,293.9,8,4
149,111,287.1,8,4
149,124,287.9,8,4
149,125,291.1,8,4
149,4,293.3,8,1
149,5,289.7,8,1
149,20,293.2,8,1
149,21,287.5,8,1
149,36,289.2,8,1
149,37,289.9,8,1
149,52,286.2,8,1
149,53,288.7,8,1
149,68,294.3,8,1
149,69,289.8,8,1
149,84,282.6,8,1
149,85,289.6,8,1
149,98,293.2,8,1
149,99,284.8,8,1
149,112,285.0,8,1
149,113,283.2,8,1
149,126,293.8,8,1
149,127,285.9,8,1
149,6,289.7,8,2
149,7,293.8,8,2
149,22,296.3,8,2
149,23,294.4,8,2
149,38,284.5,8,2
149,39,287.5,8,2
149,54,286.5,8,2
149,55,286.4,8,2
149,70,286.8,8,2
149,71,288.3,8,2
149,86,291.8,8,2
149,87,284.4,8,2
149,100,285.5,8,2
149,101,288.6,8,2
149,114,288.7,8,2
149,115,295.5,8,2
149,128,292.6,8,2
149,129,288.4,8,2
149,138,287.9,8,2
149,139,286.0,8,2
149,8,284.9,8,3
149,9,292.6,8,3
149,24,292.1,8,3
149,25,293.2,8,3
149,40,288.9,8,3
149,41,285.8,8,3
149,56,285.1,8,3
149,57,282.1,8,3
149,72,281.4,8,3
149,73,283.5,8,3
149,88,285.8,8,3
149,89,280.8,8,3
149,102,283.0,8,3
149,103,286.5,8,3
149,116,285.1,8,3
149,117,285.5,8,3
149,130,286.1,8,3
149,131,289.0,8,3
149,140,281.3,8,3
149,141,287.1,8,3
149,10,81.5,8,5
149,11,80.7,8,5
149,26,79.5,8,5
149,27,84.1,8,5
149,42,80.2,8,5
149,43,86.2,8,5
149,58,79.5,8,5
149,59,85.3,8,5
149,74,84.6,8,5
149,75,82.9,8,5
149,90,79.0,8,5
149,91,83.5,8,5
149,104,82.6,8,5
149,105,70.9,8,5
149,118,83.3,8,5
149,119,84.4,8,5
149,132,81.8,8,5
149,133,87.6,8,5
149,142,83.7,8,5
149,143,75.1,8,5
149,12,87.3,8,6
149,13,83.9,8,6
149,28,89.3,8,6
149,29,79.7,8,6
149,44,84.6,8,6
149,45,75.7,8,6
149,60,81.4,8,6
149,61,87.7,8,6
149,76,82.8,8,6
149,77,89.4,8,6
149,92,82.6,8,6
149,93,86.5,8,6
149,106,87.0,8,6
149,107,85.1,8,6
149,120,81.4,8,6
149,121,81.3,8,6
149,134,83.3,8,6
149,135,87.5,8,6
149,144,84.5,8,6
149,145,92.2,8,6
149,14,91.8,8,7
149,15,89.2,8,7
149,30,87.3,8,7
149,31,83.4,8,7
149,46,83.2,8,7
149,47,86.6,8,7
149,62,80.1,8,7
149,63,87.2,8,7
149,78,80.1,8,7
149,79,89.5,8,7
149,94,85.0,8,7
149,95,84.8,8,7
149,108,86.5,8,7
149,109,90.5,8,7
149,122,79.2,8,7
149,123,85.7,8,7
149,136,79.7,8,7
149,137,83.0,8,7
149,146,85.5,8,7
149,147,81.6,8,7
0,150,76.2,0,9
0,151,80.9,0,9
0,148,76.9,0,8
0,149,63.9,0,8
0,0,0.0,0,0
0,1,79.8,0,0
0,16,74.0,0,0
0,17,83.8,0,0
0,32,78.8,0,0
0,33,80.2,0,0
0,48,83.6,0,0
0,49,80.4,0,0
0,64,80.5,0,0
0,65,88.1,0,0
0,80,82.6,0,0
0,81,87.3,0,0
0,2,275.3,0,4
0,3,282.2,0,4
0,18,284.0,0,4
0,19,283.3,0,4
0,34,276.3,0,4
0,35,282.0,0,4
0,50,281.9,0,4
0,51,283.5,0,4
0,66,286.5,0,4
0,67,292.2,0,4
0,82,283.8,0,4
0,83,289.6,0,4
0,96,283.1,0,4
0,97,283.6,0,4
0,110,290.3,0,4
0,111,283.1,0,4
0,124,284.4,0,4
0,125,287.1,0,4
0,4,290.4,0,1
0,5,287.7,0,1
0,20,290.4,0,1
0,21,284.3,0,1
0,36,285.8,0,1
0,37,285.8,0,1
0,52,283.4,0,1
0,53,286.1,0,1
0,68,289.8,0,1
0,69,286.7,0,1
0,84,278.2,0,1
0,85,287.3,0,1
0,98,290.6,0,1
0,99,282.0,0,1
0,112,281.4,0,1
0,113,278.7,0,1
0,126,291.7,0,1
0,127,281.6,0,1
0,6,286.3,0,2
0,7,291.5,0,2
0,22,293.9,0,2
0,23,291.7,0,2
0,38,280.6,0,2
0,39,283.9,0,2
0,54,283.0,0,2
0,55,281.5,0,2
0,70,283.7,0,2
0,71,285.2,0,2
0,86,289.7,0,2
0,87,279.9,0,2
0,100,282.1,0,2
0,101,286.1,0,2
0,114,286.0,0,2
0,115,293.0,0,2
0,128,289.2,0,2
0,129,284.6,0,2
0,138,284.7,0,2
0,139,283.1,0,2
0,8,282.9,0,3
0,9,290.4,0,3
0,24,289.4,0,3
0,25,291.0,0,3
0,40,284.8,0,3
0,41,282.5,0,3
0,56,281.8,0,3
0,57,277.9,0,3
0,72,276.7,0,3
0,73,278.7,0,3
0,88,281.4,0,3
0,89,276.4,0,3
0,102,279.5,0,3
0,103,283.8,0,3
0,116,281.5,0,3
0,117,281.9,0,3
0,130,282.8,0,3
0,131,284.5,0,3
0,140,277.5,0,3
0,141,284.5,0,3
0,10,90.2,0,5
0,11,80.1,0,5
0,26,83.2,0,5
0,27,84.5,0,5
0,42,88.5,0,5
0,43,90.9,0,5
0,58,90.3,0,5
0,59,86.0,0,5
0,74,80.6,0,5
0,75,87.8,0,5
0,90,88.0,0,5
0,91,92.3,0,5
0,104,89.9,0,5
0,105,81.2,0,5
0,118,94.6,0,5
0,119,89.4,0,5
0,132,88.1,0,5
0,133,90.1,0,5
0,142,94.6,0,5
0,143,77.1,0,5
0,12,94.1,0,6
0,13,94.3,0,6
0,28,99.5,0,6
0,29,86.1,0,6
0,44,82.2,0,6
0,45,85.5,0,6
0,60,85.7,0,6
0,61,95.6,0,6
0,76,88.0,0,6
0,77,90.6,0,6
0,92,80.5,0,6
0,93,96.2,0,6
0,106,94.4,0,6
0,107,87.6,0,6
0,120,86.2,0,6
0,121,89.8,0,6
0,134,87.7,0,6
0,135,86.4,0,6
0,144,88.2,0,6
0,145,83.7,0,6
0,14,90.3,0,7
0,15,98.6,0,7
0,30,84.2,0,7
0,31,81.2,0,7
0,46,87.9,0,7
0,47,88.3,0,7
0,62,86.9,0,7
0,63,91.0,0,7
0,78,86.1,0,7
0,79,88.6,0,7
0,94,86.0,0,7
0,95,87.5,0,7
0,108,87.9,0,7
0,109,93.9,0,7
0,122,83.6,0,7
0,123,93.5,0,7
0,136,83.7,0,7
0,137,84.2,0,7
0,146,85.3,0,7
0,147,84.7,0,7
1,150,86.1,0,9
1,151,83.7,0,9
1,148,79.7,0,8
1,149,81.7,0,8
1,0,79.8,0,0
1,1,0.0,0,0
1,16,73.1,0,0
1,17,78.3,0,0
1,32,77.8,0,0
1,33,85.8,0,0
1,48,74.4,0,0
1,49,83.9,0,0
1,64,72.0,0,0
1,65,89.3,0,0
1,80,87.3,0,0
1,81,83.8,0,0
1,2,278.3,0,4
1,3,284.3,0,4
1,18,285.7,0,4
1,19,285.9,0,4
1,34,278.4,0,4
1,35,284.0,0,4
1,50,283.7,0,4
1,51,285.1,0,4
1,66,288.4,0,4
1,67,294.7,0,4
1,82,287.2,0,4
1,83,291.4,0,4
1,96,285.0,0,4
1,97,285.3,0,4
1,110,292.2,0,4
1,111,287.0,0,4
1,124,286.3,0,4
1,125,289.9,0,4
1,4,293.1,0,1
1,5,290.4,0,1
1,20,293.6,0,1
1,21,288.3,0,1
1,36,287.6,0,1
1,37,288.9,0,1
1,52,284.7,0,1
1,53,289.2,0,1
1,68,293.5,0,1
1,69,289.6,0,1
1,84,283.2,0,1
1,85,288.9,0,1
1,98,293.2,0,1
1,99,285.2,0,1
1,112,283.5,0,1
1,113,282.8,0,1
1,126,294.5,0,1
1,127,285.3,0,1
1,6,288.8,0,2
1,7,294.4,0,2
1,22,296.6,0,2
1,23,294.4,0,2
1,38,283.4,0,2
1,39,286.3,0,2
1,54,284.8,0,2
1,55,284.9,0,2
1,70,286.0,0,2
1,71,286.7,0,2
1,86,292.0,0,2
1,87,282.1,0,2
1,100,283.9,0,2
1,101,287.4,0,2
1,114,286.5,0,2
1,115,295.2,0,2
1,128,291.3,0,2
1,129,288.3,0,2
1,138,287.7,0,2
1,139,286.8,0,2
1,8,285.1,0,3
1,9,293.8,0,3
1,24,292.5,0,3
1,25,293.3,0,3
1,40,288.9,0,3
1,41,286.0,0,3
1,56,285.5,0,3
1,57,281.8,0,3
1,72,281.3,0,3
1,73,281.1,0,3
1,88,285.0,0,3
1,89,279.9,0,3
1,102,282.2,0,3
1,103,287.1,0,3
1,116,284.3,0,3
1,117,284.0,0,3
1,130,286.6,0,3
1,131,288.3,0,3
1,140,281.7,0,3
1,141,286.7,0,3
1,10,84.2,0,5
1,11,85.7,0,5
1,26,83.8,0,5
1,27,84.9,0,5
1,42,95.5,0,5
1,43,87.4,0,5
1,58,93.8,0,5
1,59,89.8,0,5
1,74,100.9,0,5
1,75,93.3,0,5
1,90,96.6,0,5
1,91,89.6,0,5
1,104,92.2,0,5
1,105,89.7,0,5
1,118,94.0,0,5
1,119,93.6,0,5
1,132,90.5,0,5
1,133,91.6,0,5
1,142,83.3,0,5
1,143,91.2,0,5
1,12,91.5,0,6
1,13,92.7,0,6
1,28,104.7,0,6
1,29,87.9,0,6
1,44,92.2,0,6
1,45,91.7,0,6
1,60,87.9,0,6
1,61,91.4,0,6
1,76,89.1,0,6
1,77,83.8,0,6
1,92,88.7,0,6
1,93,85.7,0,6
1,106,92.0,0,6
1,107,90.1,0,6
1,120,86.2,0,6
1,121,87.8,0,6
1,134,87.9,0,6
1,135,90.9,0,6
1,144,95.6,0,6
1,145,88.2,0,6
1,14,90.1,0,7
1,15,99.7,0,7
1,30,86.2,0,7
1,31,88.6,0,7
1,46,93.8,0,7
1,47,96.1,0,7
1,62,95.1,0,7
1,63,84.3,0,7
1,78,88.4,0,7
1,79,78.6,0,7
1,94,89.7,0,7
1,95,75.6,0,7
1,108,78.9,0,7
1,109,83.6,0,7
1,122,94.6,0,7
1,123,86.2,0,7
1,136,86.6,0,7
1,137,87.0,0,7
1,146,89.2,0,7
1,147,66.0,0,7
16,150,86.1,0,9
16,151,84.2,0,9
16,148,82.6,0,8
16,149,59.7,0,8
16,0,74.0,0,0
16,1,73.1,0,0
16,16,0.0,0,0
16,17,85.4,0,0
16,32,72.2,0,0
16,33,77.1,0,0
16,48,81.4,0,0
16,49,81.9,0,0
16,64,83.5,0,0
16,65,90.9,0,0
16,80,83.4,0,0
16,81,84.2,0,0
16,2,276.6,0,4
16,3,282.2,0,4
16,18,283.2,0,4
16,19,283.4,0,4
16,34,276.4,0,4
16,35,281.9,0,4
16,50,282.7,0,4
16,51,285.1,0,4
16,66,287.0,0,4
16,67,292.6,0,4
16,82,285.2,0,4
16,83,288.9,0,4
16,96,283.5,0,4
16,97,283.6,0,4
16,110,291.0,0,4
16,111,283.9,0,4
16,124,284.2,0,4
16,125,288.2,0,4
16,4,290.5,0,1
16,5,287.3,0,1
16,20,290.6,0,1
16,21,285.3,0,1
16,36,286.2,0,1
16,37,285.8,0,1
16,52,281.4,0,1
16,53,286.3,0,1
16,68,290.3,0,1
16,69,287.0,0,1
16,84,279.3,0,1
16,85,285.8,0,1
16,98,290.3,0,1
16,99,282.4,0,1
16,112,281.4,0,1
16,113,280.4,0,1
16,126,291.3,0,1
16,127,283.0,0,1
16,6,286.5,0,2
16,7,291.4,0,2
16,22,294.2,0,2
16,23,291.9,0,2
16,38,281.4,0,2
16,39,283.9,0,2
16,54,283.1,0,2
16,55,283.4,0,2
16,70,284.0,0,2
16,71,285.0,0,2
16,86,289.1,0,2
16,87,280.3,0,2
16,100,282.5,0,2
16,101,285.6,0,2
16,114,285.4,0,2
16,115,293.1,0,2
16,128,289.9,0,2
16,129,285.2,0,2
16,138,284.4,0,2
16,139,282.7,0,2
16,8,281.3,0,3
16,9,290.7,0,3
16,24,289.6,0,3
16,25,291.2,0,3
16,40,286.2,0,3
16,41,283.3,0,3
16,56,282.7,0,3
16,57,278.6,0,3
16,72,278.4,0,3
16,73,278.3,0,3
16,88,282.5,0,3
16,89,277.3,0,3
16,102,279.0,0,3
16,103,283.6,0,3
16,116,281.4,0,3
16,117,282.9,0,3
16,130,283.6,0,3
16,131,286.0,0,3
16,140,278.3,0,3
16,141,284.7,0,3
16,10,89.9,0,5
16,11,84.5,0,5
16,26,88.3,0,5
16,27,88.9,0,5
16,42,87.1,0,5
16,43,94.7,0,5
16,58,89.7,0,5
16,59,88.2,0,5
16,74,84.4,0,5
16,75,89.6,0,5
16,90,87.1,0,5
16,91,83.0,0,5
16,104,89.3,0,5
16,105,78.2,0,5
16,118,88.8,0,5
16,119,89.3,0,5
16,132,86.5,0,5
16,133,93.4,0,5
16,142,87.7,0,5
16,143,84.7,0,5
16,12,90.5,0,6
16,13,88.4,0,6
16,28,94.1,0,6
16,29,85.3,0,6
16,44,81.2,0,6
16,45,78.5,0,6
16,60,90.2,0,6
16,61,90.9,0,6
16,76,85.2,0,6
16,77,76.9,0,6
16,92,89.7,0,6
16,93,89.9,0,6
16,106,90.7,0,6
16,107,95.6,0,6
16,120,87.8,0,6
16,121,86.5,0,6
16,134,89.9,0,6
16,135,94.0,0,6
16,144,93.8,0,6
16,145,94.5,0,6
16,14,100.1,0,7
16,15,96.3,0,7
16,30,94.0,0,7
16,31,89.3,0,7
16,46,93.8,0,7
16,47,91.7,0,7
16,62,90.2,0,7
16,63,96.7,0,7
16,78,78.7,0,7
16,79,95.8,0,7
16,94,85.4,0,7
16,95,86.7,0,7
16,108,82.9,0,7
16,109,88.2,0,7
16,122,82.0,0,7
16,123,90.9,0,7
16,136,84.9,0,7
16,137,83.7,0,7
16,146,92.3,0,7
16,147,83.1,0,7
17,150,75.5,0,9
17,151,78.2,0,9
17,148,76.7,0,8
17,149,75.4,0,8
17,0,83.8,0,0
17,1,78.3,0,0
17,16,85.4,0,0
17,17,0.0,0,0
17,32,68.1,0,0
17,33,69.1,0,0
17,48,74.3,0,0
17,49,64.2,0,0
17,64,78.1,0,0
17,65,79.9,0,0
17,80,85.0,0,0
17,81,77.8,0,0
17,2,282.3,0,4
17,3,287.9,0,4
17,18,288.0,0,4
17,19,288.1,0,4
17,34,281.6,0,4
17,35,286.9,0,4
17,50,286.9,0,4
17,51,290.3,0,4
17,66,291.9,0,4
17,67,296.8,0,4
17,82,290.2,0,4
17,83,294.8,0,4
17,96,288.5,0,4
17,97,288.7,0,4
17,110,295.7,0,4
17,111,290.2,0,4
17,124,289.0,0,4
17,125,293.0,0,4
17,4,295.3,0,1
17,5,292.0,0,1
17,20,295.7,0,1
17,21,290.4,0,1
17,36,291.6,0,1
17,37,291.5,0,1
17,52,287.8,0,1
17,53,290.9,0,1
17,68,295.9,0,1
17,69,291.6,0,1
17,84,285.9,0,1
17,85,292.1,0,1
17,98,295.0,0,1
17,99,286.9,0,1
17,112,287.4,0,1
17,113,284.5,0,1
17,126,295.8,0,1
17,127,287.8,0,1
17,6,290.4,0,2
17,7,295.9,0,2
17,22,297.6,0,2
17,23,295.8,0,2
17,38,285.8,0,2
17,39,289.0,0,2
17,54,288.0,0,2
17,55,288.1,0,2
17,70,289.5,0,2
17,71,289.2,0,2
17,86,293.7,0,2
17,87,286.2,0,2
17,100,286.1,0,2
17,101,289.1,0,2
17,114,288.8,0,2
17,115,297.5,0,2
17,128,294.1,0,2
17,129,291.1,0,2
17,138,290.3,0,2
17,139,289.4,0,2
17,8,287.7,0,3
17,9,294.6,0,3
17,24,294.3,0,3
17,25,295.8,0,3
17,40,291.3,0,3
17,41,288.6,0,3
17,56,288.1,0,3
17,57,285.4,0,3
17,72,285.1,0,3
17,73,286.0,0,3
17,88,287.7,0,3
17,89,284.6,0,3
17,102,285.6,0,3
17,103,289.2,0,3
17,116,286.4,0,3
17,117,288.2,0,3
17,130,289.5,0,3
17,131,291.9,0,3
17,140,285.1,0,3
17,141,288.8,0,3
17,10,80.2,0,5
17,11,88.7,0,5
17,26,83.4,0,5
17,27,85.0,0,5
17,42,88.1,0,5
17,43,90.5,0,5
17,58,84.3,0,5
17,59,90.8,0,5
17,74,103.2,0,5
17,75,84.6,0,5
17,90,87.6,0,5
17,91,87.0,0,5
17,104,87.2,0,5
17,105,85.7,0,5
17,118,83.0,0,5
17,119,84.5,0,5
17,132,81.2,0,5
17,133,77.8,0,5
17,142,82.0,0,5
17,143,83.5,0,5
17,12,88.3,0,6
17,13,87.2,0,6
17,28,89.3,0,6
17,29,81.0,0,6
17,44,90.0,0,6
17,45,89.1,0,6
17,60,86.1,0,6
17,61,86.2,0,6
17,76,91.4,0,6
17,77,89.3,0,6
17,92,82.0,0,6
17,93,83.7,0,6
17,106,85.2,0,6
17,107,82.4,0,6
17,120,77.7,0,6
17,121,78.8,0,6
17,134,83.8,0,6
17,135,94.5,0,6
17,144,88.3,0,6
17,145,106.9,0,6
17,14,92.4,0,7
17,15,82.5,0,7
17,30,89.9,0,7
17,31,84.0,0,7
17,46,83.7,0,7
17,47,95.0,0,7
17,62,84.2,0,7
17,63,90.1,0,7
17,78,87.7,0,7
17,79,96.0,0,7
17,94,84.7,0,7
17,95,84.1,0,7
17,108,85.2,0,7
17,109,88.7,0,7
17,122,94.1,0,7
17,123,85.1,0,7
17,136,83.2,0,7
17,137,81.4,0,7
17,146,82.1,0,7
17,147,82.0,0,7
32,150,71.4,0,9
32,151,73.5,0,9
32,148,68.7,0,8
32,149,62.0,0,8
32,0,78.8,0,0
32,1,77.8,0,0
32,16,72.2,0,0
32,17,68.1,0,0
32,32,0.0,0,0
32,33,67.9,0,0
32,48,67.8,0,0
32,49,53.3,0,0
32,64,69.5,0,0
32,65,75.2,0,0
32,80,78.7,0,0
32,81,79.8,0,0
32,2,284.6,0,4
32,3,289.9,0,4
32,18,290.3,0,4
32,19,291.0,0,4
32,34,284.3,0,4
32,35,290.8,0,4
32,50,290.5,0,4
32,51,293.2,0,4
32,66,294.6,0,4
32,67,299.4,0,4
32,82,292.9,0,4
32,83,296.8,0,4
32,96,291.1,0,4
32,97,291.8,0,4
32,110,297.7,0,4
32,111,292.4,0,4
32,124,292.0,0,4
32,125,295.6,0,4
32,4,297.1,0,1
32,5,294.5,0,1
32,20,297.6,0,1
32,21,292.8,0,1
32,36,293.3,0,1
32,37,294.2,0,1
32,52,290.0,0,1
32,53,293.3,0,1
32,68,297.7,0,1
32,69,294.0,0,1
32,84,288.3,0,1
32,85,293.5,0,1
32,98,297.3,0,1
32,99,289.9,0,1
32,112,290.0,0,1
32,113,288.0,0,1
32,126,298.0,0,1
32,127,290.6,0,1
32,6,294.2,0,2
32,7,297.4,0,2
32,22,300.5,0,2
32,23,298.5,0,2
32,38,289.1,0,2
32,39,291.8,0,2
32,54,291.9,0,2
32,55,291.5,0,2
32,70,292.9,0,2
32,71,293.6,0,2
32,86,296.4,0,2
32,87,289.9,0,2
32,100,290.4,0,2
32,101,292.9,0,2
32,114,292.6,0,2
32,115,299.6,0,2
32,128,297.2,0,2
32,129,293.8,0,2
32,138,292.7,0,2
32,139,291.0,0,2
32,8,290.1,0,3
32,9,297.3,0,3
32,24,296.5,0,3
32,25,297.9,0,3
32,40,293.9,0,3
32,41,290.5,0,3
32,56,290.0,0,3
32,57,287.4,0,3
32,72,287.3,0,3
32,73,288.3,0,3
32,88,290.3,0,3
32,89,285.8,0,3
32,102,287.3,0,3
32,103,291.8,0,3
32,116,289.5,0,3
32,117,290.9,0,3
32,130,291.9,0,3
32,131,293.5,0,3
32,140,288.2,0,3
32,141,292.1,0,3
32,10,78.6,0,5
32,11,78.8,0,5
32,26,81.1,0,5
32,27,83.0,0,5
32,42,79.5,0,5
32,43,85.5,0,5
32,58,77.6,0,5
32,59,74.9,0,5
32,74,97.4,0,5
32,75,75.5,0,5
32,90,78.2,0,5
32,91,75.8,0,5
32,104,71.6,0,5
32,105,77.1,0,5
32,118,80.5,0,5
32,119,82.3,0,5
32,132,75.8,0,5
32,133,75.2,0,5
32,142,77.1,0,5
32,143,74.0,0,5
32,12,79.6,0,6
32,13,80.3,0,6
32,28,83.4,0,6
32,29,75.6,0,6
32,44,81.2,0,6
32,45,85.6,0,6
32,60,85.7,0,6
32,61,82.1,0,6
32,76,81.0,0,6
32,77,81.6,0,6
32,92,75.6,0,6
32,93,75.3,0,6
32,106,81.5,0,6
32,107,83.6,0,6
32,120,78.8,0,6
32,121,66.5,0,6
32,134,72.3,0,6
32,135,83.7,0,6
32,144,81.6,0,6
32,145,99.8,0,6
32,14,93.8,0,7
32,15,85.3,0,7
32,30,86.6,0,7
32,31,78.4,0,7
32,46,80.7,0,7
32,47,89.9,0,7
32,62,81.0,0,7
32,63,93.6,0,7
32,78,86.3,0,7
32,79,91.7,0,7
32,94,84.4,0,7
32,95,76.9,0,7
32,108,81.6,0,7
32,109,86.8,0,7
32,122,92.8,0,7
32,123,78.3,0,7
32,136,77.0,0,7
32,137,68.2,0,7
32,146,81.8,0,7
32,147,81.8,0,7
33,150,79.5,0,9
33,151,80.2,0,9
33,148,76.0,0,8
33,149,64.3,0,8
33,0,80.2,0,0
33,1,85.8,0,0
33,16,77.1,0,0
33,17,69.1,0,0
33,32,67.9,0,0
33,33,0.0,0,0
33,48,69.4,0,0
33,49,64.0,0,0
33,64,75.2,0,0
33,65,84.7,0,0
33,80,77.9,0,0
33,81,80.8,0,0
33,2,283.1,0,4
33,3,287.8,0,4
33,18,289.0,0,4
33,19,289.2,0,4
33,34,282.7,0,4
33,35,289.1,0,4
33,50,288.9,0,4
33,51,291.9,0,4
33,66,293.2,0,4
33,67,298.3,0,4
33,82,291.7,0,4
33,83,295.9,0,4
33,96,289.8,0,4
33,97,290.5,0,4
33,110,297.0,0,4
33,111,289.6,0,4
33,124,290.5,0,4
33,125,294.4,0,4
33,4,296.4,0,1
33,5,293.5,0,1
33,20,296.4,0,1
33,21,290.5,0,1
33,36,292.6,0,1
33,37,292.8,0,1
33,52,288.8,0,1
33,53,291.8,0,1
33,68,296.7,0,1
33,69,292.3,0,1
33,84,285.4,0,1
33,85,293.0,0,1
33,98,295.8,0,1
33,99,288.1,0,1
33,112,287.9,0,1
33,113,286.5,0,1
33,126,297.0,0,1
33,127,288.9,0,1
33,6,292.3,0,2
33,7,297.1,0,2
33,22,299.3,0,2
33,23,296.5,0,2
33,38,287.1,0,2
33,39,289.4,0,2
33,54,288.0,0,2
33,55,289.1,0,2
33,70,289.7,0,2
33,71,291.2,0,2
33,86,294.9,0,2
33,87,287.3,0,2
33,100,288.4,0,2
33,101,291.1,0,2
33,114,291.1,0,2
33,115,298.6,0,2
33,128,295.5,0,2
33,129,291.0,0,2
33,138,290.9,0,2
33,139,289.0,0,2
33,8,287.9,0,3
33,9,295.0,0,3
33,24,295.1,0,3
33,25,296.7,0,3
33,40,292.1,0,3
33,41,288.3,0,3
33,56,288.5,0,3
33,57,286.0,0,3
33,72,284.5,0,3
33,73,285.7,0,3
33,88,288.1,0,3
33,89,284.2,0,3
33,102,285.6,0,3
33,103,289.3,0,3
33,116,287.5,0,3
33,117,288.7,0,3
33,130,288.9,0,3
33,131,292.6,0,3
33,140,285.4,0,3
33,141,289.8,0,3
33,10,80.2,0,5
33,11,80.0,0,5
33,26,83.6,0,5
33,27,85.2,0,5
33,42,75.2,0,5
33,43,88.8,0,5
33,58,79.1,0,5
33,59,86.3,0,5
33,74,93.4,0,5
33,75,80.0,0,5
33,90,79.3,0,5
33,91,85.9,0,5
33,104,84.7,0,5
33,105,68.5,0,5
33,118,72.3,0,5
33,119,82.4,0,5
33,132,76.0,0,5
33,133,80.5,0,5
33,142,80.3,0,5
33,143,73.8,0,5
33,12,85.2,0,6
33,13,82.2,0,6
33,28,85.1,0,6
33,29,80.8,0,6
33,44,78.9,0,6
33,45,80.0,0,6
33,60,84.3,0,6
33,61,87.0,0,6
33,76,83.4,0,6
33,77,86.8,0,6
33,92,82.8,0,6
33,93,82.4,0,6
33,106,84.9,0,6
33,107,88.3,0,6
33,120,83.2,0,6
33,121,80.8,0,6
33,134,85.3,0,6
33,135,94.3,0,6
33,144,83.7,0,6
33,145,99.5,0,6
33,14,96.3,0,7
33,15,90.9,0,7
33,30,94.0,0,7
33,31,87.8,0,7
33,46,87.7,0,7
33,47,93.7,0,7
33,62,84.4,0,7
33,63,90.7,0,7
33,78,84.3,0,7
33,79,95.4,0,7
33,94,85.6,0,7
33,95,87.5,0,7
33,108,89.6,0,7
33,109,92.7,0,7
33,122,87.8,0,7
33,123,84.6,0,7
33,136,78.7,0,7
33,137,87.2,0,7
33,146,85.4,0,7
33,147,85.4,0,7
48,150,78.8,0,9
48,151,74.6,0,9
48,148,70.9,0,8
48,149,69.5,0,8
48,0,83.6,0,0
48,1,74.4,0,0
48,16,81.4,0,0
48,17,74.3,0,0
48,32,67.8,0,0
48,33,69.4,0,0
48,48,0.0,0,0
48,49,64.9,0,0
48,64,65.6,0,0
48,65,79.0,0,0
48,80,77.0,0,0
48,81,70.3,0,0
48,2,285.3,0,4
48,3,290.7,0,4
48,18,291.1,0,4
48,19,291.4,0,4
48,34,285.6,0,4
48,35,290.7,0,4
48,50,289.2,0,4
48,51,292.8,0,4
48,66,294.7,0,4
48,67,299.5,0,4
48,82,293.1,0,4
48,83,296.9,0,4
48,96,290.8,0,4
48,97,291.6,0,4
48,110,298.1,0,4
48,111,292.2,0,4
48,124,291.7,0,4
48,125,295.9,0,4
48,4,297.7,0,1
48,5,295.0,0,1
48,20,297.2,0,1
48,21,293.2,0,1
48,36,293.7,0,1
48,37,295.2,0,1
48,52,290.6,0,1
48,53,293.8,0,1
48,68,299.3,0,1
48,69,294.6,0,1
48,84,288.9,0,1
48,85,294.6,0,1
48,98,297.8,0,1
48,99,290.3,0,1
48,112,290.0,0,1
48,113,288.4,0,1
48,126,298.4,0,1
48,127,291.0,0,1
48,6,294.1,0,2
48,7,298.6,0,2
48,22,300.1,0,2
48,23,298.5,0,2
48,38,289.5,0,2
48,39,291.9,0,2
48,54,291.2,0,2
48,55,291.6,0,2
48,70,291.5,0,2
48,71,293.2,0,2
48,86,296.7,0,2
48,87,289.4,0,2
48,100,289.9,0,2
48,101,292.6,0,2
48,114,292.3,0,2
48,115,299.7,0,2
48,128,296.6,0,2
48,129,294.3,0,2
48,138,292.0,0,2
48,139,292.6,0,2
48,8,290.1,0,3
48,9,298.3,0,3
48,24,296.4,0,3
48,25,297.9,0,3
48,40,294.2,0,3
48,41,291.3,0,3
48,56,290.8,0,3
48,57,288.5,0,3
48,72,287.5,0,3
48,73,289.8,0,3
48,88,290.5,0,3
48,89,286.9,0,3
48,102,287.9,0,3
48,103,291.8,0,3
48,116,289.8,0,3
48,117,290.3,0,3
48,130,291.9,0,3
48,131,294.8,0,3
48,140,288.0,0,3
48,141,291.9,0,3
48,10,77.7,0,5
48,11,87.6,0,5
48,26,78.2,0,5
48,27,90.2,0,5
48,42,86.5,0,5
48,43,89.4,0,5
48,58,80.0,0,5
48,59,87.9,0,5
48,74,103.3,0,5
48,75,87.3,0,5
48,90,84.4,0,5
48,91,84.1,0,5
48,104,75.4,0,5
48,105,82.2,0,5
48,118,80.2,0,5
48,119,91.1,0,5
48,132,83.3,0,5
48,133,86.0,0,5
48,142,77.0,0,5
48,143,81.3,0,5
48,12,79.3,0,6
48,13,81.5,0,6
48,28,90.6,0,6
48,29,84.8,0,6
48,44,88.5,0,6
48,45,85.0,0,6
48,60,78.9,0,6
48,61,84.5,0,6
48,76,83.8,0,6
48,77,86.2,0,6
48,92,83.8,0,6
48,93,77.6,0,6
48,106,84.7,0,6
48,107,83.4,0,6
48,120,84.2,0,6
48,121,73.4,0,6
48,134,73.5,0,6
48,135,92.2,0,6
48,144,91.3,0,6
48,145,102.5,0,6
48,14,95.1,0,7
48,15,94.5,0,7
48,30,90.8,0,7
48,31,89.6,0,7
48,46,85.2,0,7
48,47,93.3,0,7
48,62,82.3,0,7
48,63,85.0,0,7
48,78,86.3,0,7
48,79,88.6,0,7
48,94,80.8,0,7
48,95,75.3,0,7
48,108,83.9,0,7
48,109,88.2,0,7
48,122,89.0,0,7
48,123,82.1,0,7
48,136,79.9,0,7
48,137,81.0,0,7
48,146,87.6,0,7
48,147,74.7,0,7
49,150,73.3,0,9
49,151,75.5,0,9
49,148,74.0,0,8
49,149,71.0,0,8
49,0,80.4,0,0
49,1,83.9,0,0
49,16,81.9,0,0
49,17,64.2,0,0
49,32,53.3,0,0
49,33,64.0,0,0
49,48,64.9,0,0
49,49,0.0,0,0
49,64,69.2,0,0
49,65,73.2,0,0
49,80,80.0,0,0
49,81,81.7,0,0
49,2,285.4,0,4
49,3,290.7,0,4
49,18,291.9,0,4
49,19,292.0,0,4
49,34,285.8,0,4
49,35,292.5,0,4
49,50,292.0,0,4
49,51,295.0,0,4
49,66,296.3,0,4
49,67,300.5,0,4
49,82,294.1,0,4
49,83,298.1,0,4
49,96,292.1,0,4
49,97,293.6,0,4
49,110,299.0,0,4
49,111,293.3,0,4
49,124,292.6,0,4
49,125,296.4,0,4
49,4,298.4,0,1
49,5,295.7,0,1
49,20,298.7,0,1
49,21,294.4,0,1
49,36,295.0,0,1
49,37,295.5,0,1
49,52,291.2,0,1
49,53,294.3,0,1
49,68,298.9,0,1
49,69,294.8,0,1
49,84,289.4,0,1
49,85,294.9,0,1
49,98,298.4,0,1
49,99,290.9,0,1
49,112,291.1,0,1
49,113,289.5,0,1
49,126,298.6,0,1
49,127,291.3,0,1
49,6,295.0,0,2
49,7,298.2,0,2
49,22,301.2,0,2
49,23,299.6,0,2
49,38,290.4,0,2
49,39,292.8,0,2
49,54,293.2,0,2
49,55,292.8,0,2
49,70,293.6,0,2
49,71,294.6,0,2
49,86,297.4,0,2
49,87,290.7,0,2
49,100,290.7,0,2
49,101,293.0,0,2
49,114,293.2,0,2
49,115,300.6,0,2
49,128,297.8,0,2
49,129,294.8,0,2
49,138,293.6,0,2
49,139,292.5,0,2
49,8,291.2,0,3
49,9,298.7,0,3
49,24,297.4,0,3
49,25,298.9,0,3
49,40,294.6,0,3
49,41,291.3,0,3
49,56,291.0,0,3
49,57,289.0,0,3
49,72,288.4,0,3
49,73,289.9,0,3
49,88,291.3,0,3
49,89,287.0,0,3
49,102,288.7,0,3
49,103,292.5,0,3
49,116,289.7,0,3
49,117,291.6,0,3
49,130,292.7,0,3
49,131,295.0,0,3
49,140,289.3,0,3
49,141,292.3,0,3
49,10,81.9,0,5
49,11,83.5,0,5
49,26,83.5,0,5
49,27,88.3,0,5
49,42,79.3,0,5
49,43,90.7,0,5
49,58,77.3,0,5
49,59,82.3,0,5
49,74,100.2,0,5
49,75,79.1,0,5
49,90,77.3,0,5
49,91,81.7,0,5
49,104,78.4,0,5
49,105,80.2,0,5
49,118,82.1,0,5
49,119,88.1,0,5
49,132,80.6,0,5
49,133,76.0,0,5
49,142,78.1,0,5
49,143,72.8,0,5
49,12,81.0,0,6
49,13,88.6,0,6
49,28,86.1,0,6
49,29,83.2,0,6
49,44,85.1,0,6
49,45,87.1,0,6
49,60,86.3,0,6
49,61,84.8,0,6
49,76,84.9,0,6
49,77,84.4,0,6
49,92,78.6,0,6
49,93,78.9,0,6
49,106,79.5,0,6
49,107,81.4,0,6
49,120,82.3,0,6
49,121,71.0,0,6
49,134,74.5,0,6
49,135,86.0,0,6
49,144,79.9,0,6
49,145,102.2,0,6
49,14,94.0,0,7
49,15,83.5,0,7
49,30,89.0,0,7
49,31,81.9,0,7
49,46,78.3,0,7
49,47,87.9,0,7
49,62,80.7,0,7
49,63,89.8,0,7
49,78,88.3,0,7
49,79,92.3,0,7
49,94,78.6,0,7
49,95,81.0,0,7
49,108,85.1,0,7
49,109,88.9,0,7
49,122,94.6,0,7
49,123,81.8,0,7
49,136,77.3,0,7
49,137,71.6,0,7
49,146,85.5,0,7
49,147,88.2,0,7
64,150,79.2,0,9
64,151,79.8,0,9
64,148,71.9,0,8
64,149,74.7,0,8
64,0,80.5,0,0
64,1,72.0,0,0
64,16,83.5,0,0
64,17,78.1,0,0
64,32,69.5,0,0
64,33,75.2,0,0
64,48,65.6,0,0
64,49,69.2,0,0
64,64,0.0,0,0
64,65,78.5,0,0
64,80,80.8,0,0
64,81,79.2,0,0
64,2,282.9,0,4
64,3,289.6,0,4
64,18,290.5,0,4
64,19,290.8,0,4
64,34,284.3,0,4
64,35,290.1,0,4
64,50,289.0,0,4
64,51,290.4,0,4
64,66,293.9,0,4
64,67,298.6,0,4
64,82,292.3,0,4
64,83,296.1,0,4
64,96,289.5,0,4
64,97,290.6,0,4
64,110,296.7,0,4
64,111,291.4,0,4
64,124,291.1,0,4
64,125,293.8,0,4
64,4,297.2,0,1
64,5,294.3,0,1
64,20,297.0,0,1
64,21,292.9,0,1
64,36,292.9,0,1
64,37,294.0,0,1
64,52,289.7,0,1
64,53,293.2,0,1
64,68,298.3,0,1
64,69,294.2,0,1
64,84,287.6,0,1
64,85,294.4,0,1
64,98,297.3,0,1
64,99,289.8,0,1
64,112,288.7,0,1
64,113,288.4,0,1
64,126,298.3,0,1
64,127,290.6,0,1
64,6,294.1,0,2
64,7,298.4,0,2
64,22,300.5,0,2
64,23,298.2,0,2
64,38,289.2,0,2
64,39,290.7,0,2
64,54,291.0,0,2
64,55,290.5,0,2
64,70,291.8,0,2
64,71,293.2,0,2
64,86,295.6,0,2
64,87,288.9,0,2
64,100,288.8,0,2
64,101,292.1,0,2
64,114,292.4,0,2
64,115,299.4,0,2
64,128,296.1,0,2
64,129,294.1,0,2
64,138,292.3,0,2
64,139,291.9,0,2
64,8,290.2,0,3
64,9,297.4,0,3
64,24,296.0,0,3
64,25,298.0,0,3
64,40,293.8,0,3
64,41,290.5,0,3
64,56,290.0,0,3
64,57,287.7,0,3
64,72,287.0,0,3
64,73,288.8,0,3
64,88,289.4,0,3
64,89,285.9,0,3
64,102,286.7,0,3
64,103,291.4,0,3
64,116,289.1,0,3
64,117,289.4,0,3
64,130,291.5,0,3
64,131,292.8,0,3
64,140,287.4,0,3
64,141,291.0,0,3
64,10,75.4,0,5
64,11,80.9,0,5
64,26,69.6,0,5
64,27,87.3,0,5
64,42,79.1,0,5
64,43,82.1,0,5
64,58,80.5,0,5
64,59,81.2,0,5
64,74,98.5,0,5
64,75,78.3,0,5
64,90,81.7,0,5
64,91,76.7,0,5
64,104,78.3,0,5
64,105,84.2,0,5
64,118,87.1,0,5
64,119,84.3,0,5
64,132,82.6,0,5
64,133,81.7,0,5
64,142,81.3,0,5
64,143,76.5,0,5
64,12,83.0,0,6
64,13,88.2,0,6
64,28,86.6,0,6
64,29,85.3,0,6
64,44,88.0,0,6
64,45,87.7,0,6
64,60,86.0,0,6
64,61,85.0,0,6
64,76,75.8,0,6
64,77,87.4,0,6
64,92,81.3,0,6
64,93,72.8,0,6
64,106,86.5,0,6
64,107,83.6,0,6
64,120,80.9,0,6
64,121,72.0,0,6
64,134,76.3,0,6
64,135,89.2,0,6
64,144,90.4,0,6
64,145,95.8,0,6
64,14,90.1,0,7
64,15,94.9,0,7
64,30,82.3,0,7
64,31,82.7,0,7
64,46,84.7,0,7
64,47,94.9,0,7
64,62,89.1,0,7
64,63,82.2,0,7
64,78,88.3,0,7
64,79,84.7,0,7
64,94,82.4,0,7
64,95,70.9,0,7
64,108,85.2,0,7
64,109,87.2,0,7
64,122,88.4,0,7
64,123,85.5,0,7
64,136,82.7,0,7
64,137,78.6,0,7
64,146,82.5,0,7
64,147,77.3,0,7
65,150,82.2,0,9
65,151,82.5,0,9
65,148,71.2,0,8
65,149,82.0,0,8
65,0,88.1,0,0
65,1,89.3,0,0
65,16,90.9,0,0
65,17,79.9,0,0
65,32,75.2,0,0
65,33,84.7,0,0
65,48,79.0,0,0
65,49,73.2,0,0
65,64,78.5,0,0
65,65,0.0,0,0
65,80,67.9,0,0
65,81,66.4,0,0
65,2,280.7,0,4
65,3,287.0,0,4
65,18,287.3,0,4
65,19,288.5,0,4
65,34,281.7,0,4
65,35,289.3,0,4
65,50,288.8,0,4
65,51,291.0,0,4
65,66,292.8,0,4
65,67,297.4,0,4
65,82,291.8,0,4
65,83,294.8,0,4
65,96,288.9,0,4
65,97,290.3,0,4
65,110,295.4,0,4
65,111,290.5,0,4
65,124,290.1,0,4
65,125,292.9,0,4
65,4,294.8,0,1
65,5,292.6,0,1
65,20,295.4,0,1
65,21,291.5,0,1
65,36,291.5,0,1
65,37,291.7,0,1
65,52,288.5,0,1
65,53,291.0,0,1
65,68,297.0,0,1
65,69,291.4,0,1
65,84,287.0,0,1
65,85,292.0,0,1
65,98,295.6,0,1
65,99,287.9,0,1
65,112,287.3,0,1
65,113,286.1,0,1
65,126,294.9,0,1
65,127,288.4,0,1
65,6,292.3,0,2
65,7,295.8,0,2
65,22,298.5,0,2
65,23,296.6,0,2
65,38,287.2,0,2
65,39,290.0,0,2
65,54,290.9,0,2
65,55,289.3,0,2
65,70,290.0,0,2
65,71,291.3,0,2
65,86,294.5,0,2
65,87,287.0,0,2
65,100,288.1,0,2
65,101,290.0,0,2
65,114,290.7,0,2
65,115,298.0,0,2
65,128,295.0,0,2
65,129,291.6,0,2
65,138,290.7,0,2
65,139,290.7,0,2
65,8,288.4,0,3
65,9,295.7,0,3
65,24,293.8,0,3
65,25,295.5,0,3
65,40,291.2,0,3
65,41,287.8,0,3
65,56,286.5,0,3
65,57,284.0,0,3
65,72,285.2,0,3
65,73,285.6,0,3
65,88,287.7,0,3
65,89,284.4,0,3
65,102,284.4,0,3
65,103,288.8,0,3
65,116,286.9,0,3
65,117,287.4,0,3
65,130,288.9,0,3
65,131,288.9,0,3
65,140,285.1,0,3
65,141,289.4,0,3
65,10,83.0,0,5
65,11,87.5,0,5
65,26,80.0,0,5
65,27,85.6,0,5
65,42,88.5,0,5
65,43,86.1,0,5
65,58,74.1,0,5
65,59,81.0,0,5
65,74,99.7,0,5
65,75,80.4,0,5
65,90,81.3,0,5
65,91,77.2,0,5
65,104,72.4,0,5
65,105,87.5,0,5
65,118,86.7,0,5
65,119,87.1,0,5
65,132,79.4,0,5
65,133,81.6,0,5
65,142,79.4,0,5
65,143,81.3,0,5
65,12,87.3,0,6
65,13,85.0,0,6
65,28,93.2,0,6
65,29,84.0,0,6
65,44,94.8,0,6
65,45,93.9,0,6
65,60,88.7,0,6
65,61,87.2,0,6
65,76,89.3,0,6
65,77,88.2,0,6
65,92,86.4,0,6
65,93,84.2,0,6
65,106,92.4,0,6
65,107,84.4,0,6
65,120,84.7,0,6
65,121,79.2,0,6
65,134,83.5,0,6
65,135,85.0,0,6
65,144,83.1,0,6
65,145,102.4,0,6
65,14,90.8,0,7
65,15,87.1,0,7
65,30,85.3,0,7
65,31,86.6,0,7
65,46,87.0,0,7
65,47,91.9,0,7
65,62,89.9,0,7
65,63,97.3,0,7
65,78,95.8,0,7
65,79,96.7,0,7
65,94,87.0,0,7
65,95,85.6,0,7
65,108,85.6,0,7
65,109,94.9,0,7
65,122,88.6,0,7
65,123,88.3,0,7
65,136,80.3,0,7
65,137,82.9,0,7
65,146,89.6,0,7
65,147,85.9,0,7
80,150,79.0,0,9
80,151,76.9,0,9
80,148,81.1,0,8
80,149,71.0,0,8
80,0,82.6,0,0
80,1,87.3,0,0
80,16,83.4,0,0
80,17,85.0,0,0
80,32,78.7,0,0
80,33,77.9,0,0
80,48,77.0,0,0
80,49,80.0,0,0
80,64,80.8,0,0
80,65,67.9,0,0
80,80,0.0,0,0
80,81,66.3,0,0
80,2,280.8,0,4
80,3,286.7,0,4
80,18,286.7,0,4
80,19,287.2,0,4
80,34,281.5,0,4
80,35,288.8,0,4
80,50,287.5,0,4
80,51,290.0,0,4
80,66,291.4,0,4
80,67,297.0,0,4
80,82,291.2,0,4
80,83,294.4,0,4
80,96,289.0,0,4
80,97,289.0,0,4
80,110,295.0,0,4
80,111,289.6,0,4
80,124,289.6,0,4
80,125,293.1,0,4
80,4,294.7,0,1
80,5,292.3,0,1
80,20,294.8,0,1
80,21,290.4,0,1
80,36,290.5,0,1
80,37,291.7,0,1
80,52,287.9,0,1
80,53,289.6,0,1
80,68,296.3,0,1
80,69,291.0,0,1
80,84,285.7,0,1
80,85,291.6,0,1
80,98,295.2,0,1
80,99,287.0,0,1
80,112,285.8,0,1
80,113,285.3,0,1
80,126,294.5,0,1
80,127,287.3,0,1
80,6,291.5,0,2
80,7,295.9,0,2
80,22,298.4,0,2
80,23,295.7,0,2
80,38,286.5,0,2
80,39,289.9,0,2
80,54,290.4,0,2
80,55,288.0,0,2
80,70,287.8,0,2
80,71,289.9,0,2
80,86,294.2,0,2
80,87,285.5,0,2
80,100,288.5,0,2
80,101,290.1,0,2
80,114,289.9,0,2
80,115,297.3,0,2
80,128,294.5,0,2
80,129,290.1,0,2
80,138,287.8,0,2
80,139,289.4,0,2
80,8,287.0,0,3
80,9,295.3,0,3
80,24,293.5,0,3
80,25,294.4,0,3
80,40,290.5,0,3
80,41,286.3,0,3
80,56,286.1,0,3
80,57,283.3,0,3
80,72,283.5,0,3
80,73,284.4,0,3
80,88,287.2,0,3
80,89,283.6,0,3
80,102,283.0,0,3
80,103,287.8,0,3
80,116,286.4,0,3
80,117,286.6,0,3
80,130,287.6,0,3
80,131,290.0,0,3
80,140,283.8,0,3
80,141,287.9,0,3
80,10,77.9,0,5
80,11,81.7,0,5
80,26,75.6,0,5
80,27,77.3,0,5
80,42,84.5,0,5
80,43,97.6,0,5
80,58,88.0,0,5
80,59,85.2,0,5
80,74,98.1,0,5
80,75,86.7,0,5
80,90,88.8,0,5
80,91,82.4,0,5
80,104,83.7,0,5
80,105,68.6,0,5
80,118,86.6,0,5
80,119,92.4,0,5
80,132,83.0,0,5
80,133,89.4,0,5
80,142,87.2,0,5
80,143,85.3,0,5
80,12,94.5,0,6
80,13,91.6,0,6
80,28,97.0,0,6
80,29,81.1,0,6
80,44,90.7,0,6
80,45,84.2,0,6
80,60,79.7,0,6
80,61,87.2,0,6
80,76,79.3,0,6
80,77,83.1,0,6
80,92,83.0,0,6
80,93,83.8,0,6
80,106,92.2,0,6
80,107,91.9,0,6
80,120,84.6,0,6
80,121,84.4,0,6
80,134,88.7,0,6
80,135,86.2,0,6
80,144,86.9,0,6
80,145,92.9,0,6
80,14,92.5,0,7
80,15,89.1,0,7
80,30,87.4,0,7
80,31,86.6,0,7
80,46,88.7,0,7
80,47,91.3,0,7
80,62,87.1,0,7
80,63,90.7,0,7
80,78,89.1,0,7
80,79,95.1,0,7
80,94,86.3,0,7
80,95,87.1,0,7
80,108,83.7,0,7
80,109,87.1,0,7
80,122,92.9,0,7
80,123,81.7,0,7
80,136,83.2,0,7
80,137,91.5,0,7
80,146,89.2,0,7
80,147,89.2,0,7
81,150,87.6,0,9
81,151,83.8,0,9
81,148,83.1,0,8
81,149,74.5,0,8
81,0,87.3,0,0
81,1,83.8,0,0
81,16,84.2,0,0
81,17,77.8,0,0
81,32,79.8,0,0
81,33,80.8,0,0
81,48,70.3,0,0
81,49,81.7,0,0
81,64,79.2,0,0
81,65,66.4,0,0
81,80,66.3,0,0
81,81,0.0,0,0
81,2,274.8,0,4
81,3,280.5,0,4
81,18,281.7,0,4
81,19,282.4,0,4
81,34,276.2,0,4
81,35,283.3,0,4
81,50,281.4,0,4
81,51,284.4,0,4
81,66,286.5,0,4
81,67,291.7,0,4
81,82,285.5,0,4
81,83,289.1,0,4
81,96,282.5,0,4
81,97,283.9,0,4
81,110,290.1,0,4
81,111,284.1,0,4
81,124,284.1,0,4
81,125,287.2,0,4
81,4,289.6,0,1
81,5,287.2,0,1
81,20,290.1,0,1
81,21,284.5,0,1
81,36,285.4,0,1
81,37,286.8,0,1
81,52,282.9,0,1
81,53,285.6,0,1
81,68,291.5,0,1
81,69,286.4,0,1
81,84,279.5,0,1
81,85,286.9,0,1
81,98,290.2,0,1
81,99,282.5,0,1
81,112,281.6,0,1
81,113,280.6,0,1
81,126,290.3,0,1
81,127,282.4,0,1
81,6,286.9,0,2
81,7,290.9,0,2
81,22,293.3,0,2
81,23,291.0,0,2
81,38,281.3,0,2
81,39,283.8,0,2
81,54,282.8,0,2
81,55,282.8,0,2
81,70,282.0,0,2
81,71,283.0,0,2
81,86,288.0,0,2
81,87,280.3,0,2
81,100,281.1,0,2
81,101,284.3,0,2
81,114,283.6,0,2
81,115,291.8,0,2
81,128,288.5,0,2
81,129,285.1,0,2
81,138,283.9,0,2
81,139,283.6,0,2
81,8,281.6,0,3
81,9,289.4,0,3
81,24,288.8,0,3
81,25,289.9,0,3
81,40,284.8,0,3
81,41,282.3,0,3
81,56,281.8,0,3
81,57,279.1,0,3
81,72,279.0,0,3
81,73,280.4,0,3
81,88,282.0,0,3
81,89,277.3,0,3
81,102,279.1,0,3
81,103,282.8,0,3
81,116,281.5,0,3
81,117,281.3,0,3
81,130,282.5,0,3
81,131,285.0,0,3
81,140,276.9,0,3
81,141,283.0,0,3
81,10,81.1,0,5
81,11,84.4,0,5
81,26,81.1,0,5
81,27,85.1,0,5
81,42,83.7,0,5
81,43,88.3,0,5
81,58,84.6,0,5
81,59,86.2,0,5
81,74,94.9,0,5
81,75,89.1,0,5
81,90,79.3,0,5
81,91,87.0,0,5
81,104,82.7,0,5
81,105,80.3,0,5
81,118,85.7,0,5
81,119,87.2,0,5
81,132,83.8,0,5
81,133,88.8,0,5
81,142,82.6,0,5
81,143,82.8,0,5
81,12,89.9,0,6
81,13,88.0,0,6
81,28,96.1,0,6
81,29,85.6,0,6
81,44,91.9,0,6
81,45,83.2,0,6
81,60,82.9,0,6
81,61,86.5,0,6
81,76,88.1,0,6
81,77,91.6,0,6
81,92,83.8,0,6
81,93,87.5,0,6
81,106,91.1,0,6
81,107,84.1,0,6
81,120,86.7,0,6
81,121,87.3,0,6
81,134,88.1,0,6
81,135,91.2,0,6
81,144,90.6,0,6
81,145,98.8,0,6
81,14,95.8,0,7
81,15,96.5,0,7
81,30,93.0,0,7
81,31,91.8,0,7
81,46,92.5,0,7
81,47,92.0,0,7
81,62,86.7,0,7
81,63,87.5,0,7
81,78,90.0,0,7
81,79,92.5,0,7
81,94,90.2,0,7
81,95,85.5,0,7
81,108,90.2,0,7
81,109,91.4,0,7
81,122,83.9,0,7
81,123,84.8,0,7
81,136,83.0,0,7
81,137,94.0,0,7
81,146,97.2,0,7
81,147,90.5,0,7
2,150,281.8,4,9
2,151,286.3,4,9
2,148,285.6,4,8
2,149,279.9,4,8
2,0,275.3,4,0
2,1,278.3,4,0
2,16,276.6,4,0
2,17,282.3,4,0
2,32,284.6,4,0
2,33,283.1,4,0
2,48,285.3,4,0
2,49,285.4,4,0
2,64,282.9,4,0
2,65,280.7,4,0
2,80,280.8,4,0
2,81,274.8,4,0
2,2,0.0,4,4
2,3,67.8,4,4
2,18,72.7,4,4
2,19,73.2,4,4
2,34,70.9,4,4
2,35,92.4,4,4
2,50,85.2,4,4
2,51,79.4,4,4
2,66,85.8,4,4
2,67,83.3,4,4
2,82,87.8,4,4
2,83,87.1,4,4
2,96,83.3,4,4
2,97,93.3,4,4
2,110,77.3,4,4
2,111,81.4,4,4
2,124,89.0,4,4
2,125,67.8,4,4
2,4,82.4,4,1
2,5,87.8,4,1
2,20,74.6,4,1
2,21,89.2,4,1
2,36,77.6,4,1
2,37,91.6,4,1
2,52,101.3,4,1
2,53,83.9,4,1
2,68,91.9,4,1
2,69,84.1,4,1
2,84,90.2,4,1
2,85,90.1,4,1
2,98,96.3,4,1
2,99,94.6,4,1
2,112,89.4,4,1
2,113,89.2,4,1
2,126,83.2,4,1
2,127,85.5,4,1
2,6,92.9,4,2
2,7,81.1,4,2
2,22,88.0,4,2
2,23,91.3,4,2
2,38,87.1,4,2
2,39,89.4,4,2
2,54,102.4,4,2
2,55,86.5,4,2
2,70,88.7,4,2
2,71,95.6,4,2
2,86,83.0,4,2
2,87,90.6,4,2
2,100,83.5,4,2
2,101,91.5,4,2
2,114,95.0,4,2
2,115,82.5,4,2
2,128,77.4,4,2
2,129,86.8,4,2
2,138,88.8,4,2
2,139,86.8,4,2
2,8,91.9,4,3
2,9,85.4,4,3
2,24,85.9,4,3
2,25,85.4,4,3
2,40,86.7,4,3
2,41,83.4,4,3
2,56,83.9,4,3
2,57,88.9,4,3
2,72,89.6,4,3
2,73,98.5,4,3
2,88,86.3,4,3
2,89,88.5,4,3
2,102,85.8,4,3
2,103,92.4,4,3
2,116,88.3,4,3
2,117,78.3,4,3
2,130,83.9,4,3
2,131,80.5,4,3
2,140,89.7,4,3
2,141,86.0,4,3
2,10,276.0,4,5
2,11,271.6,4,5
2,26,273.4,4,5
2,27,271.5,4,5
2,42,274.2,4,5
2,43,275.2,4,5
2,58,279.4,4,5
2,59,273.0,4,5
2,74,267.3,4,5
2,75,276.7,4,5
2,90,275.2,4,5
2,91,280.0,4,5
2,104,277.8,4,5
2,105,274.0,4,5
2,118,276.8,4,5
2,119,276.7,4,5
2,132,276.2,4,5
2,133,282.9,4,5
2,142,279.6,4,5
2,143,281.6,4,5
2,12,280.3,4,6
2,13,278.4,4,6
2,28,280.9,4,6
2,29,282.3,4,6
2,44,276.6,4,6
2,45,279.7,4,6
2,60,278.6,4,6
2,61,284.1,4,6
2,76,281.0,4,6
2,77,281.7,4,6
2,92,283.1,4,6
2,93,288.5,4,6
2,106,284.4,4,6
2,107,282.7,4,6
2,120,279.3,4,6
2,121,291.4,4,6
2,134,287.3,4,6
2,135,276.2,4,6
2,144,280.2,4,6
2,145,270.8,4,6
2,14,272.7,4,7
2,15,277.5,4,7
2,30,277.8,4,7
2,31,276.2,4,7
2,46,282.1,4,7
2,47,277.0,4,7
2,62,280.2,4,7
2,63,276.2,4,7
2,78,279.1,4,7
2,79,277.6,4,7
2,94,282.0,4,7
2,95,278.4,4,7
2,108,282.9,4,7
2,109,281.4,4,7
2,122,274.6,4,7
2,123,283.3,4,7
2,136,283.2,4,7
2,137,282.8,4,7
2,146,283.6,4,7
2,147,281.7,4,7
3,150,288.3,4,9
3,151,290.3,4,9
3,148,291.4,4,8
3,149,285.4,4,8
3,0,282.2,4,0
3,1,284.3,4,0
3,16,282.2,4,0
3,17,287.9,4,0
3,32,289.9,4,0
3,33,287.8,4,0
3,48,290.7,4,0
3,49,290.7,4,0
3,64,289.6,4,0
3,65,287.0,4,0
3,80,286.7,4,0
3,81,280.5,4,0
3,2,67.8,4,4
3,3,0.0,4,4
3,18,61.1,4,4
3,19,65.5,4,4
3,34,70.0,4,4
3,35,93.3,4,4
3,50,92.1,4,4
3,51,99.5,4,4
3,66,91.4,4,4
3,67,83.0,4,4
3,82,93.6,4,4
3,83,85.5,4,4
3,96,83.8,4,4
3,97,97.2,4,4
3,110,83.2,4,4
3,111,79.7,4,4
3,124,85.5,4,4
3,125,80.3,4,4
3,4,78.7,4,1
3,5,83.8,4,1
3,20,77.4,4,1
3,21,82.3,4,1
3,36,87.7,4,1
3,37,92.3,4,1
3,52,93.6,4,1
3,53,84.9,4,1
3,68,92.8,4,1
3,69,82.6,4,1
3,84,90.3,4,1
3,85,82.4,4,1
3,98,89.9,4,1
3,99,91.9,4,1
3,112,97.8,4,1
3,113,91.9,4,1
3,126,83.1,4,1
3,127,79.1,4,1
3,6,89.9,4,2
3,7,77.7,4,2
3,22,80.8,4,2
3,23,81.5,4,2
3,38,81.4,4,2
3,39,83.5,4,2
3,54,90.5,4,2
3,55,83.8,4,2
3,70,83.5,4,2
3,71,80.7,4,2
3,86,71.1,4,2
3,87,84.4,4,2
3,100,84.6,4,2
3,101,80.4,4,2
3,114,87.1,4,2
3,115,75.7,4,2
3,128,76.1,4,2
3,129,80.9,4,2
3,138,88.2,4,2
3,139,76.8,4,2
3,8,81.7,4,3
3,9,84.4,4,3
3,24,82.5,4,3
3,25,73.5,4,3
3,40,86.4,4,3
3,41,87.8,4,3
3,56,83.7,4,3
3,57,98.1,4,3
3,72,94.9,4,3
3,73,98.9,4,3
3,88,87.9,4,3
3,89,83.4,4,3
3,102,85.8,4,3
3,103,90.6,4,3
3,116,87.1,4,3
3,117,92.3,4,3
3,130,81.2,4,3
3,131,87.1,4,3
3,140,90.6,4,3
3,141,89.9,4,3
3,10,282.7,4,5
3,11,279.1,4,5
3,26,280.4,4,5
3,27,278.7,4,5
3,42,280.9,4,5
3,43,282.7,4,5
3,58,286.1,4,5
3,59,280.3,4,5
3,74,275.5,4,5
3,75,283.6,4,5
3,90,281.1,4,5
3,91,286.3,4,5
3,104,285.0,4,5
3,105,279.9,4,5
3,118,282.3,4,5
3,119,282.7,4,5
3,132,282.1,4,5
3,133,288.9,4,5
3,142,284.5,4,5
3,143,286.9,4,5
3,12,286.1,4,6
3,13,283.9,4,6
3,28,288.3,4,6
3,29,288.7,4,6
3,44,283.3,4,6
3,45,284.2,4,6
3,60,284.4,4,6
3,61,288.5,4,6
3,76,287.0,4,6
3,77,287.7,4,6
3,92,289.2,4,6
3,93,293.0,4,6
3,106,288.3,4,6
3,107,287.4,4,6
3,120,285.2,4,6
3,121,297.1,4,6
3,134,292.8,4,6
3,135,281.3,4,6
3,144,286.1,4,6
3,145,278.9,4,6
3,14,279.5,4,7
3,15,284.3,4,7
3,30,285.1,4,7
3,31,283.2,4,7
3,46,287.2,4,7
3,47,281.9,4,7
3,62,285.6,4,7
3,63,283.9,4,7
3,78,285.2,4,7
3,79,283.5,4,7
3,94,287.6,4,7
3,95,285.7,4,7
3,108,288.1,4,7
3,109,285.6,4,7
3,122,280.1,4,7
3,123,287.8,4,7
3,136,287.8,4,7
3,137,288.7,4,7
3,146,290.2,4,7
3,147,287.7,4,7
18,150,288.2,4,9
18,151,292.5,4,9
18,148,292.6,4,8
18,149,286.3,4,8
18,0,284.0,4,0
18,1,285.7,4,0
18,16,283.2,4,0
18,17,288.0,4,0
18,32,290.3,4,0
18,33,289.0,4,0
18,48,291.1,4,0
18,49,291.9,4,0
18,64,290.5,4,0
18,65,287.3,4,0
18,80,286.7,4,0
18,81,281.7,4,0
18,2,72.7,4,4
18,3,61.1,4,4
18,18,0.0,4,4
18,19,67.4,4,4
18,34,74.8,4,4
18,35,92.8,4,4
18,50,88.4,4,4
18,51,98.2,4,4
18,66,85.5,4,4
18,67,81.4,4,4
18,82,90.5,4,4
18,83,84.4,4,4
18,96,87.1,4,4
18,97,87.2,4,4
18,110,81.1,4,4
18,111,85.4,4,4
18,124,83.0,4,4
18,125,79.5,4,4
18,4,72.1,4,1
18,5,82.7,4,1
18,20,79.2,4,1
18,21,83.2,4,1
18,36,87.3,4,1
18,37,94.8,4,1
18,52,90.5,4,1
18,53,87.4,4,1
18,68,96.0,4,1
18,69,85.2,4,1
18,84,96.9,4,1
18,85,73.9,4,1
18,98,89.5,4,1
18,99,93.6,4,1
18,112,98.9,4,1
18,113,89.5,4,1
18,126,77.3,4,1
18,127,87.6,4,1
18,6,89.2,4,2
18,7,77.6,4,2
18,22,78.8,4,2
18,23,74.0,4,2
18,38,79.4,4,2
18,39,83.3,4,2
18,54,91.0,4,2
18,55,84.3,4,2
18,70,84.9,4,2
18,71,82.3,4,2
18,86,74.7,4,2
18,87,88.0,4,2
18,100,85.9,4,2
18,101,78.1,4,2
18,114,78.8,4,2
18,115,76.5,4,2
18,128,76.2,4,2
18,129,83.1,4,2
18,138,79.9,4,2
18,139,80.1,4,2
18,8,81.9,4,3
18,9,82.9,4,3
18,24,82.6,4,3
18,25,79.5,4,3
18,40,89.4,4,3
18,41,91.3,4,3
18,56,89.2,4,3
18,57,99.9,4,3
18,72,104.2,4,3
18,73,103.6,4,3
18,88,89.1,4,3
18,89,98.3,4,3
18,102,81.6,4,3
18,103,93.6,4,3
18,116,89.6,4,3
18,117,96.0,4,3
18,130,84.5,4,3
18,131,89.0,4,3
18,140,99.0,4,3
18,141,86.6,4,3
18,10,282.8,4,5
18,11,279.7,4,5
18,26,281.2,4,5
18,27,278.5,4,5
18,42,282.6,4,5
18,43,282.7,4,5
18,58,286.6,4,5
18,59,280.2,4,5
18,74,277.0,4,5
18,75,284.9,4,5
18,90,281.9,4,5
18,91,285.4,4,5
18,104,284.9,4,5
18,105,280.8,4,5
18,118,282.6,4,5
18,119,282.1,4,5
18,132,282.6,4,5
18,133,288.8,4,5
18,142,285.7,4,5
18,143,288.7,4,5
18,12,287.0,4,6
18,13,284.2,4,6
18,28,288.8,4,6
18,29,288.4,4,6
18,44,283.7,4,6
18,45,285.5,4,6
18,60,284.9,4,6
18,61,289.7,4,6
18,76,288.4,4,6
18,77,287.6,4,6
18,92,289.7,4,6
18,93,293.9,4,6
18,106,289.9,4,6
18,107,289.3,4,6
18,120,285.7,4,6
18,121,297.0,4,6
18,134,294.1,4,6
18,135,285.0,4,6
18,144,288.4,4,6
18,145,281.4,4,6
18,14,281.5,4,7
18,15,284.8,4,7
18,30,286.3,4,7
18,31,283.4,4,7
18,46,288.9,4,7
18,47,285.1,4,7
18,62,287.2,4,7
18,63,284.8,4,7
18,78,286.2,4,7
18,79,286.0,4,7
18,94,288.6,4,7
18,95,286.0,4,7
18,108,288.4,4,7
18,109,286.8,4,7
18,122,281.5,4,7
18,123,288.1,4,7
18,136,289.4,4,7
18,137,289.2,4,7
18,146,291.1,4,7
18,147,288.5,4,7
19,150,289.7,4,9
19,151,293.4,4,9
19,148,292.9,4,8
19,149,285.9,4,8
19,0,283.3,4,0
19,1,285.9,4,0
19,16,283.4,4,0
19,17,288.1,4,0
19,32,291.0,4,0
19,33,289.2,4,0
19,48,291.4,4,0
19,49,292.0,4,0
19,64,290.8,4,0
19,65,288.5,4,0
19,80,287.2,4,0
19,81,282.4,4,0
19,2,73.2,4,4
19,3,65.5,4,4
19,18,67.4,4,4
19,19,0.0,4,4
19,34,72.0,4,4
19,35,88.6,4,4
19,50,85.7,4,4
19,51,90.3,4,4
19,66,85.0,4,4
19,67,73.4,4,4
19,82,84.9,4,4
19,83,84.2,4,4
19,96,86.4,4,4
19,97,88.4,4,4
19,110,71.9,4,4
19,111,81.3,4,4
19,124,84.1,4,4
19,125,79.8,4,4
19,4,77.6,4,1
19,5,80.3,4,1
19,20,78.8,4,1
19,21,85.3,4,1
19,36,83.7,4,1
19,37,83.4,4,1
19,52,87.7,4,1
19,53,79.9,4,1
19,68,79.6,4,1
19,69,74.8,4,1
19,84,89.3,4,1
19,85,82.8,4,1
19,98,81.0,4,1
19,99,83.8,4,1
19,112,94.1,4,1
19,113,84.7,4,1
19,126,79.0,4,1
19,127,78.5,4,1
19,6,82.5,4,2
19,7,73.6,4,2
19,22,74.7,4,2
19,23,74.5,4,2
19,38,80.0,4,2
19,39,88.4,4,2
19,54,92.1,4,2
19,55,79.1,4,2
19,70,78.4,4,2
19,71,81.9,4,2
19,86,71.6,4,2
19,87,79.4,4,2
19,100,88.5,4,2
19,101,78.9,4,2
19,114,84.5,4,2
19,115,69.7,4,2
19,128,73.6,4,2
19,129,70.6,4,2
19,138,83.2,4,2
19,139,79.6,4,2
19,8,81.3,4,3
19,9,85.3,4,3
19,24,77.3,4,3
19,25,66.5,4,3
19,40,77.9,4,3
19,41,90.2,4,3
19,56,88.9,4,3
19,57,96.4,4,3
19,72,97.9,4,3
19,73,98.7,4,3
19,88,88.7,4,3
19,89,98.0,4,3
19,102,85.2,4,3
19,103,84.0,4,3
19,116,90.1,4,3
19,117,81.5,4,3
19,130,78.7,4,3
19,131,88.8,4,3
19,140,97.6,4,3
19,141,89.3,4,3
19,10,282.9,4,5
19,11,278.8,4,5
19,26,281.0,4,5
19,27,278.6,4,5
19,42,282.3,4,5
19,43,283.9,4,5
19,58,286.9,4,5
19,59,280.9,4,5
19,74,276.3,4,5
19,75,285.5,4,5
19,90,283.4,4,5
19,91,286.8,4,5
19,104,285.8,4,5
19,105,280.5,4,5
19,118,283.3,4,5
19,119,284.4,4,5
19,132,282.7,4,5
19,133,288.8,4,5
19,142,286.3,4,5
19,143,289.2,4,5
19,12,287.4,4,6
19,13,284.5,4,6
19,28,288.9,4,6
19,29,287.6,4,6
19,44,283.4,4,6
19,45,286.0,4,6
19,60,285.2,4,6
19,61,289.6,4,6
19,76,287.8,4,6
19,77,287.7,4,6
19,92,289.9,4,6
19,93,294.7,4,6
19,106,290.7,4,6
19,107,289.6,4,6
19,120,286.0,4,6
19,121,297.2,4,6
19,134,293.9,4,6
19,135,285.2,4,6
19,144,288.8,4,6
19,145,279.8,4,6
19,14,282.7,4,7
19,15,284.4,4,7
19,30,286.6,4,7
19,31,284.4,4,7
19,46,288.8,4,7
19,47,283.9,4,7
19,62,286.6,4,7
19,63,284.1,4,7
19,78,285.8,4,7
19,79,285.4,4,7
19,94,288.3,4,7
19,95,286.1,4,7
19,108,288.9,4,7
19,109,287.5,4,7
19,122,282.4,4,7
19,123,289.8,4,7
19,136,288.9,4,7
19,137,290.3,4,7
19,146,291.0,4,7
19,147,288.9,4,7
34,150,283.1,4,9
34,151,287.2,4,9
34,148,286.3,4,8
34,149,280.7,4,8
34,0,276.3,4,0
34,1,278.4,4,0
34,16,276.4,4,0
34,17,281.6,4,0
34,32,284.3,4,0
34,33,282.7,4,0
34,48,285.6,4,0
34,49,285.8,4,0
34,64,284.3,4,0
34,65,281.7,4,0
34,80,281.5,4,0
34,81,276.2,4,0
34,2,70.9,4,4
34,3,70.0,4,4
34,18,74.8,4,4
34,19,72.0,4,4
34,34,0.0,4,4
34,35,88.5,4,4
34,50,84.9,4,4
34,51,92.3,4,4
34,66,87.4,4,4
34,67,89.7,4,4
34,82,82.2,4,4
34,83,87.0,4,4
34,96,82.1,4,4
34,97,90.1,4,4
34,110,76.7,4,4
34,111,80.6,4,4
34,124,83.3,4,4
34,125,84.7,4,4
34,4,79.1,4,1
34,5,87.3,4,1
34,20,80.1,4,1
34,21,89.0,4,1
34,36,87.2,4,1
34,37,95.3,4,1
34,52,94.9,4,1
34,53,86.0,4,1
34,68,90.6,4,1
34,69,85.4,4,1
34,84,95.7,4,1
34,85,88.3,4,1
34,98,89.5,4,1
34,99,88.7,4,1
34,112,95.3,4,1
34,113,91.2,4,1
34,126,86.6,4,1
34,127,87.2,4,1
34,6,78.8,4,2
34,7,80.8,4,2
34,22,76.8,4,2
34,23,84.4,4,2
34,38,81.8,4,2
34,39,85.6,4,2
34,54,96.6,4,2
34,55,86.9,4,2
34,70,93.7,4,2
34,71,89.8,4,2
34,86,85.7,4,2
34,87,89.2,4,2
34,100,83.9,4,2
34,101,83.1,4,2
34,114,85.7,4,2
34,115,74.2,4,2
34,128,82.8,4,2
34,129,85.6,4,2
34,138,88.5,4,2
34,139,73.8,4,2
34,8,84.8,4,3
34,9,91.9,4,3
34,24,85.6,4,3
34,25,87.5,4,3
34,40,92.4,4,3
34,41,82.5,4,3
34,56,92.2,4,3
34,57,95.2,4,3
34,72,92.9,4,3
34,73,96.4,4,3
34,88,85.9,4,3
34,89,88.5,4,3
34,102,87.0,4,3
34,103,94.9,4,3
34,116,83.7,4,3
34,117,91.6,4,3
34,130,82.7,4,3
34,131,78.9,4,3
34,140,95.8,4,3
34,141,87.8,4,3
34,10,275.8,4,5
34,11,271.9,4,5
34,26,274.6,4,5
34,27,272.0,4,5
34,42,276.1,4,5
34,43,276.7,4,5
34,58,280.3,4,5
34,59,273.6,4,5
34,74,267.4,4,5
34,75,278.0,4,5
34,90,276.4,4,5
34,91,280.9,4,5
34,104,279.1,4,5
34,105,274.5,4,5
34,118,276.5,4,5
34,119,277.3,4,5
34,132,276.2,4,5
34,133,282.8,4,5
34,142,279.2,4,5
34,143,282.8,4,5
34,12,278.7,4,6
34,13,277.8,4,6
34,28,281.7,4,6
34,29,282.2,4,6
34,44,276.4,4,6
34,45,278.8,4,6
34,60,278.3,4,6
34,61,283.2,4,6
34,76,281.4,4,6
34,77,280.7,4,6
34,92,283.2,4,6
34,93,287.4,4,6
34,106,283.8,4,6
34,107,282.5,4,6
34,120,278.7,4,6
34,121,290.9,4,6
34,134,286.6,4,6
34,135,277.0,4,6
34,144,281.2,4,6
34,145,271.1,4,6
34,14,274.7,4,7
34,15,276.7,4,7
34,30,279.2,4,7
34,31,277.2,4,7
34,46,282.4,4,7
34,47,276.7,4,7
34,62,279.6,4,7
34,63,277.3,4,7
34,78,278.9,4,7
34,79,277.7,4,7
34,94,281.3,4,7
34,95,278.6,4,7
34,108,282.0,4,7
34,109,279.0,4,7
34,122,274.4,4,7
34,123,282.4,4,7
34,136,281.8,4,7
34,137,281.7,4,7
34,146,284.2,4,7
34,147,282.0,4,7
35,150,288.4,4,9
35,151,293.1,4,9
35,148,292.5,4,8
35,149,286.3,4,8
35,0,282.0,4,0
35,1,284.0,4,0
35,16,281.9,4,0
35,17,286.9,4,0
35,32,290.8,4,0
35,33,289.1,4,0
35,48,290.7,4,0
35,49,292.5,4,0
35,64,290.1,4,0
35,65,289.3,4,0
35,80,288.8,4,0
35,81,283.3,4,0
35,2,92.4,4,4
35,3,93.3,4,4
35,18,92.8,4,4
35,19,88.6,4,4
35,34,88.5,4,4
35,35,0.0,4,4
35,50,70.6,4,4
35,51,78.3,4,4
35,66,72.7,4,4
35,67,72.7,4,4
35,82,73.0,4,4
35,83,69.4,4,4
35,96,79.4,4,4
35,97,73.1,4,4
35,110,84.0,4,4
35,111,79.8,4,4
35,124,72.2,4,4
35,125,81.7,4,4
35,4,83.0,4,1
35,5,70.7,4,1
35,20,82.4,4,1
35,21,90.7,4,1
35,36,82.9,4,1
35,37,87.1,4,1
35,52,93.0,4,1
35,53,87.0,4,1
35,68,89.0,4,1
35,69,86.5,4,1
35,84,95.6,4,1
35,85,90.3,4,1
35,98,89.7,4,1
35,99,85.4,4,1
35,112,93.2,4,1
35,113,87.2,4,1
35,126,92.6,4,1
35,127,89.6,4,1
35,6,81.2,4,2
35,7,82.4,4,2
35,22,85.4,4,2
35,23,82.9,4,2
35,38,85.7,4,2
35,39,88.5,4,2
35,54,86.9,4,2
35,55,89.5,4,2
35,70,100.0,4,2
35,71,88.4,4,2
35,86,91.3,4,2
35,87,86.1,4,2
35,100,87.3,4,2
35,101,93.3,4,2
35,114,89.7,4,2
35,115,87.9,4,2
35,128,85.7,4,2
35,129,88.1,4,2
35,138,90.1,4,2
35,139,86.7,4,2
35,8,88.4,4,3
35,9,87.3,4,3
35,24,85.4,4,3
35,25,86.2,4,3
35,40,88.1,4,3
35,41,98.5,4,3
35,56,100.7,4,3
35,57,105.4,4,3
35,72,102.3,4,3
35,73,98.4,4,3
35,88,91.9,4,3
35,89,102.7,4,3
35,102,88.2,4,3
35,103,89.2,4,3
35,116,85.6,4,3
35,117,94.1,4,3
35,130,93.0,4,3
35,131,97.5,4,3
35,140,100.8,4,3
35,141,86.2,4,3
35,10,282.8,4,5
35,11,278.3,4,5
35,26,281.0,4,5
35,27,279.1,4,5
35,42,282.9,4,5
35,43,281.0,4,5
35,58,286.4,4,5
35,59,280.4,4,5
35,74,275.1,4,5
35,75,284.3,4,5
35,90,283.1,4,5
35,91,285.9,4,5
35,104,285.7,4,5
35,105,281.1,4,5
35,118,282.5,4,5
35,119,283.2,4,5
35,132,283.4,4,5
35,133,289.1,4,5
35,142,286.7,4,5
35,143,288.5,4,5
35,12,286.4,4,6
35,13,283.7,4,6
35,28,288.7,4,6
35,29,288.4,4,6
35,44,281.7,4,6
35,45,286.8,4,6
35,60,285.8,4,6
35,61,291.1,4,6
35,76,289.3,4,6
35,77,288.9,4,6
35,92,290.6,4,6
35,93,294.5,4,6
35,106,291.3,4,6
35,107,289.5,4,6
35,120,285.8,4,6
35,121,297.5,4,6
35,134,294.6,4,6
35,135,285.7,4,6
35,144,289.1,4,6
35,145,279.9,4,6
35,14,281.5,4,7
35,15,284.2,4,7
35,30,285.8,4,7
35,31,281.8,4,7
35,46,288.4,4,7
35,47,283.9,4,7
35,62,287.1,4,7
35,63,283.3,4,7
35,78,283.9,4,7
35,79,284.0,4,7
35,94,286.8,4,7
35,95,284.4,4,7
35,108,287.4,4,7
35,109,285.7,4,7
35,122,280.4,4,7
35,123,289.7,4,7
35,136,289.1,4,7
35,137,287.7,4,7
35,146,290.1,4,7
35,147,286.4,4,7
50,150,288.7,4,9
50,151,292.3,4,9
50,148,291.7,4,8
50,149,285.9,4,8
50,0,281.9,4,0
50,1,283.7,4,0
50,16,282.7,4,0
50,17,286.9,4,0
50,32,290.5,4,0
50,33,288.9,4,0
50,48,289.2,4,0
50,49,292.0,4,0
50,64,289.0,4,0
50,65,288.8,4,0
50,80,287.5,4,0
50,81,281.4,4,0
50,2,85.2,4,4
50,3,92.1,4,4
50,18,88.4,4,4
50,19,85.7,4,4
50,34,84.9,4,4
50,35,70.6,4,4
50,50,0.0,4,4
50,51,68.8,4,4
50,66,67.5,4,4
50,67,66.1,4,4
50,82,74.6,4,4
50,83,71.6,4,4
50,96,70.7,4,4
50,97,72.3,4,4
50,110,74.9,4,4
50,111,78.3,4,4
50,124,76.1,4,4
50,125,75.0,4,4
50,4,78.5,4,1
50,5,80.6,4,1
50,20,81.6,4,1
50,21,85.8,4,1
50,36,79.1,4,1
50,37,96.4,4,1
50,52,96.9,4,1
50,53,77.8,4,1
50,68,93.0,4,1
50,69,86.1,4,1
50,84,100.7,4,1
50,85,92.4,4,1
50,98,89.9,4,1
50,99,86.4,4,1
50,112,89.0,4,1
50,113,92.7,4,1
50,126,85.9,4,1
50,127,91.5,4,1
50,6,69.7,4,2
50,7,82.6,4,2
50,22,78.3,4,2
50,23,83.6,4,2
50,38,83.8,4,2
50,39,79.3,4,2
50,54,93.7,4,2
50,55,85.1,4,2
50,70,85.9,4,2
50,71,91.9,4,2
50,86,85.8,4,2
50,87,89.0,4,2
50,100,77.5,4,2
50,101,88.1,4,2
50,114,87.2,4,2
50,115,80.7,4,2
50,128,80.6,4,2
50,129,88.3,4,2
50,138,76.6,4,2
50,139,91.3,4,2
50,8,91.8,4,3
50,9,93.7,4,3
50,24,82.3,4,3
50,25,88.5,4,3
50,40,92.4,4,3
50,41,94.6,4,3
50,56,94.6,4,3
50,57,101.0,4,3
50,72,99.0,4,3
50,73,103.3,4,3
50,88,89.6,4,3
50,89,102.1,4,3
50,102,91.0,4,3
50,103,90.8,4,3
50,116,88.6,4,3
50,117,87.4,4,3
50,130,81.0,4,3
50,131,90.3,4,3
50,140,98.7,4,3
50,141,84.1,4,3
50,10,281.4,4,5
50,11,277.6,4,5
50,26,279.0,4,5
50,27,278.2,4,5
50,42,282.3,4,5
50,43,280.5,4,5
50,58,284.7,4,5
50,59,279.7,4,5
50,74,274.9,4,5
50,75,283.8,4,5
50,90,282.9,4,5
50,91,286.1,4,5
50,104,284.8,4,5
50,105,280.9,4,5
50,118,283.5,4,5
50,119,283.8,4,5
50,132,283.5,4,5
50,133,289.2,4,5
50,142,286.4,4,5
50,143,288.9,4,5
50,12,286.9,4,6
50,13,284.6,4,6
50,28,288.7,4,6
50,29,287.6,4,6
50,44,281.9,4,6
50,45,286.1,4,6
50,60,284.3,4,6
50,61,289.7,4,6
50,76,288.7,4,6
50,77,288.5,4,6
50,92,289.7,4,6
50,93,293.9,4,6
50,106,290.1,4,6
50,107,288.5,4,6
50,120,285.1,4,6
50,121,296.9,4,6
50,134,293.7,4,6
50,135,285.7,4,6
50,144,288.9,4,6
50,145,279.4,4,6
50,14,280.7,4,7
50,15,283.6,4,7
50,30,285.2,4,7
50,31,282.4,4,7
50,46,288.3,4,7
50,47,284.2,4,7
50,62,287.0,4,7
50,63,282.0,4,7
50,78,284.8,4,7
50,79,284.4,4,7
50,94,287.3,4,7
50,95,283.6,4,7
50,108,287.9,4,7
50,109,286.4,4,7
50,122,280.4,4,7
50,123,288.8,4,7
50,136,289.5,4,7
50,137,287.6,4,7
50,146,289.0,4,7
50,147,286.5,4,7
51,150,290.8,4,9
51,151,295.0,4,9
51,148,294.0,4,8
51,149,288.1,4,8
51,0,283.5,4,0
51,1,285.1,4,0
51,16,285.1,4,0
51,17,290.3,4,0
51,32,293.2,4,0
51,33,291.9,4,0
51,48,292.8,4,0
51,49,295.0,4,0
51,64,290.4,4,0
51,65,291.0,4,0
51,80,290.0,4,0
51,81,284.4,4,0
51,2,79.4,4,4
51,3,99.5,4,4
51,18,98.2,4,4
51,19,90.3,4,4
51,34,92.3,4,4
51,35,78.3,4,4
51,50,68.8,4,4
51,51,0.0,4,4
51,66,70.3,4,4
51,67,69.3,4,4
51,82,71.6,4,4
51,83,77.8,4,4
51,96,72.1,4,4
51,97,74.7,4,4
51,110,75.5,4,4
51,111,80.8,4,4
51,124,85.2,4,4
51,125,69.1,4,4
51,4,81.5,4,1
51,5,84.5,4,1
51,20,86.7,4,1
51,21,94.5,4,1
51,36,75.8,4,1
51,37,96.4,4,1
51,52,109.9,4,1
51,53,85.8,4,1
51,68,98.1,4,1
51,69,92.7,4,1
51,84,105.2,4,1
51,85,101.6,4,1
51,98,95.2,4,1
51,99,95.1,4,1
51,112,89.7,4,1
51,113,96.0,4,1
51,126,95.2,4,1
51,127,95.3,4,1
51,6,93.3,4,2
51,7,87.8,4,2
51,22,82.1,4,2
51,23,86.1,4,2
51,38,90.0,4,2
51,39,94.6,4,2
51,54,100.6,4,2
51,55,90.0,4,2
51,70,93.4,4,2
51,71,102.0,4,2
51,86,91.0,4,2
51,87,93.1,4,2
51,100,85.5,4,2
51,101,96.1,4,2
51,114,96.2,4,2
51,115,88.3,4,2
51,128,78.3,4,2
51,129,93.1,4,2
51,138,92.8,4,2
51,139,100.3,4,2
51,8,103.0,4,3
51,9,97.5,4,3
51,24,87.2,4,3
51,25,89.8,4,3
51,40,90.6,4,3
51,41,97.4,4,3
51,56,93.5,4,3
51,57,103.5,4,3
51,72,102.7,4,3
51,73,110.3,4,3
51,88,97.8,4,3
51,89,108.2,4,3
51,102,97.2,4,3
51,103,92.5,4,3
51,116,98.7,4,3
51,117,77.9,4,3
51,130,93.4,4,3
51,131,85.2,4,3
51,140,99.0,4,3
51,141,86.6,4,3
51,10,282.6,4,5
51,11,279.1,4,5
51,26,280.9,4,5
51,27,279.4,4,5
51,42,283.6,4,5
51,43,281.6,4,5
51,58,287.1,4,5
51,59,280.9,4,5
51,74,275.7,4,5
51,75,285.1,4,5
51,90,285.0,4,5
51,91,287.7,4,5
51,104,286.1,4,5
51,105,283.2,4,5
51,118,286.1,4,5
51,119,284.8,4,5
51,132,286.1,4,5
51,133,291.7,4,5
51,142,289.0,4,5
51,143,290.1,4,5
51,12,289.4,4,6
51,13,287.5,4,6
51,28,291.5,4,6
51,29,290.0,4,6
51,44,284.5,4,6
51,45,288.1,4,6
51,60,287.5,4,6
51,61,292.8,4,6
51,76,291.2,4,6
51,77,291.1,4,6
51,92,291.9,4,6
51,93,296.1,4,6
51,106,293.8,4,6
51,107,291.4,4,6
51,120,288.0,4,6
51,121,299.7,4,6
51,134,296.0,4,6
51,135,287.6,4,6
51,144,291.5,4,6
51,145,280.3,4,6
51,14,281.5,4,7
51,15,287.0,4,7
51,30,284.8,4,7
51,31,284.6,4,7
51,46,291.2,4,7
51,47,286.7,4,7
51,62,289.8,4,7
51,63,282.7,4,7
51,78,287.4,4,7
51,79,286.0,4,7
51,94,289.8,4,7
51,95,284.6,4,7
51,108,290.6,4,7
51,109,289.9,4,7
51,122,282.5,4,7
51,123,292.3,4,7
51,136,292.6,4,7
51,137,291.5,4,7
51,146,291.6,4,7
51,147,289.0,4,7
66,150,292.6,4,9
66,151,296.2,4,9
66,148,295.8,4,8
66,149,289.7,4,8
66,0,286.5,4,0
66,1,288.4,4,0
66,16,287.0,4,0
66,17,291.9,4,0
66,32,294.6,4,0
66,33,293.2,4,0
66,48,294.7,4,0
66,49,296.3,4,0
66,64,293.9,4,0
66,65,292.8,4,0
66,80,291.4,4,0
66,81,286.5,4,0
66,2,85.8,4,4
66,3,91.4,4,4
66,18,85.5,4,4
66,19,85.0,4,4
66,34,87.4,4,4
66,35,72.7,4,4
66,50,67.5,4,4
66,51,70.3,4,4
66,66,0.0,4,4
66,67,65.3,4,4
66,82,72.8,4,4
66,83,63.4,4,4
66,96,75.5,4,4
66,97,64.0,4,4
66,110,81.2,4,4
66,111,80.9,4,4
66,124,75.8,4,4
66,125,75.5,4,4
66,4,78.8,4,1
66,5,80.5,4,1
66,20,78.1,4,1
66,21,86.0,4,1
66,36,77.0,4,1
66,37,97.0,4,1
66,52,100.3,4,1
66,53,81.5,4,1
66,68,91.5,4,1
66,69,84.5,4,1
66,84,99.1,4,1
66,85,88.7,4,1
66,98,89.6,4,1
66,99,78.8,4,1
66,112,89.6,4,1
66,113,82.6,4,1
66,126,80.8,4,1
66,127,86.1,4,1
66,6,75.9,4,2
66,7,80.7,4,2
66,22,83.4,4,2
66,23,78.7,4,2
66,38,76.6,4,2
66,39,86.7,4,2
66,54,91.7,4,2
66,55,82.0,4,2
66,70,88.9,4,2
66,71,83.3,4,2
66,86,84.7,4,2
66,87,83.8,4,2
66,100,83.4,4,2
66,101,85.8,4,2
66,114,85.9,4,2
66,115,80.2,4,2
66,128,75.9,4,2
66,129,89.5,4,2
66,138,84.9,4,2
66,139,89.1,4,2
66,8,90.8,4,3
66,9,80.6,4,3
66,24,81.6,4,3
66,25,83.4,4,3
66,40,88.9,4,3
66,41,88.2,4,3
66,56,91.3,4,3
66,57,93.6,4,3
66,72,95.8,4,3
66,73,97.2,4,3
66,88,90.3,4,3
66,89,99.5,4,3
66,102,89.6,4,3
66,103,90.0,4,3
66,116,89.6,4,3
66,117,84.5,4,3
66,130,85.6,4,3
66,131,92.1,4,3
66,140,95.9,4,3
66,141,75.1,4,3
66,10,284.9,4,5
66,11,282.1,4,5
66,26,283.7,4,5
66,27,281.5,4,5
66,42,285.6,4,5
66,43,284.1,4,5
66,58,288.9,4,5
66,59,283.7,4,5
66,74,279.2,4,5
66,75,287.6,4,5
66,90,286.8,4,5
66,91,289.6,4,5
66,104,288.5,4,5
66,105,285.0,4,5
66,118,287.1,4,5
66,119,287.6,4,5
66,132,287.7,4,5
66,133,292.7,4,5
66,142,289.6,4,5
66,143,292.8,4,5
66,12,291.1,4,6
66,13,288.9,4,6
66,28,292.7,4,6
66,29,290.8,4,6
66,44,286.9,4,6
66,45,290.9,4,6
66,60,289.9,4,6
66,61,295.0,4,6
66,76,293.3,4,6
66,77,294.1,4,6
66,92,294.3,4,6
66,93,298.7,4,6
66,106,295.4,4,6
66,107,293.7,4,6
66,120,289.6,4,6
66,121,301.5,4,6
66,134,298.3,4,6
66,135,289.6,4,6
66,144,292.3,4,6
66,145,283.8,4,6
66,14,285.0,4,7
66,15,288.4,4,7
66,30,289.4,4,7
66,31,287.1,4,7
66,46,291.9,4,7
66,47,288.2,4,7
66,62,291.0,4,7
66,63,286.5,4,7
66,78,288.6,4,7
66,79,288.4,4,7
66,94,291.8,4,7
66,95,288.8,4,7
66,108,291.7,4,7
66,109,290.2,4,7
66,122,285.3,4,7
66,123,293.7,4,7
66,136,293.3,4,7
66,137,292.7,4,7
66,146,294.2,4,7
66,147,291.3,4,7
67,150,298.4,4,9
67,151,300.5,4,9
67,148,301.3,4,8
67,149,294.9,4,8
67,0,292.2,4,0
67,1,294.7,4,0
67,16,292.6,4,0
67,17,296.8,4,0
67,32,299.4,4,0
67,33,298.3,4,0
67,48,299.5,4,0
67,49,300.5,4,0
67,64,298.6,4,0
67,65,297.4,4,0
67,80,297.0,4,0
67,81,291.7,4,0
67,2,83.3,4,4
67,3,83.0,4,4
67,18,81.4,4,4
67,19,73.4,4,4
67,34,89.7,4,4
67,35,72.7,4,4
67,50,66.1,4,4
67,51,69.3,4,4
67,66,65.3,4,4
67,67,0.0,4,4
67,82,64.7,4,4
67,83,71.4,4,4
67,96,71.8,4,4
67,97,73.8,4,4
67,110,60.0,4,4
67,111,74.1,4,4
67,124,72.4,4,4
67,125,65.5,4,4
67,4,68.8,4,1
67,5,69.3,4,1
67,20,72.4,4,1
67,21,84.1,4,1
67,36,74.4,4,1
67,37,81.0,4,1
67,52,91.4,4,1
67,53,77.1,4,1
67,68,81.8,4,1
67,69,77.8,4,1
67,84,95.1,4,1
67,85,83.7,4,1
67,98,77.7,4,1
67,99,83.8,4,1
67,112,85.9,4,1
67,113,86.9,4,1
67,126,72.3,4,1
67,127,79.9,4,1
67,6,81.3,4,2
67,7,70.2,4,2
67,22,69.3,4,2
67,23,72.4,4,2
67,38,82.7,4,2
67,39,83.8,4,2
67,54,91.6,4,2
67,55,85.3,4,2
67,70,84.0,4,2
67,71,89.1,4,2
67,86,75.9,4,2
67,87,88.1,4,2
67,100,81.4,4,2
67,101,83.5,4,2
67,114,86.7,4,2
67,115,68.7,4,2
67,128,73.2,4,2
67,129,82.9,4,2
67,138,81.8,4,2
67,139,88.6,4,2
67,8,87.3,4,3
67,9,81.2,4,3
67,24,70.5,4,3
67,25,75.4,4,3
67,40,79.2,4,3
67,41,93.7,4,3
67,56,89.6,4,3
67,57,105.4,4,3
67,72,102.8,4,3
67,73,108.9,4,3
67,88,90.2,4,3
67,89,106.5,4,3
67,102,90.2,4,3
67,103,86.1,4,3
67,116,92.4,4,3
67,117,85.9,4,3
67,130,88.7,4,3
67,131,89.6,4,3
67,140,100.6,4,3
67,141,87.8,4,3
67,10,290.9,4,5
67,11,287.9,4,5
67,26,289.6,4,5
67,27,288.4,4,5
67,42,291.1,4,5
67,43,290.7,4,5
67,58,294.0,4,5
67,59,289.4,4,5
67,74,285.0,4,5
67,75,293.3,4,5
67,90,291.7,4,5
67,91,294.9,4,5
67,104,293.6,4,5
67,105,290.5,4,5
67,118,292.4,4,5
67,119,293.2,4,5
67,132,292.9,4,5
67,133,298.1,4,5
67,142,295.2,4,5
67,143,297.0,4,5
67,12,296.2,4,6
67,13,294.2,4,6
67,28,297.9,4,6
67,29,297.0,4,6
67,44,292.3,4,6
67,45,295.9,4,6
67,60,295.0,4,6
67,61,299.6,4,6
67,76,298.4,4,6
67,77,298.8,4,6
67,92,299.0,4,6
67,93,303.3,4,6
67,106,300.1,4,6
67,107,298.5,4,6
67,120,295.5,4,6
67,121,305.5,4,6
67,134,302.9,4,6
67,135,295.6,4,6
67,144,298.2,4,6
67,145,291.3,4,6
67,14,291.8,4,7
67,15,294.3,4,7
67,30,295.4,4,7
67,31,292.8,4,7
67,46,297.7,4,7
67,47,293.8,4,7
67,62,296.1,4,7
67,63,292.6,4,7
67,78,294.9,4,7
67,79,294.2,4,7
67,94,296.9,4,7
67,95,294.1,4,7
67,108,298.1,4,7
67,109,297.0,4,7
67,122,290.5,4,7
67,123,298.5,4,7
67,136,298.4,4,7
67,137,298.4,4,7
67,146,300.2,4,7
67,147,297.8,4,7
82,150,292.7,4,9
82,151,295.6,4,9
82,148,295.4,4,8
82,149,288.4,4,8
82,0,283.8,4,0
82,1,287.2,4,0
82,16,285.2,4,0
82,17,290.2,4,0
82,32,292.9,4,0
82,33,291.7,4,0
82,48,293.1,4,0
82,49,294.1,4,0
82,64,292.3,4,0
82,65,291.8,4,0
82,80,291.2,4,0
82,81,285.5,4,0
82,2,87.8,4,4
82,3,93.6,4,4
82,18,90.5,4,4
82,19,84.9,4,4
82,34,82.2,4,4
82,35,73.0,4,4
82,50,74.6,4,4
82,51,71.6,4,4
82,66,72.8,4,4
82,67,64.7,4,4
82,82,0.0,4,4
82,83,77.3,4,4
82,96,72.7,4,4
82,97,73.8,4,4
82,110,69.4,4,4
82,111,79.1,4,4
82,124,69.4,4,4
82,125,76.7,4,4
82,4,76.8,4,1
82,5,78.2,4,1
82,20,80.7,4,1
82,21,91.6,4,1
82,36,80.6,4,1
82,37,92.2,4,1
82,52,95.6,4,1
82,53,83.0,4,1
82,68,85.0,4,1
82,69,80.3,4,1
82,84,88.1,4,1
82,85,89.5,4,1
82,98,86.7,4,1
82,99,90.8,4,1
82,112,91.8,4,1
82,113,83.1,4,1
82,126,86.4,4,1
82,127,81.4,4,1
82,6,86.7,4,2
82,7,75.6,4,2
82,22,74.4,4,2
82,23,80.1,4,2
82,38,86.0,4,2
82,39,91.2,4,2
82,54,90.3,4,2
82,55,90.9,4,2
82,70,92.5,4,2
82,71,97.2,4,2
82,86,86.1,4,2
82,87,90.2,4,2
82,100,82.7,4,2
82,101,86.9,4,2
82,114,81.7,4,2
82,115,73.6,4,2
82,128,79.1,4,2
82,129,83.6,4,2
82,138,88.9,4,2
82,139,86.6,4,2
82,8,92.2,4,3
82,9,90.6,4,3
82,24,82.2,4,3
82,25,87.3,4,3
82,40,77.4,4,3
82,41,95.3,4,3
82,56,97.5,4,3
82,57,112.0,4,3
82,72,106.3,4,3
82,73,115.0,4,3
82,88,99.1,4,3
82,89,107.3,4,3
82,102,95.4,4,3
82,103,92.3,4,3
82,116,96.0,4,3
82,117,91.6,4,3
82,130,94.1,4,3
82,131,89.2,4,3
82,140,103.9,4,3
82,141,89.1,4,3
82,10,285.0,4,5
82,11,280.5,4,5
82,26,283.5,4,5
82,27,281.8,4,5
82,42,284.9,4,5
82,43,284.1,4,5
82,58,288.4,4,5
82,59,281.3,4,5
82,74,274.7,4,5
82,75,287.2,4,5
82,90,285.3,4,5
82,91,289.0,4,5
82,104,287.1,4,5
82,105,283.9,4,5
82,118,285.4,4,5
82,119,285.9,4,5
82,132,285.7,4,5
82,133,291.1,4,5
82,142,288.6,4,5
82,143,291.0,4,5
82,12,287.7,4,6
82,13,286.8,4,6
82,28,289.5,4,6
82,29,290.7,4,6
82,44,283.7,4,6
82,45,288.6,4,6
82,60,287.8,4,6
82,61,292.6,4,6
82,76,291.5,4,6
82,77,290.5,4,6
82,92,291.2,4,6
82,93,296.7,4,6
82,106,293.4,4,6
82,107,291.4,4,6
82,120,288.7,4,6
82,121,298.7,4,6
82,134,295.3,4,6
82,135,288.4,4,6
82,144,291.9,4,6
82,145,282.8,4,6
82,14,284.6,4,7
82,15,287.3,4,7
82,30,288.5,4,7
82,31,285.3,4,7
82,46,291.3,4,7
82,47,286.2,4,7
82,62,289.3,4,7
82,63,285.4,4,7
82,78,287.9,4,7
82,79,286.6,4,7
82,94,289.0,4,7
82,95,286.1,4,7
82,108,291.3,4,7
82,109,290.4,4,7
82,122,282.9,4,7
82,123,292.1,4,7
82,136,292.0,4,7
82,137,291.5,4,7
82,146,293.8,4,7
82,147,290.7,4,7
83,150,295.5,4,9
83,151,299.0,4,9
83,148,298.5,4,8
83,149,292.6,4,8
83,0,289.6,4,0
83,1,291.4,4,0
83,16,288.9,4,0
83,17,294.8,4,0
83,32,296.8,4,0
83,33,295.9,4,0
83,48,296.9,4,0
83,49,298.1,4,0
83,64,296.1,4,0
83,65,294.8,4,0
83,80,294.4,4,0
83,81,289.1,4,0
83,2,87.1,4,4
83,3,85.5,4,4
83,18,84.4,4,4
83,19,84.2,4,4
83,34,87.0,4,4
83,35,69.4,4,4
83,50,71.6,4,4
83,51,77.8,4,4
83,66,63.4,4,4
83,67,71.4,4,4
83,82,77.3,4,4
83,83,0.0,4,4
83,96,63.6,4,4
83,97,65.1,4,4
83,110,75.8,4,4
83,111,70.3,4,4
83,124,66.8,4,4
83,125,71.2,4,4
83,4,74.2,4,1
83,5,69.2,4,1
83,20,73.2,4,1
83,21,85.9,4,1
83,36,77.5,4,1
83,37,91.3,4,1
83,52,93.4,4,1
83,53,85.3,4,1
83,68,91.2,4,1
83,69,81.9,4,1
83,84,97.4,4,1
83,85,82.5,4,1
83,98,85.4,4,1
83,99,85.2,4,1
83,112,91.1,4,1
83,113,92.9,4,1
83,126,81.5,4,1
83,127,90.8,4,1
83,6,81.6,4,2
83,7,65.1,4,2
83,22,76.8,4,2
83,23,75.0,4,2
83,38,83.6,4,2
83,39,74.5,4,2
83,54,89.0,4,2
83,55,83.1,4,2
83,70,92.0,4,2
83,71,87.7,4,2
83,86,77.5,4,2
83,87,82.3,4,2
83,100,79.6,4,2
83,101,81.9,4,2
83,114,84.4,4,2
83,115,77.4,4,2
83,128,74.7,4,2
83,129,88.2,4,2
83,138,81.5,4,2
83,139,89.3,4,2
83,8,86.3,4,3
83,9,81.8,4,3
83,24,78.5,4,3
83,25,81.7,4,3
83,40,90.1,4,3
83,41,88.9,4,3
83,56,90.3,4,3
83,57,100.8,4,3
83,72,100.2,4,3
83,73,98.9,4,3
83,88,86.7,4,3
83,89,101.2,4,3
83,102,79.9,4,3
83,103,86.6,4,3
83,116,81.6,4,3
83,117,87.0,4,3
83,130,86.9,4,3
83,131,91.1,4,3
83,140,101.1,4,3
83,141,79.4,4,3
83,10,288.4,4,5
83,11,285.7,4,5
83,26,287.1,4,5
83,27,285.9,4,5
83,42,288.7,4,5
83,43,287.3,4,5
83,58,291.8,4,5
83,59,286.3,4,5
83,74,282.6,4,5
83,75,289.8,4,5
83,90,289.1,4,5
83,91,291.5,4,5
83,104,291.3,4,5
83,105,288.0,4,5
83,118,290.1,4,5
83,119,290.6,4,5
83,132,290.7,4,5
83,133,295.6,4,5
83,142,292.5,4,5
83,143,294.7,4,5
83,12,294.0,4,6
83,13,292.1,4,6
83,28,296.0,4,6
83,29,295.2,4,6
83,44,290.0,4,6
83,45,293.2,4,6
83,60,292.7,4,6
83,61,297.4,4,6
83,76,296.3,4,6
83,77,296.3,4,6
83,92,297.0,4,6
83,93,300.2,4,6
83,106,297.2,4,6
83,107,295.7,4,6
83,120,292.5,4,6
83,121,302.9,4,6
83,134,300.8,4,6
83,135,291.8,4,6
83,144,294.7,4,6
83,145,287.0,4,6
83,14,287.7,4,7
83,15,290.2,4,7
83,30,291.8,4,7
83,31,289.7,4,7
83,46,294.1,4,7
83,47,290.6,4,7
83,62,293.1,4,7
83,63,288.7,4,7
83,78,290.5,4,7
83,79,290.3,4,7
83,94,293.1,4,7
83,95,291.0,4,7
83,108,294.3,4,7
83,109,292.9,4,7
83,122,287.6,4,7
83,123,296.0,4,7
83,136,296.1,4,7
83,137,295.1,4,7
83,146,296.7,4,7
83,147,294.3,4,7
96,150,289.9,4,9
96,151,293.1,4,9
96,148,292.4,4,8
96,149,287.1,4,8
96,0,283.1,4,0
96,1,285.0,4,0
96,16,283.5,4,0
96,17,288.5,4,0
96,32,291.1,4,0
96,33,289.8,4,0
96,48,290.8,4,0
96,49,292.1,4,0
96,64,289.5,4,0
96,65,288.9,4,0
96,80,289.0,4,0
96,81,282.5,4,0
96,2,83.3,4,4
96,3,83.8,4,4
96,18,87.1,4,4
96,19,86.4,4,4
96,34,82.1,4,4
96,35,79.4,4,4
96,50,70.7,4,4
96,51,72.1,4,4
96,66,75.5,4,4
96,67,71.8,4,4
96,82,72.7,4,4
96,83,63.6,4,4
96,96,0.0,4,4
96,97,70.9,4,4
96,110,73.2,4,4
96,111,66.4,4,4
96,124,57.7,4,4
96,125,68.8,4,4
96,4,72.1,4,1
96,5,77.3,4,1
96,20,77.8,4,1
96,21,80.7,4,1
96,36,79.3,4,1
96,37,97.2,4,1
96,52,97.5,4,1
96,53,85.2,4,1
96,68,95.1,4,1
96,69,86.5,4,1
96,84,98.3,4,1
96,85,90.4,4,1
96,98,91.6,4,1
96,99,78.6,4,1
96,112,90.5,4,1
96,113,94.6,4,1
96,126,85.2,4,1
96,127,88.9,4,1
96,6,82.4,4,2
96,7,76.6,4,2
96,22,78.1,4,2
96,23,81.9,4,2
96,38,84.0,4,2
96,39,71.3,4,2
96,54,90.9,4,2
96,55,84.4,4,2
96,70,89.5,4,2
96,71,88.3,4,2
96,86,73.2,4,2
96,87,88.4,4,2
96,100,76.4,4,2
96,101,76.6,4,2
96,114,82.2,4,2
96,115,74.7,4,2
96,128,75.7,4,2
96,129,87.1,4,2
96,138,87.7,4,2
96,139,88.4,4,2
96,8,90.6,4,3
96,9,91.6,4,3
96,24,81.2,4,3
96,25,83.8,4,3
96,40,88.9,4,3
96,41,93.6,4,3
96,56,83.2,4,3
96,57,101.6,4,3
96,72,92.6,4,3
96,73,105.1,4,3
96,88,87.1,4,3
96,89,93.4,4,3
96,102,89.0,4,3
96,103,90.7,4,3
96,116,87.6,4,3
96,117,85.8,4,3
96,130,86.1,4,3
96,131,83.6,4,3
96,140,94.7,4,3
96,141,83.7,4,3
96,10,282.0,4,5
96,11,278.9,4,5
96,26,280.7,4,5
96,27,279.3,4,5
96,42,282.8,4,5
96,43,281.4,4,5
96,58,285.7,4,5
96,59,280.2,4,5
96,74,276.0,4,5
96,75,283.9,4,5
96,90,282.0,4,5
96,91,286.0,4,5
96,104,285.1,4,5
96,105,281.8,4,5
96,118,284.3,4,5
96,119,283.4,4,5
96,132,284.6,4,5
96,133,290.3,4,5
96,142,286.8,4,5
96,143,288.4,4,5
96,12,287.3,4,6
96,13,285.9,4,6
96,28,290.0,4,6
96,29,289.2,4,6
96,44,283.6,4,6
96,45,286.6,4,6
96,60,286.4,4,6
96,61,291.1,4,6
96,76,290.4,4,6
96,77,289.5,4,6
96,92,291.1,4,6
96,93,293.5,4,6
96,106,291.1,4,6
96,107,288.9,4,6
96,120,286.3,4,6
96,121,296.9,4,6
96,134,294.4,4,6
96,135,286.0,4,6
96,144,289.5,4,6
96,145,281.0,4,6
96,14,281.8,4,7
96,15,285.1,4,7
96,30,285.4,4,7
96,31,283.6,4,7
96,46,289.0,4,7
96,47,283.5,4,7
96,62,287.2,4,7
96,63,283.3,4,7
96,78,285.8,4,7
96,79,284.7,4,7
96,94,288.1,4,7
96,95,284.6,4,7
96,108,289.1,4,7
96,109,287.3,4,7
96,122,280.9,4,7
96,123,289.9,4,7
96,136,289.9,4,7
96,137,289.3,4,7
96,146,290.9,4,7
96,147,288.7,4,7
97,150,289.8,4,9
97,151,294.2,4,9
97,148,293.3,4,8
97,149,287.3,4,8
97,0,283.6,4,0
97,1,285.3,4,0
97,16,283.6,4,0
97,17,288.7,4,0
97,32,291.8,4,0
97,33,290.5,4,0
97,48,291.6,4,0
97,49,293.6,4,0
97,64,290.6,4,0
97,65,290.3,4,0
97,80,289.0,4,0
97,81,283.9,4,0
97,2,93.3,4,4
97,3,97.2,4,4
97,18,87.2,4,4
97,19,88.4,4,4
97,34,90.1,4,4
97,35,73.1,4,4
97,50,72.3,4,4
97,51,74.7,4,4
97,66,64.0,4,4
97,67,73.8,4,4
97,82,73.8,4,4
97,83,65.1,4,4
97,96,70.9,4,4
97,97,0.0,4,4
97,110,78.3,4,4
97,111,79.7,4,4
97,124,62.9,4,4
97,125,77.0,4,4
97,4,81.0,4,1
97,5,77.7,4,1
97,20,80.7,4,1
97,21,88.0,4,1
97,36,78.4,4,1
97,37,97.0,4,1
97,52,93.3,4,1
97,53,86.8,4,1
97,68,93.3,4,1
97,69,87.5,4,1
97,84,101.0,4,1
97,85,89.3,4,1
97,98,88.9,4,1
97,99,81.6,4,1
97,112,94.7,4,1
97,113,88.9,4,1
97,126,86.9,4,1
97,127,90.7,4,1
97,6,72.3,4,2
97,7,80.4,4,2
97,22,80.6,4,2
97,23,76.2,4,2
97,38,78.0,4,2
97,39,83.7,4,2
97,54,90.2,4,2
97,55,85.0,4,2
97,70,91.2,4,2
97,71,86.1,4,2
97,86,86.1,4,2
97,87,85.0,4,2
97,100,86.0,4,2
97,101,90.5,4,2
97,114,79.8,4,2
97,115,83.4,4,2
97,128,82.3,4,2
97,129,88.6,4,2
97,138,75.5,4,2
97,139,91.0,4,2
97,8,84.6,4,3
97,9,90.0,4,3
97,24,83.8,4,3
97,25,86.3,4,3
97,40,94.7,4,3
97,41,98.3,4,3
97,56,98.3,4,3
97,57,101.4,4,3
97,72,105.5,4,3
97,73,98.6,4,3
97,88,94.6,4,3
97,89,108.3,4,3
97,102,90.6,4,3
97,103,91.0,4,3
97,116,86.6,4,3
97,117,91.8,4,3
97,130,93.4,4,3
97,131,97.3,4,3
97,140,104.2,4,3
97,141,84.5,4,3
97,10,282.8,4,5
97,11,278.5,4,5
97,26,280.9,4,5
97,27,278.7,4,5
97,42,283.4,4,5
97,43,281.1,4,5
97,58,287.0,4,5
97,59,281.3,4,5
97,74,276.6,4,5
97,75,285.6,4,5
97,90,284.6,4,5
97,91,286.6,4,5
97,104,286.3,4,5
97,105,282.4,4,5
97,118,284.7,4,5
97,119,285.2,4,5
97,132,284.8,4,5
97,133,290.5,4,5
97,142,288.5,4,5
97,143,290.2,4,5
97,12,288.1,4,6
97,13,284.8,4,6
97,28,289.2,4,6
97,29,288.2,4,6
97,44,283.5,4,6
97,45,287.9,4,6
97,60,286.7,4,6
97,61,291.3,4,6
97,76,290.6,4,6
97,77,289.6,4,6
97,92,291.7,4,6
97,93,295.6,4,6
97,106,292.7,4,6
97,107,290.8,4,6
97,120,285.8,4,6
97,121,297.8,4,6
97,134,295.3,4,6
97,135,288.0,4,6
97,144,290.8,4,6
97,145,281.5,4,6
97,14,282.4,4,7
97,15,285.1,4,7
97,30,286.8,4,7
97,31,283.8,4,7
97,46,290.2,4,7
97,47,285.9,4,7
97,62,288.3,4,7
97,63,283.5,4,7
97,78,285.5,4,7
97,79,286.5,4,7
97,94,288.6,4,7
97,95,284.8,4,7
97,108,287.3,4,7
97,109,285.8,4,7
97,122,282.1,4,7
97,123,290.6,4,7
97,136,290.6,4,7
97,137,289.0,4,7
97,146,291.2,4,7
97,147,287.5,4,7
110,150,296.4,4,9
110,151,300.1,4,9
110,148,299.5,4,8
110,149,293.9,4,8
110,0,290.3,4,0
110,1,292.2,4,0
110,16,291.0,4,0
110,17,295.7,4,0
110,32,297.7,4,0
110,33,297.0,4,0
110,48,298.1,4,0
110,49,299.0,4,0
110,64,296.7,4,0
110,65,295.4,4,0
110,80,295.0,4,0
110,81,290.1,4,0
110,2,77.3,4,4
110,3,83.2,4,4
110,18,81.1,4,4
110,19,71.9,4,4
110,34,76.7,4,4
110,35,84.0,4,4
110,50,74.9,4,4
110,51,75.5,4,4
110,66,81.2,4,4
110,67,60.0,4,4
110,82,69.4,4,4
110,83,75.8,4,4
110,96,73.2,4,4
110,97,78.3,4,4
110,110,0.0,4,4
110,111,71.6,4,4
110,124,76.6,4,4
110,125,67.6,4,4
110,4,71.1,4,1
110,5,82.5,4,1
110,20,76.8,4,1
110,21,87.6,4,1
110,36,76.5,4,1
110,37,79.8,4,1
110,52,93.6,4,1
110,53,81.8,4,1
110,68,83.9,4,1
110,69,78.7,4,1
110,84,98.0,4,1
110,85,82.5,4,1
110,98,83.5,4,1
110,99,91.8,4,1
110,112,90.7,4,1
110,113,90.2,4,1
110,126,79.4,4,1
110,127,87.3,4,1
110,6,87.0,4,2
110,7,74.0,4,2
110,22,73.5,4,2
110,23,78.3,4,2
110,38,84.5,4,2
110,39,86.2,4,2
110,54,97.6,4,2
110,55,84.4,4,2
110,70,86.4,4,2
110,71,98.1,4,2
110,86,79.9,4,2
110,87,91.1,4,2
110,100,86.6,4,2
110,101,85.1,4,2
110,114,85.9,4,2
110,115,63.5,4,2
110,128,77.5,4,2
110,129,79.1,4,2
110,138,83.1,4,2
110,139,87.7,4,2
110,8,89.9,4,3
110,9,87.3,4,3
110,24,73.7,4,3
110,25,76.4,4,3
110,40,83.3,4,3
110,41,90.6,4,3
110,56,95.2,4,3
110,57,105.7,4,3
110,72,106.0,4,3
110,73,112.0,4,3
110,88,94.1,4,3
110,89,106.1,4,3
110,102,87.8,4,3
110,103,95.0,4,3
110,116,94.5,4,3
110,117,90.4,4,3
110,130,91.5,4,3
110,131,82.3,4,3
110,140,106.2,4,3
110,141,93.8,4,3
110,10,289.3,4,5
110,11,285.9,4,5
110,26,287.4,4,5
110,27,286.2,4,5
110,42,289.4,4,5
110,43,288.9,4,5
110,58,292.8,4,5
110,59,286.5,4,5
110,74,282.4,4,5
110,75,291.3,4,5
110,90,290.2,4,5
110,91,292.4,4,5
110,104,291.4,4,5
110,105,288.8,4,5
110,118,290.6,4,5
110,119,290.8,4,5
110,132,290.5,4,5
110,133,296.0,4,5
110,142,293.6,4,5
110,143,295.8,4,5
110,12,293.5,4,6
110,13,292.2,4,6
110,28,295.3,4,6
110,29,295.2,4,6
110,44,290.2,4,6
110,45,294.1,4,6
110,60,292.9,4,6
110,61,297.5,4,6
110,76,296.0,4,6
110,77,295.9,4,6
110,92,296.8,4,6
110,93,300.6,4,6
110,106,298.4,4,6
110,107,296.4,4,6
110,120,293.2,4,6
110,121,303.7,4,6
110,134,300.4,4,6
110,135,291.9,4,6
110,144,295.8,4,6
110,145,287.6,4,6
110,14,287.9,4,7
110,15,291.7,4,7
110,30,292.3,4,7
110,31,289.7,4,7
110,46,295.9,4,7
110,47,291.6,4,7
110,62,294.6,4,7
110,63,290.6,4,7
110,78,293.3,4,7
110,79,292.9,4,7
110,94,295.2,4,7
110,95,291.5,4,7
110,108,295.9,4,7
110,109,295.1,4,7
110,122,288.9,4,7
110,123,296.6,4,7
110,136,297.2,4,7
110,137,296.5,4,7
110,146,298.3,4,7
110,147,295.5,4,7
111,150,290.8,4,9
111,151,294.6,4,9
111,148,293.7,4,8
111,149,287.1,4,8
111,0,283.1,4,0
111,1,287.0,4,0
111,16,283.9,4,0
111,17,290.2,4,0
111,32,292.4,4,0
111,33,289.6,4,0
111,48,292.2,4,0
111,49,293.3,4,0
111,64,291.4,4,0
111,65,290.5,4,0
111,80,289.6,4,0
111,81,284.1,4,0
111,2,81.4,4,4
111,3,79.7,4,4
111,18,85.4,4,4
111,19,81.3,4,4
111,34,80.6,4,4
111,35,79.8,4,4
111,50,78.3,4,4
111,51,80.8,4,4
111,66,80.9,4,4
111,67,74.1,4,4
111,82,79.1,4,4
111,83,70.3,4,4
111,96,66.4,4,4
111,97,79.7,4,4
111,110,71.6,4,4
111,111,0.0,4,4
111,124,68.4,4,4
111,125,78.0,4,4
111,4,81.1,4,1
111,5,79.3,4,1
111,20,77.8,4,1
111,21,67.4,4,1
111,36,78.5,4,1
111,37,95.4,4,1
111,52,101.0,4,1
111,53,86.8,4,1
111,68,91.1,4,1
111,69,84.4,4,1
111,84,84.7,4,1
111,85,90.5,4,1
111,98,85.4,4,1
111,99,83.0,4,1
111,112,94.5,4,1
111,113,93.8,4,1
111,126,84.3,4,1
111,127,89.0,4,1
111,6,86.3,4,2
111,7,75.2,4,2
111,22,75.1,4,2
111,23,80.9,4,2
111,38,84.2,4,2
111,39,76.8,4,2
111,54,85.4,4,2
111,55,77.4,4,2
111,70,84.3,4,2
111,71,86.6,4,2
111,86,79.8,4,2
111,87,86.0,4,2
111,100,79.4,4,2
111,101,82.4,4,2
111,114,88.6,4,2
111,115,74.9,4,2
111,128,76.4,4,2
111,129,79.2,4,2
111,138,84.4,4,2
111,139,71.8,4,2
111,8,78.0,4,3
111,9,88.4,4,3
111,24,84.8,4,3
111,25,81.0,4,3
111,40,86.6,4,3
111,41,93.2,4,3
111,56,90.6,4,3
111,57,100.9,4,3
111,72,82.6,4,3
111,73,96.2,4,3
111,88,84.4,4,3
111,89,88.1,4,3
111,102,88.9,4,3
111,103,89.5,4,3
111,116,85.5,4,3
111,117,87.1,4,3
111,130,75.9,4,3
111,131,91.0,4,3
111,140,89.4,4,3
111,141,85.9,4,3
111,10,283.8,4,5
111,11,279.4,4,5
111,26,282.0,4,5
111,27,280.6,4,5
111,42,283.5,4,5
111,43,283.1,4,5
111,58,286.8,4,5
111,59,281.9,4,5
111,74,275.8,4,5
111,75,285.2,4,5
111,90,282.6,4,5
111,91,288.2,4,5
111,104,287.0,4,5
111,105,281.6,4,5
111,118,284.0,4,5
111,119,284.3,4,5
111,132,284.4,4,5
111,133,291.2,4,5
111,142,287.9,4,5
111,143,289.4,4,5
111,12,287.8,4,6
111,13,285.6,4,6
111,28,290.0,4,6
111,29,290.1,4,6
111,44,284.1,4,6
111,45,285.6,4,6
111,60,286.7,4,6
111,61,291.8,4,6
111,76,290.3,4,6
111,77,290.7,4,6
111,92,291.8,4,6
111,93,295.4,4,6
111,106,291.4,4,6
111,107,289.3,4,6
111,120,287.5,4,6
111,121,298.7,4,6
111,134,295.4,4,6
111,135,286.5,4,6
111,144,289.6,4,6
111,145,279.3,4,6
111,14,282.2,4,7
111,15,285.5,4,7
111,30,286.9,4,7
111,31,284.5,4,7
111,46,289.6,4,7
111,47,283.0,4,7
111,62,286.8,4,7
111,63,283.8,4,7
111,78,286.0,4,7
111,79,285.7,4,7
111,94,288.3,4,7
111,95,286.2,4,7
111,108,289.9,4,7
111,109,288.5,4,7
111,122,281.2,4,7
111,123,291.4,4,7
111,136,290.1,4,7
111,137,290.2,4,7
111,146,292.2,4,7
111,147,289.6,4,7
124,150,291.0,4,9
124,151,294.2,4,9
124,148,294.2,4,8
124,149,287.9,4,8
124,0,284.4,4,0
124,1,286.3,4,0
124,16,284.2,4,0
124,17,289.0,4,0
124,32,292.0,4,0
124,33,290.5,4,0
124,48,291.7,4,0
124,49,292.6,4,0
124,64,291.1,4,0
124,65,290.1,4,0
124,80,289.6,4,0
124,81,284.1,4,0
124,2,89.0,4,4
124,3,85.5,4,4
124,18,83.0,4,4
124,19,84.1,4,4
124,34,83.3,4,4
124,35,72.2,4,4
124,50,76.1,4,4
124,51,85.2,4,4
124,66,75.8,4,4
124,67,72.4,4,4
124,82,69.4,4,4
124,83,66.8,4,4
124,96,57.7,4,4
124,97,62.9,4,4
124,110,76.6,4,4
124,111,68.4,4,4
124,124,0.0,4,4
124,125,74.1,4,4
124,4,72.2,4,1
124,5,73.6,4,1
124,20,72.0,4,1
124,21,77.2,4,1
124,36,77.5,4,1
124,37,91.7,4,1
124,52,86.6,4,1
124,53,84.8,4,1
124,68,88.0,4,1
124,69,81.9,4,1
124,84,94.8,4,1
124,85,79.4,4,1
124,98,81.2,4,1
124,99,78.0,4,1
124,112,92.4,4,1
124,113,90.6,4,1
124,126,79.2,4,1
124,127,86.9,4,1
124,6,75.8,4,2
124,7,71.1,4,2
124,22,72.8,4,2
124,23,73.6,4,2
124,38,81.8,4,2
124,39,78.3,4,2
124,54,86.4,4,2
124,55,84.0,4,2
124,70,92.3,4,2
124,71,85.9,4,2
124,86,84.6,4,2
124,87,89.6,4,2
124,100,76.5,4,2
124,101,76.8,4,2
124,114,76.9,4,2
124,115,76.7,4,2
124,128,73.3,4,2
124,129,84.4,4,2
124,138,79.5,4,2
124,139,84.5,4,2
124,8,79.1,4,3
124,9,86.7,4,3
124,24,79.8,4,3
124,25,84.1,4,3
124,40,88.3,4,3
124,41,94.4,4,3
124,56,90.4,4,3
124,57,104.0,4,3
124,72,93.5,4,3
124,73,99.3,4,3
124,88,86.9,4,3
124,89,96.2,4,3
124,102,86.9,4,3
124,103,93.7,4,3
124,116,72.6,4,3
124,117,93.3,4,3
124,130,86.9,4,3
124,131,94.6,4,3
124,140,102.7,4,3
124,141,78.6,4,3
124,10,284.3,4,5
124,11,280.6,4,5
124,26,282.4,4,5
124,27,281.4,4,5
124,42,284.7,4,5
124,43,283.3,4,5
124,58,287.5,4,5
124,59,281.8,4,5
124,74,277.2,4,5
124,75,286.2,4,5
124,90,283.3,4,5
124,91,287.2,4,5
124,104,286.8,4,5
124,105,282.6,4,5
124,118,283.9,4,5
124,119,285.1,4,5
124,132,284.7,4,5
124,133,290.7,4,5
124,142,287.8,4,5
124,143,290.0,4,5
124,12,287.6,4,6
124,13,286.1,4,6
124,28,289.4,4,6
124,29,290.3,4,6
124,44,283.9,4,6
124,45,287.8,4,6
124,60,287.1,4,6
124,61,292.3,4,6
124,76,290.9,4,6
124,77,290.0,4,6
124,92,292.1,4,6
124,93,295.5,4,6
124,106,292.3,4,6
124,107,290.0,4,6
124,120,287.5,4,6
124,121,297.9,4,6
124,134,295.5,4,6
124,135,287.6,4,6
124,144,290.7,4,6
124,145,282.2,4,6
124,14,282.8,4,7
124,15,285.2,4,7
124,30,287.4,4,7
124,31,284.5,4,7
124,46,290.1,4,7
124,47,284.6,4,7
124,62,288.0,4,7
124,63,284.8,4,7
124,78,286.4,4,7
124,79,286.2,4,7
124,94,287.9,4,7
124,95,285.8,4,7
124,108,288.8,4,7
124,109,286.9,4,7
124,122,282.5,4,7
124,123,290.9,4,7
124,136,290.6,4,7
124,137,289.5,4,7
124,146,292.4,4,7
124,147,288.8,4,7
125,150,293.3,4,9
125,151,297.3,4,9
125,148,296.7,4,8
125,149,291.1,4,8
125,0,287.1,4,0
125,1,289.9,4,0
125,16,288.2,4,0
125,17,293.0,4,0
125,32,295.6,4,0
125,33,294.4,4,0
125,48,295.9,4,0
125,49,296.4,4,0
125,64,293.8,4,0
125,65,292.9,4,0
125,80,293.1,4,0
125,81,287.2,4,0
125,2,67.8,4,4
125,3,80.3,4,4
125,18,79.5,4,4
125,19,79.8,4,4
125,34,84.7,4,4
125,35,81.7,4,4
125,50,75.0,4,4
125,51,69.1,4,4
125,66,75.5,4,4
125,67,65.5,4,4
125,82,76.7,4,4
125,83,71.2,4,4
125,96,68.8,4,4
125,97,77.0,4,4
125,110,67.6,4,4
125,111,78.0,4,4
125,124,74.1,4,4
125,125,0.0,4,4
125,4,67.8,4,1
125,5,70.7,4,1
125,20,67.7,4,1
125,21,79.2,4,1
125,36,69.3,4,1
125,37,88.3,4,1
125,52,96.6,4,1
125,53,78.3,4,1
125,68,88.0,4,1
125,69,80.2,4,1
125,84,96.3,4,1
125,85,84.9,4,1
125,98,85.8,4,1
125,99,86.6,4,1
125,112,85.0,4,1
125,113,88.4,4,1
125,126,76.4,4,1
125,127,80.6,4,1
125,6,83.7,4,2
125,7,73.3,4,2
125,22,75.6,4,2
125,23,77.9,4,2
125,38,82.9,4,2
125,39,79.9,4,2
125,54,94.4,4,2
125,55,79.6,4,2
125,70,82.5,4,2
125,71,90.2,4,2
125,86,75.9,4,2
125,87,91.4,4,2
125,100,72.6,4,2
125,101,84.5,4,2
125,114,87.5,4,2
125,115,74.9,4,2
125,128,71.0,4,2
125,129,82.5,4,2
125,138,79.5,4,2
125,139,87.4,4,2
125,8,89.0,4,3
125,9,79.7,4,3
125,24,73.2,4,3
125,25,77.1,4,3
125,40,78.2,4,3
125,41,86.0,4,3
125,56,84.8,4,3
125,57,98.6,4,3
125,72,97.4,4,3
125,73,107.2,4,3
125,88,86.5,4,3
125,89,97.8,4,3
125,102,84.8,4,3
125,103,90.7,4,3
125,116,85.2,4,3
125,117,79.0,4,3
125,130,87.3,4,3
125,131,79.2,4,3
125,140,95.3,4,3
125,141,82.3,4,3
125,10,286.8,4,5
125,11,282.6,4,5
125,26,284.7,4,5
125,27,283.5,4,5
125,42,285.5,4,5
125,43,285.5,4,5
125,58,289.4,4,5
125,59,284.3,4,5
125,74,279.6,4,5
125,75,287.5,4,5
125,90,285.8,4,5
125,91,289.8,4,5
125,104,288.3,4,5
125,105,285.5,4,5
125,118,288.7,4,5
125,119,288.0,4,5
125,132,289.0,4,5
125,133,294.2,4,5
125,142,291.3,4,5
125,143,292.4,4,5
125,12,292.1,4,6
125,13,290.2,4,6
125,28,293.5,4,6
125,29,292.8,4,6
125,44,288.3,4,6
125,45,291.7,4,6
125,60,291.3,4,6
125,61,295.9,4,6
125,76,295.0,4,6
125,77,294.2,4,6
125,92,295.3,4,6
125,93,299.6,4,6
125,106,295.9,4,6
125,107,293.8,4,6
125,120,291.3,4,6
125,121,301.7,4,6
125,134,298.3,4,6
125,135,290.7,4,6
125,144,293.2,4,6
125,145,285.9,4,6
125,14,286.1,4,7
125,15,289.8,4,7
125,30,289.8,4,7
125,31,288.4,4,7
125,46,293.7,4,7
125,47,288.9,4,7
125,62,291.9,4,7
125,63,288.0,4,7
125,78,290.5,4,7
125,79,289.4,4,7
125,94,293.2,4,7
125,95,289.2,4,7
125,108,293.7,4,7
125,109,293.0,4,7
125,122,286.1,4,7
125,123,295.0,4,7
125,136,294.8,4,7
125,137,293.9,4,7
125,146,295.0,4,7
125,147,293.6,4,7
4,150,296.5,1,9
4,151,299.7,1,9
4,148,299.3,1,8
4,149,293.3,1,8
4,0,290.4,1,0
4,1,293.1,1,0
4,16,290.5,1,0
4,17,295.3,1,0
4,32,297.1,1,0
4,33,296.4,1,0
4,48,297.7,1,0
4,49,298.4,1,0
4,64,297.2,1,0
4,65,294.8,1,0
4,80,294.7,1,0
4,81,289.6,1,0
4,2,82.4,1,4
4,3,78.7,1,4
4,18,72.1,1,4
4,19,77.6,1,4
4,34,79.1,1,4
4,35,83.0,1,4
4,50,78.5,1,4
4,51,81.5,1,4
4,66,78.8,1,4
4,67,68.8,1,4
4,82,76.8,1,4
4,83,74.2,1,4
4,96,72.1,1,4
4,97,81.0,1,4
4,110,71.1,1,4
4,111,81.1,1,4
4,124,72.2,1,4
4,125,67.8,1,4
4,4,0.0,1,1
4,5,65.6,1,1
4,20,63.0,1,1
4,21,71.2,1,1
4,36,67.7,1,1
4,37,81.1,1,1
4,52,79.3,1,1
4,53,71.1,1,1
4,68,82.9,1,1
4,69,73.8,1,1
4,84,92.1,1,1
4,85,67.9,1,1
4,98,76.1,1,1
4,99,81.1,1,1
4,112,81.2,1,1
4,113,81.6,1,1
4,126,68.9,1,1
4,127,78.9,1,1
4,6,77.4,1,2
4,7,70.4,1,2
4,22,71.0,1,2
4,23,72.5,1,2
4,38,79.4,1,2
4,39,82.4,1,2
4,54,94.0,1,2
4,55,88.2,1,2
4,70,87.5,1,2
4,71,87.3,1,2
4,86,75.2,1,2
4,87,87.5,1,2
4,100,80.8,1,2
4,101,81.8,1,2
4,114,79.3,1,2
4,115,74.2,1,2
4,128,76.9,1,2
4,129,81.6,1,2
4,138,78.1,1,2
4,139,80.6,1,2
4,8,79.9,1,3
4,9,77.9,1,3
4,24,66.2,1,3
4,25,72.4,1,3
4,40,76.8,1,3
4,41,81.2,1,3
4,56,80.7,1,3
4,57,92.6,1,3
4,72,97.2,1,3
4,73,96.6,1,3
4,88,83.1,1,3
4,89,90.9,1,3
4,102,75.6,1,3
4,103,82.8,1,3
4,116,81.0,1,3
4,117,85.2,1,3
4,130,82.8,1,3
4,131,78.3,1,3
4,140,93.7,1,3
4,141,81.2,1,3
4,10,288.7,1,5
4,11,285.8,1,5
4,26,288.0,1,5
4,27,285.9,1,5
4,42,288.9,1,5
4,43,288.9,1,5
4,58,291.9,1,5
4,59,285.6,1,5
4,74,283.1,1,5
4,75,291.1,1,5
4,90,289.0,1,5
4,91,292.1,1,5
4,104,291.0,1,5
4,105,288.2,1,5
4,118,289.2,1,5
4,119,290.1,1,5
4,132,290.4,1,5
4,133,295.8,1,5
4,142,293.0,1,5
4,143,295.3,1,5
4,12,294.1,1,6
4,13,292.6,1,6
4,28,296.1,1,6
4,29,296.0,1,6
4,44,290.6,1,6
4,45,294.4,1,6
4,60,293.5,1,6
4,61,298.0,1,6
4,76,296.7,1,6
4,77,295.8,1,6
4,92,297.7,1,6
4,93,300.5,1,6
4,106,298.4,1,6
4,107,296.8,1,6
4,120,293.8,1,6
4,121,304.1,1,6
4,134,301.3,1,6
4,135,292.8,1,6
4,144,296.6,1,6
4,145,288.8,1,6
4,14,290.4,1,7
4,15,292.1,1,7
4,30,293.8,1,7
4,31,291.3,1,7
4,46,296.5,1,7
4,47,292.9,1,7
4,62,295.0,1,7
4,63,292.2,1,7
4,78,293.8,1,7
4,79,293.4,1,7
4,94,295.9,1,7
4,95,292.7,1,7
4,108,296.0,1,7
4,109,294.7,1,7
4,122,290.0,1,7
4,123,296.5,1,7
4,136,297.4,1,7
4,137,295.9,1,7
4,146,298.7,1,7
4,147,296.5,1,7
5,150,293.7,1,9
5,151,297.1,1,9
5,148,296.7,1,8
5,149,289.7,1,8
5,0,287.7,1,0
5,1,290.4,1,0
5,16,287.3,1,0
5,17,292.0,1,0
5,32,294.5,1,0
5,33,293.5,1,0
5,48,295.0,1,0
5,49,295.7,1,0
5,64,294.3,1,0
5,65,292.6,1,0
5,80,292.3,1,0
5,81,287.2,1,0
5,2,87.8,1,4
5,3,83.8,1,4
5,18,82.7,1,4
5,19,80.3,1,4
5,34,87.3,1,4
5,35,70.7,1,4
5,50,80.6,1,4
5,51,84.5,1,4
5,66,80.5,1,4
5,67,69.3,1,4
5,82,78.2,1,4
5,83,69.2,1,4
5,96,77.3,1,4
5,97,77.7,1,4
5,110,82.5,1,4
5,111,79.3,1,4
5,124,73.6,1,4
5,125,70.7,1,4
5,4,65.6,1,1
5,5,0.0,1,1
5,20,59.2,1,1
5,21,75.5,1,1
5,36,72.3,1,1
5,37,82.9,1,1
5,52,81.7,1,1
5,53,77.0,1,1
5,68,82.6,1,1
5,69,75.2,1,1
5,84,87.2,1,1
5,85,73.0,1,1
5,98,74.4,1,1
5,99,71.9,1,1
5,112,87.5,1,1
5,113,78.4,1,1
5,126,73.1,1,1
5,127,80.5,1,1
5,6,80.9,1,2
5,7,64.8,1,2
5,22,71.9,1,2
5,23,73.4,1,2
5,38,83.2,1,2
5,39,81.5,1,2
5,54,90.5,1,2
5,55,89.0,1,2
5,70,93.0,1,2
5,71,89.8,1,2
5,86,79.7,1,2
5,87,92.9,1,2
5,100,86.6,1,2
5,101,87.4,1,2
5,114,89.7,1,2
5,115,78.2,1,2
5,128,79.0,1,2
5,129,83.9,1,2
5,138,82.8,1,2
5,139,88.0,1,2
5,8,77.9,1,3
5,9,70.4,1,3
5,24,69.4,1,3
5,25,75.6,1,3
5,40,78.9,1,3
5,41,85.9,1,3
5,56,85.5,1,3
5,57,99.9,1,3
5,72,99.2,1,3
5,73,97.7,1,3
5,88,83.6,1,3
5,89,97.1,1,3
5,102,80.4,1,3
5,103,80.3,1,3
5,116,76.9,1,3
5,117,83.5,1,3
5,130,85.3,1,3
5,131,83.3,1,3
5,140,94.0,1,3
5,141,80.2,1,3
5,10,287.2,1,5
5,11,283.6,1,5
5,26,285.5,1,5
5,27,283.9,1,5
5,42,286.4,1,5
5,43,286.2,1,5
5,58,289.7,1,5
5,59,284.5,1,5
5,74,280.1,1,5
5,75,288.4,1,5
5,90,286.6,1,5
5,91,289.9,1,5
5,104,289.2,1,5
5,105,285.6,1,5
5,118,287.5,1,5
5,119,287.7,1,5
5,132,288.2,1,5
5,133,293.8,1,5
5,142,290.9,1,5
5,143,292.1,1,5
5,12,292.2,1,6
5,13,289.9,1,6
5,28,293.9,1,6
5,29,293.6,1,6
5,44,288.3,1,6
5,45,291.9,1,6
5,60,291.1,1,6
5,61,295.9,1,6
5,76,294.6,1,6
5,77,294.2,1,6
5,92,295.6,1,6
5,93,299.1,1,6
5,106,296.0,1,6
5,107,294.5,1,6
5,120,291.3,1,6
5,121,301.2,1,6
5,134,299.0,1,6
5,135,291.4,1,6
5,144,294.2,1,6
5,145,287.1,1,6
5,14,288.2,1,7
5,15,289.9,1,7
5,30,291.7,1,7
5,31,287.7,1,7
5,46,293.8,1,7
5,47,290.0,1,7
5,62,292.0,1,7
5,63,289.1,1,7
5,78,290.2,1,7
5,79,290.3,1,7
5,94,292.7,1,7
5,95,289.9,1,7
5,108,293.5,1,7
5,109,292.5,1,7
5,122,286.4,1,7
5,123,294.7,1,7
5,136,294.5,1,7
5,137,293.3,1,7
5,146,295.7,1,7
5,147,293.7,1,7
20,150,295.1,1,9
20,151,299.5,1,9
20,148,299.0,1,8
20,149,293.2,1,8
20,0,290.4,1,0
20,1,293.6,1,0
20,16,290.6,1,0
20,17,295.7,1,0
20,32,297.6,1,0
20,33,296.4,1,0
20,48,297.2,1,0
20,49,298.7,1,0
20,64,297.0,1,0
20,65,295.4,1,0
20,80,294.8,1,0
20,81,290.1,1,0
20,2,74.6,1,4
20,3,77.4,1,4
20,18,79.2,1,4
20,19,78.8,1,4
20,34,80.1,1,4
20,35,82.4,1,4
20,50,81.6,1,4
20,51,86.7,1,4
20,66,78.1,1,4
20,67,72.4,1,4
20,82,80.7,1,4
20,83,73.2,1,4
20,96,77.8,1,4
20,97,80.7,1,4
20,110,76.8,1,4
20,111,77.8,1,4
20,124,72.0,1,4
20,125,67.7,1,4
20,4,63.0,1,1
20,5,59.2,1,1
20,20,0.0,1,1
20,21,71.7,1,1
20,36,66.6,1,1
20,37,84.0,1,1
20,52,87.8,1,1
20,53,66.8,1,1
20,68,76.7,1,1
20,69,72.4,1,1
20,84,86.0,1,1
20,85,72.6,1,1
20,98,71.4,1,1
20,99,76.2,1,1
20,112,86.9,1,1
20,113,83.8,1,1
20,126,63.9,1,1
20,127,81.6,1,1
20,6,78.3,1,2
20,7,69.5,1,2
20,22,70.1,1,2
20,23,75.7,1,2
20,38,85.1,1,2
20,39,83.0,1,2
20,54,96.0,1,2
20,55,87.7,1,2
20,70,89.7,1,2
20,71,90.6,1,2
20,86,74.0,1,2
20,87,92.5,1,2
20,100,82.8,1,2
20,101,82.2,1,2
20,114,91.4,1,2
20,115,73.2,1,2
20,128,74.6,1,2
20,129,83.3,1,2
20,138,80.3,1,2
20,139,81.6,1,2
20,8,79.2,1,3
20,9,64.0,1,3
20,24,64.1,1,3
20,25,70.0,1,3
20,40,82.0,1,3
20,41,80.0,1,3
20,56,81.9,1,3
20,57,91.5,1,3
20,72,91.3,1,3
20,73,98.9,1,3
20,88,82.4,1,3
20,89,90.9,1,3
20,102,78.0,1,3
20,103,86.8,1,3
20,116,77.1,1,3
20,117,82.9,1,3
20,130,79.6,1,3
20,131,81.4,1,3
20,140,93.8,1,3
20,141,82.6,1,3
20,10,289.8,1,5
20,11,286.5,1,5
20,26,287.7,1,5
20,27,286.6,1,5
20,42,288.3,1,5
20,43,289.8,1,5
20,58,292.1,1,5
20,59,287.2,1,5
20,74,282.9,1,5
20,75,290.8,1,5
20,90,288.7,1,5
20,91,292.3,1,5
20,104,290.8,1,5
20,105,287.7,1,5
20,118,290.0,1,5
20,119,291.2,1,5
20,132,290.6,1,5
20,133,296.7,1,5
20,142,293.1,1,5
20,143,295.1,1,5
20,12,294.1,1,6
20,13,292.5,1,6
20,28,294.9,1,6
20,29,296.3,1,6
20,44,290.9,1,6
20,45,294.6,1,6
20,60,293.8,1,6
20,61,298.8,1,6
20,76,296.8,1,6
20,77,297.2,1,6
20,92,298.5,1,6
20,93,302.0,1,6
20,106,298.7,1,6
20,107,297.0,1,6
20,120,293.9,1,6
20,121,304.3,1,6
20,134,301.3,1,6
20,135,292.8,1,6
20,144,295.9,1,6
20,145,289.1,1,6
20,14,289.6,1,7
20,15,292.3,1,7
20,30,293.7,1,7
20,31,290.9,1,7
20,46,295.8,1,7
20,47,292.2,1,7
20,62,294.0,1,7
20,63,291.7,1,7
20,78,293.1,1,7
20,79,293.2,1,7
20,94,295.6,1,7
20,95,292.9,1,7
20,108,295.9,1,7
20,109,294.9,1,7
20,122,290.0,1,7
20,123,297.2,1,7
20,136,297.0,1,7
20,137,295.4,1,7
20,146,298.0,1,7
20,147,296.1,1,7
21,150,291.6,1,9
21,151,294.7,1,9
21,148,294.7,1,8
21,149,287.5,1,8
21,0,284.3,1,0
21,1,288.3,1,0
21,16,285.3,1,0
21,17,290.4,1,0
21,32,292.8,1,0
21,33,290.5,1,0
21,48,293.2,1,0
21,49,294.4,1,0
21,64,292.9,1,0
21,65,291.5,1,0
21,80,290.4,1,0
21,81,284.5,1,0
21,2,89.2,1,4
21,3,82.3,1,4
21,18,83.2,1,4
21,19,85.3,1,4
21,34,89.0,1,4
21,35,90.7,1,4
21,50,85.8,1,4
21,51,94.5,1,4
21,66,86.0,1,4
21,67,84.1,1,4
21,82,91.6,1,4
21,83,85.9,1,4
21,96,80.7,1,4
21,97,88.0,1,4
21,110,87.6,1,4
21,111,67.4,1,4
21,124,77.2,1,4
21,125,79.2,1,4
21,4,71.2,1,1
21,5,75.5,1,1
21,20,71.7,1,1
21,21,0.0,1,1
21,36,78.8,1,1
21,37,98.0,1,1
21,52,100.6,1,1
21,53,76.6,1,1
21,68,92.4,1,1
21,69,82.5,1,1
21,84,86.5,1,1
21,85,82.5,1,1
21,98,83.5,1,1
21,99,76.3,1,1
21,112,87.7,1,1
21,113,88.1,1,1
21,126,73.6,1,1
21,127,84.0,1,1
21,6,85.1,1,2
21,7,80.6,1,2
21,22,79.6,1,2
21,23,82.8,1,2
21,38,79.1,1,2
21,39,83.8,1,2
21,54,89.1,1,2
21,55,81.2,1,2
21,70,83.0,1,2
21,71,81.3,1,2
21,86,84.5,1,2
21,87,92.9,1,2
21,100,78.9,1,2
21,101,86.6,1,2
21,114,90.1,1,2
21,115,84.4,1,2
21,128,83.4,1,2
21,129,74.8,1,2
21,138,78.3,1,2
21,139,75.0,1,2
21,8,78.1,1,3
21,9,81.4,1,3
21,24,78.4,1,3
21,25,76.6,1,3
21,40,81.0,1,3
21,41,86.4,1,3
21,56,87.1,1,3
21,57,94.3,1,3
21,72,81.7,1,3
21,73,97.0,1,3
21,88,85.2,1,3
21,89,84.9,1,3
21,102,85.8,1,3
21,103,89.4,1,3
21,116,80.9,1,3
21,117,89.2,1,3
21,130,68.6,1,3
21,131,88.5,1,3
21,140,79.7,1,3
21,141,83.9,1,3
21,10,285.0,1,5
21,11,279.5,1,5
21,26,282.9,1,5
21,27,281.2,1,5
21,42,284.3,1,5
21,43,285.0,1,5
21,58,288.1,1,5
21,59,283.1,1,5
21,74,277.3,1,5
21,75,287.1,1,5
21,90,283.7,1,5
21,91,289.2,1,5
21,104,287.9,1,5
21,105,282.1,1,5
21,118,285.2,1,5
21,119,285.4,1,5
21,132,285.9,1,5
21,133,292.4,1,5
21,142,288.7,1,5
21,143,290.8,1,5
21,12,289.7,1,6
21,13,287.7,1,6
21,28,291.9,1,6
21,29,291.5,1,6
21,44,285.5,1,6
21,45,288.2,1,6
21,60,288.2,1,6
21,61,293.9,1,6
21,76,292.2,1,6
21,77,292.2,1,6
21,92,293.7,1,6
21,93,297.6,1,6
21,106,293.6,1,6
21,107,290.0,1,6
21,120,289.1,1,6
21,121,300.5,1,6
21,134,296.8,1,6
21,135,288.8,1,6
21,144,292.3,1,6
21,145,282.6,1,6
21,14,285.0,1,7
21,15,287.8,1,7
21,30,289.8,1,7
21,31,286.9,1,7
21,46,291.6,1,7
21,47,285.3,1,7
21,62,289.1,1,7
21,63,286.6,1,7
21,78,288.1,1,7
21,79,287.7,1,7
21,94,291.3,1,7
21,95,288.4,1,7
21,108,292.0,1,7
21,109,290.2,1,7
21,122,283.6,1,7
21,123,292.8,1,7
21,136,291.9,1,7
21,137,291.8,1,7
21,146,293.8,1,7
21,147,291.7,1,7
36,150,291.7,1,9
36,151,295.9,1,9
36,148,295.0,1,8
36,149,289.2,1,8
36,0,285.8,1,0
36,1,287.6,1,0
36,16,286.2,1,0
36,17,291.6,1,0
36,32,293.3,1,0
36,33,292.6,1,0
36,48,293.7,1,0
36,49,295.0,1,0
36,64,292.9,1,0
36,65,291.5,1,0
36,80,290.5,1,0
36,81,285.4,1,0
36,2,77.6,1,4
36,3,87.7,1,4
36,18,87.3,1,4
36,19,83.7,1,4
36,34,87.2,1,4
36,35,82.9,1,4
36,50,79.1,1,4
36,51,75.8,1,4
36,66,77.0,1,4
36,67,74.4,1,4
36,82,80.6,1,4
36,83,77.5,1,4
36,96,79.3,1,4
36,97,78.4,1,4
36,110,76.5,1,4
36,111,78.5,1,4
36,124,77.5,1,4
36,125,69.3,1,4
36,4,67.7,1,1
36,5,72.3,1,1
36,20,66.6,1,1
36,21,78.8,1,1
36,36,0.0,1,1
36,37,84.7,1,1
36,52,87.7,1,1
36,53,73.8,1,1
36,68,76.7,1,1
36,69,76.2,1,1
36,84,91.5,1,1
36,85,79.7,1,1
36,98,75.9,1,1
36,99,79.7,1,1
36,112,72.9,1,1
36,113,81.1,1,1
36,126,76.3,1,1
36,127,78.7,1,1
36,6,80.9,1,2
36,7,74.6,1,2
36,22,78.2,1,2
36,23,85.0,1,2
36,38,84.9,1,2
36,39,87.5,1,2
36,54,97.7,1,2
36,55,87.2,1,2
36,70,86.2,1,2
36,71,91.2,1,2
36,86,86.7,1,2
36,87,88.0,1,2
36,100,82.0,1,2
36,101,87.2,1,2
36,114,90.9,1,2
36,115,79.5,1,2
36,128,77.0,1,2
36,129,85.5,1,2
36,138,81.9,1,2
36,139,91.2,1,2
36,8,82.9,1,3
36,9,85.8,1,3
36,24,73.0,1,3
36,25,75.4,1,3
36,40,79.8,1,3
36,41,85.6,1,3
36,56,87.1,1,3
36,57,92.9,1,3
36,72,93.9,1,3
36,73,97.8,1,3
36,88,84.1,1,3
36,89,84.2,1,3
36,102,80.1,1,3
36,103,89.3,1,3
36,116,81.9,1,3
36,117,70.4,1,3
36,130,81.6,1,3
36,131,83.5,1,3
36,140,91.0,1,3
36,141,79.5,1,3
36,10,284.9,1,5
36,11,280.1,1,5
36,26,282.7,1,5
36,27,280.9,1,5
36,42,285.1,1,5
36,43,284.4,1,5
36,58,288.4,1,5
36,59,282.4,1,5
36,74,278.5,1,5
36,75,286.9,1,5
36,90,285.9,1,5
36,91,288.5,1,5
36,104,286.9,1,5
36,105,283.6,1,5
36,118,286.7,1,5
36,119,287.7,1,5
36,132,287.2,1,5
36,133,292.9,1,5
36,142,289.6,1,5
36,143,292.0,1,5
36,12,290.8,1,6
36,13,289.2,1,6
36,28,292.9,1,6
36,29,291.9,1,6
36,44,286.2,1,6
36,45,290.4,1,6
36,60,289.8,1,6
36,61,294.8,1,6
36,76,293.1,1,6
36,77,292.9,1,6
36,92,294.7,1,6
36,93,298.4,1,6
36,106,295.3,1,6
36,107,293.5,1,6
36,120,289.8,1,6
36,121,301.0,1,6
36,134,297.5,1,6
36,135,289.7,1,6
36,144,293.4,1,6
36,145,283.6,1,6
36,14,285.7,1,7
36,15,289.1,1,7
36,30,290.1,1,7
36,31,287.1,1,7
36,46,292.8,1,7
36,47,288.6,1,7
36,62,291.8,1,7
36,63,286.9,1,7
36,78,289.4,1,7
36,79,288.2,1,7
36,94,292.0,1,7
36,95,287.6,1,7
36,108,291.5,1,7
36,109,290.1,1,7
36,122,285.4,1,7
36,123,293.4,1,7
36,136,293.5,1,7
36,137,291.9,1,7
36,146,294.4,1,7
36,147,291.3,1,7
37,150,292.4,1,9
37,151,296.4,1,9
37,148,295.6,1,8
37,149,289.9,1,8
37,0,285.8,1,0
37,1,288.9,1,0
37,16,285.8,1,0
37,17,291.5,1,0
37,32,294.2,1,0
37,33,292.8,1,0
37,48,295.2,1,0
37,49,295.5,1,0
37,64,294.0,1,0
37,65,291.7,1,0
37,80,291.7,1,0
37,81,286.8,1,0
37,2,91.6,1,4
37,3,92.3,1,4
37,18,94.8,1,4
37,19,83.4,1,4
37,34,95.3,1,4
37,35,87.1,1,4
37,50,96.4,1,4
37,51,96.4,1,4
37,66,97.0,1,4
37,67,81.0,1,4
37,82,92.2,1,4
37,83,91.3,1,4
37,96,97.2,1,4
37,97,97.0,1,4
37,110,79.8,1,4
37,111,95.4,1,4
37,124,91.7,1,4
37,125,88.3,1,4
37,4,81.1,1,1
37,5,82.9,1,1
37,20,84.0,1,1
37,21,98.0,1,1
37,36,84.7,1,1
37,37,0.0,1,1
37,52,69.7,1,1
37,53,70.9,1,1
37,68,71.4,1,1
37,69,71.3,1,1
37,84,87.3,1,1
37,85,71.2,1,1
37,98,73.4,1,1
37,99,78.6,1,1
37,112,78.9,1,1
37,113,77.8,1,1
37,126,81.5,1,1
37,127,79.3,1,1
37,6,91.4,1,2
37,7,82.0,1,2
37,22,86.0,1,2
37,23,87.7,1,2
37,38,90.0,1,2
37,39,96.8,1,2
37,54,104.9,1,2
37,55,96.7,1,2
37,70,100.0,1,2
37,71,101.7,1,2
37,86,93.1,1,2
37,87,94.0,1,2
37,100,102.7,1,2
37,101,96.9,1,2
37,114,106.2,1,2
37,115,89.2,1,2
37,128,92.9,1,2
37,129,91.8,1,2
37,138,97.9,1,2
37,139,103.5,1,2
37,8,86.0,1,3
37,9,89.8,1,3
37,24,70.5,1,3
37,25,80.9,1,3
37,40,79.0,1,3
37,41,96.3,1,3
37,56,95.0,1,3
37,57,106.2,1,3
37,72,108.2,1,3
37,73,99.6,1,3
37,88,93.8,1,3
37,89,102.9,1,3
37,102,83.1,1,3
37,103,88.3,1,3
37,116,91.6,1,3
37,117,97.4,1,3
37,130,97.0,1,3
37,131,92.4,1,3
37,140,104.2,1,3
37,141,99.2,1,3
37,10,286.5,1,5
37,11,282.0,1,5
37,26,284.1,1,5
37,27,281.8,1,5
37,42,285.0,1,5
37,43,285.4,1,5
37,58,288.7,1,5
37,59,283.0,1,5
37,74,278.2,1,5
37,75,287.3,1,5
37,90,285.5,1,5
37,91,287.9,1,5
37,104,286.9,1,5
37,105,283.9,1,5
37,118,285.3,1,5
37,119,286.5,1,5
37,132,286.3,1,5
37,133,291.5,1,5
37,142,288.9,1,5
37,143,290.9,1,5
37,12,290.9,1,6
37,13,289.2,1,6
37,28,292.2,1,6
37,29,292.8,1,6
37,44,285.8,1,6
37,45,291.6,1,6
37,60,290.7,1,6
37,61,295.6,1,6
37,76,293.1,1,6
37,77,292.5,1,6
37,92,294.4,1,6
37,93,298.9,1,6
37,106,296.2,1,6
37,107,294.2,1,6
37,120,290.9,1,6
37,121,301.6,1,6
37,134,298.6,1,6
37,135,289.6,1,6
37,144,293.2,1,6
37,145,285.1,1,6
37,14,285.9,1,7
37,15,289.2,1,7
37,30,290.3,1,7
37,31,287.4,1,7
37,46,293.6,1,7
37,47,289.3,1,7
37,62,292.4,1,7
37,63,289.4,1,7
37,78,289.6,1,7
37,79,288.8,1,7
37,94,292.3,1,7
37,95,289.9,1,7
37,108,292.5,1,7
37,109,291.2,1,7
37,122,285.3,1,7
37,123,294.9,1,7
37,136,294.2,1,7
37,137,293.3,1,7
37,146,295.2,1,7
37,147,292.3,1,7
52,150,289.6,1,9
52,151,293.0,1,9
52,148,292.8,1,8
52,149,286.2,1,8
52,0,283.4,1,0
52,1,284.7,1,0
52,16,281.4,1,0
52,17,287.8,1,0
52,32,290.0,1,0
52,33,288.8,1,0
52,48,290.6,1,0
52,49,291.2,1,0
52,64,289.7,1,0
52,65,288.5,1,0
52,80,287.9,1,0
52,81,282.9,1,0
52,2,101.3,1,4
52,3,93.6,1,4
52,18,90.5,1,4
52,19,87.7,1,4
52,34,94.9,1,4
52,35,93.0,1,4
52,50,96.9,1,4
52,51,109.9,1,4
52,66,100.3,1,4
52,67,91.4,1,4
52,82,95.6,1,4
52,83,93.4,1,4
52,96,97.5,1,4
52,97,93.3,1,4
52,110,93.6,1,4
52,111,101.0,1,4
52,124,86.6,1,4
52,125,96.6,1,4
52,4,79.3,1,1
52,5,81.7,1,1
52,20,87.8,1,1
52,21,100.6,1,1
52,36,87.7,1,1
52,37,69.7,1,1
52,52,0.0,1,1
52,53,76.2,1,1
52,68,75.3,1,1
52,69,75.3,1,1
52,84,87.6,1,1
52,85,65.6,1,1
52,98,70.2,1,1
52,99,79.6,1,1
52,112,86.9,1,1
52,113,83.6,1,1
52,126,83.5,1,1
52,127,85.1,1,1
52,6,89.1,1,2
52,7,84.4,1,2
52,22,88.0,1,2
52,23,81.2,1,2
52,38,92.6,1,2
52,39,92.3,1,2
52,54,99.1,1,2
52,55,100.3,1,2
52,70,103.2,1,2
52,71,96.7,1,2
52,86,92.0,1,2
52,87,100.4,1,2
52,100,102.2,1,2
52,101,94.3,1,2
52,114,92.0,1,2
52,115,89.0,1,2
52,128,94.3,1,2
52,129,95.8,1,2
52,138,96.5,1,2
52,139,98.8,1,2
52,8,73.5,1,3
52,9,93.0,1,3
52,24,86.1,1,3
52,25,92.2,1,3
52,40,96.3,1,3
52,41,100.6,1,3
52,56,103.3,1,3
52,57,111.4,1,3
52,72,114.6,1,3
52,73,108.0,1,3
52,88,98.5,1,3
52,89,105.1,1,3
52,102,86.6,1,3
52,103,93.6,1,3
52,116,91.4,1,3
52,117,105.5,1,3
52,130,101.7,1,3
52,131,97.9,1,3
52,140,112.6,1,3
52,141,97.9,1,3
52,10,282.9,1,5
52,11,278.8,1,5
52,26,280.5,1,5
52,27,279.4,1,5
52,42,281.2,1,5
52,43,281.8,1,5
52,58,285.4,1,5
52,59,278.6,1,5
52,74,274.2,1,5
52,75,283.9,1,5
52,90,281.5,1,5
52,91,284.5,1,5
52,104,282.7,1,5
52,105,279.8,1,5
52,118,280.6,1,5
52,119,282.4,1,5
52,132,281.8,1,5
52,133,287.4,1,5
52,142,284.4,1,5
52,143,287.5,1,5
52,12,285.2,1,6
52,13,283.5,1,6
52,28,285.5,1,6
52,29,288.8,1,6
52,44,281.4,1,6
52,45,287.6,1,6
52,60,287.1,1,6
52,61,291.2,1,6
52,76,288.6,1,6
52,77,287.6,1,6
52,92,291.4,1,6
52,93,294.5,1,6
52,106,291.9,1,6
52,107,290.6,1,6
52,120,286.3,1,6
52,121,297.2,1,6
52,134,294.4,1,6
52,135,286.7,1,6
52,144,290.2,1,6
52,145,282.6,1,6
52,14,283.2,1,7
52,15,285.1,1,7
52,30,287.9,1,7
52,31,284.2,1,7
52,46,290.2,1,7
52,47,285.7,1,7
52,62,289.1,1,7
52,63,285.8,1,7
52,78,286.4,1,7
52,79,285.4,1,7
52,94,288.5,1,7
52,95,285.4,1,7
52,108,288.3,1,7
52,109,286.5,1,7
52,122,282.1,1,7
52,123,290.2,1,7
52,136,290.2,1,7
52,137,288.8,1,7
52,146,292.2,1,7
52,147,289.0,1,7
53,150,291.6,1,9
53,151,295.5,1,9
53,148,294.8,1,8
53,149,288.7,1,8
53,0,286.1,1,0
53,1,289.2,1,0
53,16,286.3,1,0
53,17,290.9,1,0
53,32,293.3,1,0
53,33,291.8,1,0
53,48,293.8,1,0
53,49,294.3,1,0
53,64,293.2,1,0
53,65,291.0,1,0
53,80,289.6,1,0
53,81,285.6,1,0
53,2,83.9,1,4
53,3,84.9,1,4
53,18,87.4,1,4
53,19,79.9,1,4
53,34,86.0,1,4
53,35,87.0,1,4
53,50,77.8,1,4
53,51,85.8,1,4
53,66,81.5,1,4
53,67,77.1,1,4
53,82,83.0,1,4
53,83,85.3,1,4
53,96,85.2,1,4
53,97,86.8,1,4
53,110,81.8,1,4
53,111,86.8,1,4
53,124,84.8,1,4
53,125,78.3,1,4
53,4,71.1,1,1
53,5,77.0,1,1
53,20,66.8,1,1
53,21,76.6,1,1
53,36,73.8,1,1
53,37,70.9,1,1
53,52,76.2,1,1
53,53,0.0,1,1
53,68,66.4,1,1
53,69,61.6,1,1
53,84,76.9,1,1
53,85,69.3,1,1
53,98,65.4,1,1
53,99,68.6,1,1
53,112,68.4,1,1
53,113,70.4,1,1
53,126,66.3,1,1
53,127,74.0,1,1
53,6,75.1,1,2
53,7,74.4,1,2
53,22,72.3,1,2
53,23,78.9,1,2
53,38,81.8,1,2
53,39,84.7,1,2
53,54,98.0,1,2
53,55,82.1,1,2
53,70,82.5,1,2
53,71,90.3,1,2
53,86,81.3,1,2
53,87,91.6,1,2
53,100,84.3,1,2
53,101,85.0,1,2
53,114,95.0,1,2
53,115,81.0,1,2
53,128,81.6,1,2
53,129,80.9,1,2
53,138,79.9,1,2
53,139,83.2,1,2
53,8,85.2,1,3
53,9,75.6,1,3
53,24,70.4,1,3
53,25,70.5,1,3
53,40,78.1,1,3
53,41,82.1,1,3
53,56,82.3,1,3
53,57,92.4,1,3
53,72,90.8,1,3
53,73,100.2,1,3
53,88,85.6,1,3
53,89,95.3,1,3
53,102,81.4,1,3
53,103,84.1,1,3
53,116,81.2,1,3
53,117,83.1,1,3
53,130,75.1,1,3
53,131,83.4,1,3
53,140,93.4,1,3
53,141,82.0,1,3
53,10,284.7,1,5
53,11,280.6,1,5
53,26,283.2,1,5
53,27,280.8,1,5
53,42,283.6,1,5
53,43,285.0,1,5
53,58,287.1,1,5
53,59,282.5,1,5
53,74,277.9,1,5
53,75,286.4,1,5
53,90,284.5,1,5
53,91,288.2,1,5
53,104,286.1,1,5
53,105,282.5,1,5
53,118,285.3,1,5
53,119,286.3,1,5
53,132,286.1,1,5
53,133,291.6,1,5
53,142,288.5,1,5
53,143,290.5,1,5
53,12,290.0,1,6
53,13,288.4,1,6
53,28,291.0,1,6
53,29,291.2,1,6
53,44,285.8,1,6
53,45,290.5,1,6
53,60,290.1,1,6
53,61,294.8,1,6
53,76,292.7,1,6
53,77,293.1,1,6
53,92,294.3,1,6
53,93,298.3,1,6
53,106,294.9,1,6
53,107,293.1,1,6
53,120,290.1,1,6
53,121,300.7,1,6
53,134,297.5,1,6
53,135,289.5,1,6
53,144,292.4,1,6
53,145,285.2,1,6
53,14,286.6,1,7
53,15,289.4,1,7
53,30,290.7,1,7
53,31,287.7,1,7
53,46,292.2,1,7
53,47,288.6,1,7
53,62,291.4,1,7
53,63,288.3,1,7
53,78,290.1,1,7
53,79,289.7,1,7
53,94,292.5,1,7
53,95,289.2,1,7
53,108,292.8,1,7
53,109,292.0,1,7
53,122,286.2,1,7
53,123,294.1,1,7
53,136,293.5,1,7
53,137,292.6,1,7
53,146,294.8,1,7
53,147,292.9,1,7
68,150,296.7,1,9
68,151,300.8,1,9
68,148,300.2,1,8
68,149,294.3,1,8
68,0,289.8,1,0
68,1,293.5,1,0
68,16,290.3,1,0
68,17,295.9,1,0
68,32,297.7,1,0
68,33,296.7,1,0
68,48,299.3,1,0
68,49,298.9,1,0
68,64,298.3,1,0
68,65,297.0,1,0
68,80,296.3,1,0
68,81,291.5,1,0
68,2,91.9,1,4
68,3,92.8,1,4
68,18,96.0,1,4
68,19,79.6,1,4
68,34,90.6,1,4
68,35,89.0,1,4
68,50,93.0,1,4
68,51,98.1,1,4
68,66,91.5,1,4
68,67,81.8,1,4
68,82,85.0,1,4
68,83,91.2,1,4
68,96,95.1,1,4
68,97,93.3,1,4
68,110,83.9,1,4
68,111,91.1,1,4
68,124,88.0,1,4
68,125,88.0,1,4
68,4,82.9,1,1
68,5,82.6,1,1
68,20,76.7,1,1
68,21,92.4,1,1
68,36,76.7,1,1
68,37,71.4,1,1
68,52,75.3,1,1
68,53,66.4,1,1
68,68,0.0,1,1
68,69,61.1,1,1
68,84,80.3,1,1
68,85,75.7,1,1
68,98,59.9,1,1
68,99,78.4,1,1
68,112,87.8,1,1
68,113,76.5,1,1
68,126,76.8,1,1
68,127,79.8,1,1
68,6,83.0,1,2
68,7,73.2,1,2
68,22,78.7,1,2
68,23,83.0,1,2
68,38,89.6,1,2
68,39,94.7,1,2
68,54,100.7,1,2
68,55,89.8,1,2
68,70,97.2,1,2
68,71,95.5,1,2
68,86,89.4,1,2
68,87,98.6,1,2
68,100,94.4,1,2
68,101,90.9,1,2
68,114,100.6,1,2
68,115,78.6,1,2
68,128,86.7,1,2
68,129,90.6,1,2
68,138,95.9,1,2
68,139,89.7,1,2
68,8,89.3,1,3
68,9,80.8,1,3
68,24,79.3,1,3
68,25,81.6,1,3
68,40,86.5,1,3
68,41,91.6,1,3
68,56,96.2,1,3
68,57,106.0,1,3
68,72,103.1,1,3
68,73,108.9,1,3
68,88,94.0,1,3
68,89,96.9,1,3
68,102,89.4,1,3
68,103,93.6,1,3
68,116,89.8,1,3
68,117,96.7,1,3
68,130,92.7,1,3
68,131,91.4,1,3
68,140,106.8,1,3
68,141,93.8,1,3
68,10,291.0,1,5
68,11,284.7,1,5
68,26,288.2,1,5
68,27,286.3,1,5
68,42,287.6,1,5
68,43,289.5,1,5
68,58,292.7,1,5
68,59,286.8,1,5
68,74,280.1,1,5
68,75,290.5,1,5
68,90,288.5,1,5
68,91,292.7,1,5
68,104,289.6,1,5
68,105,287.1,1,5
68,118,288.6,1,5
68,119,290.3,1,5
68,132,289.7,1,5
68,133,294.4,1,5
68,142,292.6,1,5
68,143,294.6,1,5
68,12,292.3,1,6
68,13,291.6,1,6
68,28,292.1,1,6
68,29,295.6,1,6
68,44,287.8,1,6
68,45,295.1,1,6
68,60,294.8,1,6
68,61,299.4,1,6
68,76,296.7,1,6
68,77,297.4,1,6
68,92,299.1,1,6
68,93,303.6,1,6
68,106,299.8,1,6
68,107,298.0,1,6
68,120,295.1,1,6
68,121,305.3,1,6
68,134,300.6,1,6
68,135,294.4,1,6
68,144,296.5,1,6
68,145,289.3,1,6
68,14,289.8,1,7
68,15,293.4,1,7
68,30,294.9,1,7
68,31,290.5,1,7
68,46,297.5,1,7
68,47,291.1,1,7
68,62,295.5,1,7
68,63,292.7,1,7
68,78,293.7,1,7
68,79,293.0,1,7
68,94,296.5,1,7
68,95,293.2,1,7
68,108,296.6,1,7
68,109,295.5,1,7
68,122,290.4,1,7
68,123,298.7,1,7
68,136,297.4,1,7
68,137,296.2,1,7
68,146,298.8,1,7
68,147,296.8,1,7
69,150,293.2,1,9
69,151,296.5,1,9
69,148,295.7,1,8
69,149,289.8,1,8
69,0,286.7,1,0
69,1,289.6,1,0
69,16,287.0,1,0
69,17,291.6,1,0
69,32,294.0,1,0
69,33,292.3,1,0
69,48,294.6,1,0
69,49,294.8,1,0
69,64,294.2,1,0
69,65,291.4,1,0
69,80,291.0,1,0
69,81,286.4,1,0
69,2,84.1,1,4
69,3,82.6,1,4
69,18,85.2,1,4
69,19,74.8,1,4
69,34,85.4,1,4
69,35,86.5,1,4
69,50,86.1,1,4
69,51,92.7,1,4
69,66,84.5,1,4
69,67,77.8,1,4
69,82,80.3,1,4
69,83,81.9,1,4
69,96,86.5,1,4
69,97,87.5,1,4
69,110,78.7,1,4
69,111,84.4,1,4
69,124,81.9,1,4
69,125,80.2,1,4
69,4,73.8,1,1
69,5,75.2,1,1
69,20,72.4,1,1
69,21,82.5,1,1
69,36,76.2,1,1
69,37,71.3,1,1
69,52,75.3,1,1
69,53,61.6,1,1
69,68,61.1,1,1
69,69,0.0,1,1
69,84,73.8,1,1
69,85,68.9,1,1
69,98,67.3,1,1
69,99,71.9,1,1
69,112,74.7,1,1
69,113,71.9,1,1
69,126,61.2,1,1
69,127,69.8,1,1
69,6,78.4,1,2
69,7,69.4,1,2
69,22,72.8,1,2
69,23,75.9,1,2
69,38,77.3,1,2
69,39,87.1,1,2
69,54,92.6,1,2
69,55,85.0,1,2
69,70,81.7,1,2
69,71,87.7,1,2
69,86,80.6,1,2
69,87,84.7,1,2
69,100,88.9,1,2
69,101,80.8,1,2
69,114,90.4,1,2
69,115,78.4,1,2
69,128,80.2,1,2
69,129,79.3,1,2
69,138,84.1,1,2
69,139,84.6,1,2
69,8,80.1,1,3
69,9,77.8,1,3
69,24,71.1,1,3
69,25,73.3,1,3
69,40,76.1,1,3
69,41,84.2,1,3
69,56,84.6,1,3
69,57,97.9,1,3
69,72,94.8,1,3
69,73,99.8,1,3
69,88,86.3,1,3
69,89,97.2,1,3
69,102,78.0,1,3
69,103,78.3,1,3
69,116,85.2,1,3
69,117,86.7,1,3
69,130,82.2,1,3
69,131,84.0,1,3
69,140,97.7,1,3
69,141,86.6,1,3
69,10,285.4,1,5
69,11,281.1,1,5
69,26,284.0,1,5
69,27,280.4,1,5
69,42,284.5,1,5
69,43,285.9,1,5
69,58,288.3,1,5
69,59,282.6,1,5
69,74,278.2,1,5
69,75,287.4,1,5
69,90,285.3,1,5
69,91,288.8,1,5
69,104,286.7,1,5
69,105,283.2,1,5
69,118,285.6,1,5
69,119,286.8,1,5
69,132,286.2,1,5
69,133,291.6,1,5
69,142,289.1,1,5
69,143,291.0,1,5
69,12,290.0,1,6
69,13,288.6,1,6
69,28,290.9,1,6
69,29,291.9,1,6
69,44,286.0,1,6
69,45,291.0,1,6
69,60,290.4,1,6
69,61,294.6,1,6
69,76,293.2,1,6
69,77,293.6,1,6
69,92,294.6,1,6
69,93,298.6,1,6
69,106,295.6,1,6
69,107,294.1,1,6
69,120,290.5,1,6
69,121,301.2,1,6
69,134,297.8,1,6
69,135,290.3,1,6
69,144,293.1,1,6
69,145,285.3,1,6
69,14,286.9,1,7
69,15,289.5,1,7
69,30,291.1,1,7
69,31,287.7,1,7
69,46,292.4,1,7
69,47,287.8,1,7
69,62,291.2,1,7
69,63,288.2,1,7
69,78,289.9,1,7
69,79,289.1,1,7
69,94,292.2,1,7
69,95,289.5,1,7
69,108,292.8,1,7
69,109,292.2,1,7
69,122,286.2,1,7
69,123,294.2,1,7
69,136,293.2,1,7
69,137,293.7,1,7
69,146,295.8,1,7
69,147,293.6,1,7
84,150,287.3,1,9
84,151,290.8,1,9
84,148,290.4,1,8
84,149,282.6,1,8
84,0,278.2,1,0
84,1,283.2,1,0
84,16,279.3,1,0
84,17,285.9,1,0
84,32,288.3,1,0
84,33,285.4,1,0
84,48,288.9,1,0
84,49,289.4,1,0
84,64,287.6,1,0
84,65,287.0,1,0
84,80,285.7,1,0
84,81,279.5,1,0
84,2,90.2,1,4
84,3,90.3,1,4
84,18,96.9,1,4
84,19,89.3,1,4
84,34,95.7,1,4
84,35,95.6,1,4
84,50,100.7,1,4
84,51,105.2,1,4
84,66,99.1,1,4
84,67,95.1,1,4
84,82,88.1,1,4
84,83,97.4,1,4
84,96,98.3,1,4
84,97,101.0,1,4
84,110,98.0,1,4
84,111,84.7,1,4
84,124,94.8,1,4
84,125,96.3,1,4
84,4,92.1,1,1
84,5,87.2,1,1
84,20,86.0,1,1
84,21,86.5,1,1
84,36,91.5,1,1
84,37,87.3,1,1
84,52,87.6,1,1
84,53,76.9,1,1
84,68,80.3,1,1
84,69,73.8,1,1
84,84,0.0,1,1
84,85,85.7,1,1
84,98,86.1,1,1
84,99,85.1,1,1
84,112,89.1,1,1
84,113,75.3,1,1
84,126,84.0,1,1
84,127,73.1,1,1
84,6,98.0,1,2
84,7,88.0,1,2
84,22,94.6,1,2
84,23,92.8,1,2
84,38,90.1,1,2
84,39,94.2,1,2
84,54,90.4,1,2
84,55,91.4,1,2
84,70,90.0,1,2
84,71,95.5,1,2
84,86,84.8,1,2
84,87,92.3,1,2
84,100,101.5,1,2
84,101,100.3,1,2
84,114,103.7,1,2
84,115,94.9,1,2
84,128,94.1,1,2
84,129,79.6,1,2
84,138,95.0,1,2
84,139,80.4,1,2
84,8,76.0,1,3
84,9,80.4,1,3
84,24,88.4,1,3
84,25,86.4,1,3
84,40,77.8,1,3
84,41,95.4,1,3
84,56,95.5,1,3
84,57,103.7,1,3
84,72,94.6,1,3
84,73,104.9,1,3
84,88,93.7,1,3
84,89,98.4,1,3
84,102,92.2,1,3
84,103,84.2,1,3
84,116,92.4,1,3
84,117,91.4,1,3
84,130,84.7,1,3
84,131,96.2,1,3
84,140,85.4,1,3
84,141,93.9,1,3
84,10,280.0,1,5
84,11,274.4,1,5
84,26,278.2,1,5
84,27,275.9,1,5
84,42,277.5,1,5
84,43,277.8,1,5
84,58,282.9,1,5
84,59,275.8,1,5
84,74,267.5,1,5
84,75,281.1,1,5
84,90,278.2,1,5
84,91,283.5,1,5
84,104,281.5,1,5
84,105,276.7,1,5
84,118,278.2,1,5
84,119,278.6,1,5
84,132,279.3,1,5
84,133,285.8,1,5
84,142,282.9,1,5
84,143,284.0,1,5
84,12,283.1,1,6
84,13,280.9,1,6
84,28,283.4,1,6
84,29,286.4,1,6
84,44,278.6,1,6
84,45,283.0,1,6
84,60,284.4,1,6
84,61,289.2,1,6
84,76,286.8,1,6
84,77,287.5,1,6
84,92,288.7,1,6
84,93,294.0,1,6
84,106,289.5,1,6
84,107,288.4,1,6
84,120,285.1,1,6
84,121,296.6,1,6
84,134,292.3,1,6
84,135,284.0,1,6
84,144,287.3,1,6
84,145,276.9,1,6
84,14,279.9,1,7
84,15,282.9,1,7
84,30,284.6,1,7
84,31,280.8,1,7
84,46,287.5,1,7
84,47,281.0,1,7
84,62,284.6,1,7
84,63,280.3,1,7
84,78,281.4,1,7
84,79,282.0,1,7
84,94,285.3,1,7
84,95,283.8,1,7
84,108,288.2,1,7
84,109,286.7,1,7
84,122,277.1,1,7
84,123,289.1,1,7
84,136,287.4,1,7
84,137,288.2,1,7
84,146,290.0,1,7
84,147,287.7,1,7
85,150,292.6,1,9
85,151,296.2,1,9
85,148,295.8,1,8
85,149,289.6,1,8
85,0,287.3,1,0
85,1,288.9,1,0
85,16,285.8,1,0
85,17,292.1,1,0
85,32,293.5,1,0
85,33,293.0,1,0
85,48,294.6,1,0
85,49,294.9,1,0
85,64,294.4,1,0
85,65,292.0,1,0
85,80,291.6,1,0
85,81,286.9,1,0
85,2,90.1,1,4
85,3,82.4,1,4
85,18,73.9,1,4
85,19,82.8,1,4
85,34,88.3,1,4
85,35,90.3,1,4
85,50,92.4,1,4
85,51,101.6,1,4
85,66,88.7,1,4
85,67,83.7,1,4
85,82,89.5,1,4
85,83,82.5,1,4
85,96,90.4,1,4
85,97,89.3,1,4
85,110,82.5,1,4
85,111,90.5,1,4
85,124,79.4,1,4
85,125,84.9,1,4
85,4,67.9,1,1
85,5,73.0,1,1
85,20,72.6,1,1
85,21,82.5,1,1
85,36,79.7,1,1
85,37,71.2,1,1
85,52,65.6,1,1
85,53,69.3,1,1
85,68,75.7,1,1
85,69,68.9,1,1
85,84,85.7,1,1
85,85,0.0,1,1
85,98,64.9,1,1
85,99,73.9,1,1
85,112,83.6,1,1
85,113,73.6,1,1
85,126,62.9,1,1
85,127,75.7,1,1
85,6,84.4,1,2
85,7,69.9,1,2
85,22,76.6,1,2
85,23,75.0,1,2
85,38,80.6,1,2
85,39,87.5,1,2
85,54,97.8,1,2
85,55,91.5,1,2
85,70,95.0,1,2
85,71,89.7,1,2
85,86,82.6,1,2
85,87,94.6,1,2
85,100,94.3,1,2
85,101,87.3,1,2
85,114,92.2,1,2
85,115,79.3,1,2
85,128,84.4,1,2
85,129,81.6,1,2
85,138,82.2,1,2
85,139,86.6,1,2
85,8,75.5,1,3
85,9,79.1,1,3
85,24,77.3,1,3
85,25,77.7,1,3
85,40,85.1,1,3
85,41,83.9,1,3
85,56,85.7,1,3
85,57,94.8,1,3
85,72,99.7,1,3
85,73,95.5,1,3
85,88,86.5,1,3
85,89,94.0,1,3
85,102,78.7,1,3
85,103,89.8,1,3
85,116,82.1,1,3
85,117,97.9,1,3
85,130,90.3,1,3
85,131,89.2,1,3
85,140,104.9,1,3
85,141,92.0,1,3
85,10,287.0,1,5
85,11,283.1,1,5
85,26,285.1,1,5
85,27,283.3,1,5
85,42,285.7,1,5
85,43,286.4,1,5
85,58,289.0,1,5
85,59,283.3,1,5
85,74,279.9,1,5
85,75,288.1,1,5
85,90,285.8,1,5
85,91,287.7,1,5
85,104,287.7,1,5
85,105,284.4,1,5
85,118,285.9,1,5
85,119,287.6,1,5
85,132,286.2,1,5
85,133,292.2,1,5
85,142,289.2,1,5
85,143,291.7,1,5
85,12,290.6,1,6
85,13,289.4,1,6
85,28,292.1,1,6
85,29,292.7,1,6
85,44,286.7,1,6
85,45,291.5,1,6
85,60,290.0,1,6
85,61,295.4,1,6
85,76,293.4,1,6
85,77,292.1,1,6
85,92,294.9,1,6
85,93,298.2,1,6
85,106,295.5,1,6
85,107,294.2,1,6
85,120,290.8,1,6
85,121,300.7,1,6
85,134,298.0,1,6
85,135,290.1,1,6
85,144,293.0,1,6
85,145,285.9,1,6
85,14,287.0,1,7
85,15,289.2,1,7
85,30,291.2,1,7
85,31,287.5,1,7
85,46,293.4,1,7
85,47,289.4,1,7
85,62,291.8,1,7
85,63,289.5,1,7
85,78,290.3,1,7
85,79,290.2,1,7
85,94,292.7,1,7
85,95,289.8,1,7
85,108,292.5,1,7
85,109,291.4,1,7
85,122,287.3,1,7
85,123,293.6,1,7
85,136,293.9,1,7
85,137,292.8,1,7
85,146,295.7,1,7
85,147,292.9,1,7
98,150,296.5,1,9
98,151,299.3,1,9
98,148,299.3,1,8
98,149,293.2,1,8
98,0,290.6,1,0
98,1,293.2,1,0
98,16,290.3,1,0
98,17,295.0,1,0
98,32,297.3,1,0
98,33,295.8,1,0
98,48,297.8,1,0
98,49,298.4,1,0
98,64,297.3,1,0
98,65,295.6,1,0
98,80,295.2,1,0
98,81,290.2,1,0
98,2,96.3,1,4
98,3,89.9,1,4
98,18,89.5,1,4
98,19,81.0,1,4
98,34,89.5,1,4
98,35,89.7,1,4
98,50,89.9,1,4
98,51,95.2,1,4
98,66,89.6,1,4
98,67,77.7,1,4
98,82,86.7,1,4
98,83,85.4,1,4
98,96,91.6,1,4
98,97,88.9,1,4
98,110,83.5,1,4
98,111,85.4,1,4
98,124,81.2,1,4
98,125,85.8,1,4
98,4,76.1,1,1
98,5,74.4,1,1
98,20,71.4,1,1
98,21,83.5,1,1
98,36,75.9,1,1
98,37,73.4,1,1
98,52,70.2,1,1
98,53,65.4,1,1
98,68,59.9,1,1
98,69,67.3,1,1
98,84,86.1,1,1
98,85,64.9,1,1
98,98,0.0,1,1
98,99,66.5,1,1
98,112,82.3,1,1
98,113,77.5,1,1
98,126,64.7,1,1
98,127,82.7,1,1
98,6,79.7,1,2
98,7,70.0,1,2
98,22,64.9,1,2
98,23,69.2,1,2
98,38,81.5,1,2
98,39,87.3,1,2
98,54,88.3,1,2
98,55,86.6,1,2
98,70,95.5,1,2
98,71,90.5,1,2
98,86,84.8,1,2
98,87,99.4,1,2
98,100,88.7,1,2
98,101,84.5,1,2
98,114,95.3,1,2
98,115,75.1,1,2
98,128,81.0,1,2
98,129,89.5,1,2
98,138,90.0,1,2
98,139,91.5,1,2
98,8,83.5,1,3
98,9,77.9,1,3
98,24,72.6,1,3
98,25,78.2,1,3
98,40,87.3,1,3
98,41,90.9,1,3
98,56,92.7,1,3
98,57,106.1,1,3
98,72,105.3,1,3
98,73,107.8,1,3
98,88,89.9,1,3
98,89,102.3,1,3
98,102,85.2,1,3
98,103,91.4,1,3
98,116,84.7,1,3
98,117,96.4,1,3
98,130,91.2,1,3
98,131,90.5,1,3
98,140,106.6,1,3
98,141,88.4,1,3
98,10,290.1,1,5
98,11,286.2,1,5
98,26,288.0,1,5
98,27,287.1,1,5
98,42,288.5,1,5
98,43,289.7,1,5
98,58,292.1,1,5
98,59,287.0,1,5
98,74,281.6,1,5
98,75,291.2,1,5
98,90,288.8,1,5
98,91,292.3,1,5
98,104,290.4,1,5
98,105,287.1,1,5
98,118,288.7,1,5
98,119,290.5,1,5
98,132,290.1,1,5
98,133,294.8,1,5
98,142,292.4,1,5
98,143,294.4,1,5
98,12,293.2,1,6
98,13,291.9,1,6
98,28,294.4,1,6
98,29,295.7,1,6
98,44,289.8,1,6
98,45,294.4,1,6
98,60,293.7,1,6
98,61,299.1,1,6
98,76,296.9,1,6
98,77,297.3,1,6
98,92,298.7,1,6
98,93,302.2,1,6
98,106,299.0,1,6
98,107,297.1,1,6
98,120,294.5,1,6
98,121,304.3,1,6
98,134,300.7,1,6
98,135,294.9,1,6
98,144,296.9,1,6
98,145,290.8,1,6
98,14,290.8,1,7
98,15,293.3,1,7
98,30,295.1,1,7
98,31,291.6,1,7
98,46,296.7,1,7
98,47,292.4,1,7
98,62,295.3,1,7
98,63,292.6,1,7
98,78,293.6,1,7
98,79,293.3,1,7
98,94,295.9,1,7
98,95,292.9,1,7
98,108,296.7,1,7
98,109,295.2,1,7
98,122,290.1,1,7
98,123,297.8,1,7
98,136,297.1,1,7
98,137,296.4,1,7
98,146,298.5,1,7
98,147,296.8,1,7
99,150,287.9,1,9
99,151,291.9,1,9
99,148,291.2,1,8
99,149,284.8,1,8
99,0,282.0,1,0
99,1,285.2,1,0
99,16,282.4,1,0
99,17,286.9,1,0
99,32,289.9,1,0
99,33,288.1,1,0
99,48,290.3,1,0
99,49,290.9,1,0
99,64,289.8,1,0
99,65,287.9,1,0
99,80,287.0,1,0
99,81,282.5,1,0
99,2,94.6,1,4
99,3,91.9,1,4
99,18,93.6,1,4
99,19,83.8,1,4
99,34,88.7,1,4
99,35,85.4,1,4
99,50,86.4,1,4
99,51,95.1,1,4
99,66,78.8,1,4
99,67,83.8,1,4
99,82,90.8,1,4
99,83,85.2,1,4
99,96,78.6,1,4
99,97,81.6,1,4
99,110,91.8,1,4
99,111,83.0,1,4
99,124,78.0,1,4
99,125,86.6,1,4
99,4,81.1,1,1
99,5,71.9,1,1
99,20,76.2,1,1
99,21,76.3,1,1
99,36,79.7,1,1
99,37,78.6,1,1
99,52,79.6,1,1
99,53,68.6,1,1
99,68,78.4,1,1
99,69,71.9,1,1
99,84,85.1,1,1
99,85,73.9,1,1
99,98,66.5,1,1
99,99,0.0,1,1
99,112,75.6,1,1
99,113,68.9,1,1
99,126,71.1,1,1
99,127,73.9,1,1
99,6,70.0,1,2
99,7,74.8,1,2
99,22,78.8,1,2
99,23,79.5,1,2
99,38,77.3,1,2
99,39,85.7,1,2
99,54,95.9,1,2
99,55,88.5,1,2
99,70,93.7,1,2
99,71,84.6,1,2
99,86,87.9,1,2
99,87,90.6,1,2
99,100,92.0,1,2
99,101,83.5,1,2
99,114,95.8,1,2
99,115,86.0,1,2
99,128,87.9,1,2
99,129,85.2,1,2
99,138,87.6,1,2
99,139,90.6,1,2
99,8,80.0,1,3
99,9,83.7,1,3
99,24,75.7,1,3
99,25,76.5,1,3
99,40,82.7,1,3
99,41,88.9,1,3
99,56,88.8,1,3
99,57,92.2,1,3
99,72,90.8,1,3
99,73,92.2,1,3
99,88,89.2,1,3
99,89,89.4,1,3
99,102,85.5,1,3
99,103,89.4,1,3
99,116,81.3,1,3
99,117,92.5,1,3
99,130,84.7,1,3
99,131,92.6,1,3
99,140,97.1,1,3
99,141,85.6,1,3
99,10,281.6,1,5
99,11,277.7,1,5
99,26,280.1,1,5
99,27,277.1,1,5
99,42,281.4,1,5
99,43,281.4,1,5
99,58,285.0,1,5
99,59,280.2,1,5
99,74,275.3,1,5
99,75,284.2,1,5
99,90,281.2,1,5
99,91,284.9,1,5
99,104,283.9,1,5
99,105,279.2,1,5
99,118,282.3,1,5
99,119,283.0,1,5
99,132,283.5,1,5
99,133,289.0,1,5
99,142,285.7,1,5
99,143,287.9,1,5
99,12,286.8,1,6
99,13,285.4,1,6
99,28,288.7,1,6
99,29,287.7,1,6
99,44,283.0,1,6
99,45,287.4,1,6
99,60,286.8,1,6
99,61,292.1,1,6
99,76,290.1,1,6
99,77,290.4,1,6
99,92,291.6,1,6
99,93,294.6,1,6
99,106,292.0,1,6
99,107,289.7,1,6
99,120,285.8,1,6
99,121,297.8,1,6
99,134,294.8,1,6
99,135,287.1,1,6
99,144,289.6,1,6
99,145,281.7,1,6
99,14,282.8,1,7
99,15,285.1,1,7
99,30,287.2,1,7
99,31,284.0,1,7
99,46,289.1,1,7
99,47,283.4,1,7
99,62,287.4,1,7
99,63,284.5,1,7
99,78,285.0,1,7
99,79,286.0,1,7
99,94,288.7,1,7
99,95,285.5,1,7
99,108,287.8,1,7
99,109,286.5,1,7
99,122,281.9,1,7
99,123,290.6,1,7
99,136,289.8,1,7
99,137,288.5,1,7
99,146,290.9,1,7
99,147,288.4,1,7
112,150,288.5,1,9
112,151,292.3,1,9
112,148,291.4,1,8
112,149,285.0,1,8
112,0,281.4,1,0
112,1,283.5,1,0
112,16,281.4,1,0
112,17,287.4,1,0
112,32,290.0,1,0
112,33,287.9,1,0
112,48,290.0,1,0
112,49,291.1,1,0
112,64,288.7,1,0
112,65,287.3,1,0
112,80,285.8,1,0
112,81,281.6,1,0
112,2,89.4,1,4
112,3,97.8,1,4
112,18,98.9,1,4
112,19,94.1,1,4
112,34,95.3,1,4
112,35,93.2,1,4
112,50,89.0,1,4
112,51,89.7,1,4
112,66,89.6,1,4
112,67,85.9,1,4
112,82,91.8,1,4
112,83,91.1,1,4
112,96,90.5,1,4
112,97,94.7,1,4
112,110,90.7,1,4
112,111,94.5,1,4
112,124,92.4,1,4
112,125,85.0,1,4
112,4,81.2,1,1
112,5,87.5,1,1
112,20,86.9,1,1
112,21,87.7,1,1
112,36,72.9,1,1
112,37,78.9,1,1
112,52,86.9,1,1
112,53,68.4,1,1
112,68,87.8,1,1
112,69,74.7,1,1
112,84,89.1,1,1
112,85,83.6,1,1
112,98,82.3,1,1
112,99,75.6,1,1
112,112,0.0,1,1
112,113,80.9,1,1
112,126,80.1,1,1
112,127,81.6,1,1
112,6,86.7,1,2
112,7,89.4,1,2
112,22,92.7,1,2
112,23,92.6,1,2
112,38,89.2,1,2
112,39,86.1,1,2
112,54,98.6,1,2
112,55,86.2,1,2
112,70,81.7,1,2
112,71,97.8,1,2
112,86,95.1,1,2
112,87,85.2,1,2
112,100,92.3,1,2
112,101,90.8,1,2
112,114,100.4,1,2
112,115,94.8,1,2
112,128,91.8,1,2
112,129,88.0,1,2
112,138,84.0,1,2
112,139,100.8,1,2
112,8,87.4,1,3
112,9,96.0,1,3
112,24,77.2,1,3
112,25,89.3,1,3
112,40,79.7,1,3
112,41,93.8,1,3
112,56,96.6,1,3
112,57,98.1,1,3
112,72,94.8,1,3
112,73,101.3,1,3
112,88,94.3,1,3
112,89,101.7,1,3
112,102,86.7,1,3
112,103,87.6,1,3
112,116,92.6,1,3
112,117,82.7,1,3
112,130,90.8,1,3
112,131,92.6,1,3
112,140,96.4,1,3
112,141,94.1,1,3
112,10,280.5,1,5
112,11,275.6,1,5
112,26,278.4,1,5
112,27,276.8,1,5
112,42,280.3,1,5
112,43,281.0,1,5
112,58,284.3,1,5
112,59,278.2,1,5
112,74,272.7,1,5
112,75,283.2,1,5
112,90,281.7,1,5
112,91,284.2,1,5
112,104,282.3,1,5
112,105,278.7,1,5
112,118,281.7,1,5
112,119,283.5,1,5
112,132,282.3,1,5
112,133,288.5,1,5
112,142,284.8,1,5
112,143,288.1,1,5
112,12,285.8,1,6
112,13,284.5,1,6
112,28,287.5,1,6
112,29,287.6,1,6
112,44,281.4,1,6
112,45,286.7,1,6
112,60,285.9,1,6
112,61,291.0,1,6
112,76,288.7,1,6
112,77,288.8,1,6
112,92,291.0,1,6
112,93,294.1,1,6
112,106,291.6,1,6
112,107,290.1,1,6
112,120,285.8,1,6
112,121,297.6,1,6
112,134,293.6,1,6
112,135,286.2,1,6
112,144,290.0,1,6
112,145,279.0,1,6
112,14,282.0,1,7
112,15,285.0,1,7
112,30,286.7,1,7
112,31,284.3,1,7
112,46,289.2,1,7
112,47,283.9,1,7
112,62,288.4,1,7
112,63,282.7,1,7
112,78,285.3,1,7
112,79,282.6,1,7
112,94,287.3,1,7
112,95,283.8,1,7
112,108,288.0,1,7
112,109,286.3,1,7
112,122,279.9,1,7
112,123,289.9,1,7
112,136,289.7,1,7
112,137,289.2,1,7
112,146,291.5,1,7
112,147,288.4,1,7
113,150,285.9,1,9
113,151,290.2,1,9
113,148,289.5,1,8
113,149,283.2,1,8
113,0,278.7,1,0
113,1,282.8,1,0
113,16,280.4,1,0
113,17,284.5,1,0
113,32,288.0,1,0
113,33,286.5,1,0
113,48,288.4,1,0
113,49,289.5,1,0
113,64,288.4,1,0
113,65,286.1,1,0
113,80,285.3,1,0
113,81,280.6,1,0
113,2,89.2,1,4
113,3,91.9,1,4
113,18,89.5,1,4
113,19,84.7,1,4
113,34,91.2,1,4
113,35,87.2,1,4
113,50,92.7,1,4
113,51,96.0,1,4
113,66,82.6,1,4
113,67,86.9,1,4
113,82,83.1,1,4
113,83,92.9,1,4
113,96,94.6,1,4
113,97,88.9,1,4
113,110,90.2,1,4
113,111,93.8,1,4
113,124,90.6,1,4
113,125,88.4,1,4
113,4,81.6,1,1
113,5,78.4,1,1
113,20,83.8,1,1
113,21,88.1,1,1
113,36,81.1,1,1
113,37,77.8,1,1
113,52,83.6,1,1
113,53,70.4,1,1
113,68,76.5,1,1
113,69,71.9,1,1
113,84,75.3,1,1
113,85,73.6,1,1
113,98,77.5,1,1
113,99,68.9,1,1
113,112,80.9,1,1
113,113,0.0,1,1
113,126,74.7,1,1
113,127,60.5,1,1
113,6,81.9,1,2
113,7,79.6,1,2
113,22,83.7,1,2
113,23,82.5,1,2
113,38,72.0,1,2
113,39,96.5,1,2
113,54,95.8,1,2
113,55,88.5,1,2
113,70,93.9,1,2
113,71,88.6,1,2
113,86,92.5,1,2
113,87,86.9,1,2
113,100,98.6,1,2
113,101,92.9,1,2
113,114,97.1,1,2
113,115,87.9,1,2
113,128,88.7,1,2
113,129,85.9,1,2
113,138,91.5,1,2
113,139,90.1,1,2
113,8,83.5,1,3
113,9,79.0,1,3
113,24,79.6,1,3
113,25,80.6,1,3
113,40,71.6,1,3
113,41,85.7,1,3
113,56,88.3,1,3
113,57,89.2,1,3
113,72,96.9,1,3
113,73,90.8,1,3
113,88,91.0,1,3
113,89,96.6,1,3
113,102,86.6,1,3
113,103,89.9,1,3
113,116,89.9,1,3
113,117,90.6,1,3
113,130,90.2,1,3
113,131,92.7,1,3
113,140,98.6,1,3
113,141,93.1,1,3
113,10,279.7,1,5
113,11,275.0,1,5
113,26,277.9,1,5
113,27,274.1,1,5
113,42,278.6,1,5
113,43,278.2,1,5
113,58,282.6,1,5
113,59,276.1,1,5
113,74,270.4,1,5
113,75,281.8,1,5
113,90,279.3,1,5
113,91,282.8,1,5
113,104,280.7,1,5
113,105,277.6,1,5
113,118,279.2,1,5
113,119,279.8,1,5
113,132,280.2,1,5
113,133,285.5,1,5
113,142,283.2,1,5
113,143,285.7,1,5
113,12,284.1,1,6
113,13,282.4,1,6
113,28,285.3,1,6
113,29,285.5,1,6
113,44,280.1,1,6
113,45,285.4,1,6
113,60,283.7,1,6
113,61,289.0,1,6
113,76,287.4,1,6
113,77,286.3,1,6
113,92,287.6,1,6
113,93,293.4,1,6
113,106,289.7,1,6
113,107,288.0,1,6
113,120,283.7,1,6
113,121,295.8,1,6
113,134,291.8,1,6
113,135,283.6,1,6
113,144,286.8,1,6
113,145,277.7,1,6
113,14,279.5,1,7
113,15,282.4,1,7
113,30,284.3,1,7
113,31,280.9,1,7
113,46,286.9,1,7
113,47,282.5,1,7
113,62,285.6,1,7
113,63,282.2,1,7
113,78,283.2,1,7
113,79,283.1,1,7
113,94,286.2,1,7
113,95,283.7,1,7
113,108,286.4,1,7
113,109,285.1,1,7
113,122,279.7,1,7
113,123,288.3,1,7
113,136,287.8,1,7
113,137,286.9,1,7
113,146,288.9,1,7
113,147,286.2,1,7
126,150,297.2,1,9
126,151,300.1,1,9
126,148,299.5,1,8
126,149,293.8,1,8
126,0,291.7,1,0
126,1,294.5,1,0
126,16,291.3,1,0
126,17,295.8,1,0
126,32,298.0,1,0
126,33,297.0,1,0
126,48,298.4,1,0
126,49,298.6,1,0
126,64,298.3,1,0
126,65,294.9,1,0
126,80,294.5,1,0
126,81,290.3,1,0
126,2,83.2,1,4
126,3,83.1,1,4
126,18,77.3,1,4
126,19,79.0,1,4
126,34,86.6,1,4
126,35,92.6,1,4
126,50,85.9,1,4
126,51,95.2,1,4
126,66,80.8,1,4
126,67,72.3,1,4
126,82,86.4,1,4
126,83,81.5,1,4
126,96,85.2,1,4
126,97,86.9,1,4
126,110,79.4,1,4
126,111,84.3,1,4
126,124,79.2,1,4
126,125,76.4,1,4
126,4,68.9,1,1
126,5,73.1,1,1
126,20,63.9,1,1
126,21,73.6,1,1
126,36,76.3,1,1
126,37,81.5,1,1
126,52,83.5,1,1
126,53,66.3,1,1
126,68,76.8,1,1
126,69,61.2,1,1
126,84,84.0,1,1
126,85,62.9,1,1
126,98,64.7,1,1
126,99,71.1,1,1
126,112,80.1,1,1
126,113,74.7,1,1
126,126,0.0,1,1
126,127,77.9,1,1
126,6,78.1,1,2
126,7,64.0,1,2
126,22,67.3,1,2
126,23,73.6,1,2
126,38,80.0,1,2
126,39,86.2,1,2
126,54,95.9,1,2
126,55,86.0,1,2
126,70,89.3,1,2
126,71,88.2,1,2
126,86,77.9,1,2
126,87,94.6,1,2
126,100,85.9,1,2
126,101,81.6,1,2
126,114,89.4,1,2
126,115,73.1,1,2
126,128,78.2,1,2
126,129,83.7,1,2
126,138,75.8,1,2
126,139,83.9,1,2
126,8,79.3,1,3
126,9,70.5,1,3
126,24,70.1,1,3
126,25,72.2,1,3
126,40,81.0,1,3
126,41,76.4,1,3
126,56,80.7,1,3
126,57,90.6,1,3
126,72,92.6,1,3
126,73,101.6,1,3
126,88,84.6,1,3
126,89,95.2,1,3
126,102,82.2,1,3
126,103,85.1,1,3
126,116,81.6,1,3
126,117,87.3,1,3
126,130,81.0,1,3
126,131,83.3,1,3
126,140,97.4,1,3
126,141,86.4,1,3
126,10,290.3,1,5
126,11,286.9,1,5
126,26,288.8,1,5
126,27,287.1,1,5
126,42,289.4,1,5
126,43,290.7,1,5
126,58,292.1,1,5
126,59,288.0,1,5
126,74,283.8,1,5
126,75,291.9,1,5
126,90,289.8,1,5
126,91,293.0,1,5
126,104,291.7,1,5
126,105,288.5,1,5
126,118,290.3,1,5
126,119,291.9,1,5
126,132,291.4,1,5
126,133,296.8,1,5
126,142,293.5,1,5
126,143,296.1,1,5
126,12,295.0,1,6
126,13,293.7,1,6
126,28,296.2,1,6
126,29,296.3,1,6
126,44,291.8,1,6
126,45,295.5,1,6
126,60,294.7,1,6
126,61,299.4,1,6
126,76,297.9,1,6
126,77,298.0,1,6
126,92,299.0,1,6
126,93,302.7,1,6
126,106,299.5,1,6
126,107,298.0,1,6
126,120,295.0,1,6
126,121,304.9,1,6
126,134,302.0,1,6
126,135,294.6,1,6
126,144,297.0,1,6
126,145,290.2,1,6
126,14,291.4,1,7
126,15,293.1,1,7
126,30,295.2,1,7
126,31,292.2,1,7
126,46,296.8,1,7
126,47,292.9,1,7
126,62,295.2,1,7
126,63,292.4,1,7
126,78,294.0,1,7
126,79,294.3,1,7
126,94,296.5,1,7
126,95,294.1,1,7
126,108,297.5,1,7
126,109,296.0,1,7
126,122,290.8,1,7
126,123,298.2,1,7
126,136,297.4,1,7
126,137,297.5,1,7
126,146,299.9,1,7
126,147,297.8,1,7
127,150,289.0,1,9
127,151,292.2,1,9
127,148,292.1,1,8
127,149,285.9,1,8
127,0,281.6,1,0
127,1,285.3,1,0
127,16,283.0,1,0
127,17,287.8,1,0
127,32,290.6,1,0
127,33,288.9,1,0
127,48,291.0,1,0
127,49,291.3,1,0
127,64,290.6,1,0
127,65,288.4,1,0
127,80,287.3,1,0
127,81,282.4,1,0
127,2,85.5,1,4
127,3,79.1,1,4
127,18,87.6,1,4
127,19,78.5,1,4
127,34,87.2,1,4
127,35,89.6,1,4
127,50,91.5,1,4
127,51,95.3,1,4
127,66,86.1,1,4
127,67,79.9,1,4
127,82,81.4,1,4
127,83,90.8,1,4
127,96,88.9,1,4
127,97,90.7,1,4
127,110,87.3,1,4
127,111,89.0,1,4
127,124,86.9,1,4
127,125,80.6,1,4
127,4,78.9,1,1
127,5,80.5,1,1
127,20,81.6,1,1
127,21,84.0,1,1
127,36,78.7,1,1
127,37,79.3,1,1
127,52,85.1,1,1
127,53,74.0,1,1
127,68,79.8,1,1
127,69,69.8,1,1
127,84,73.1,1,1
127,85,75.7,1,1
127,98,82.7,1,1
127,99,73.9,1,1
127,112,81.6,1,1
127,113,60.5,1,1
127,126,77.9,1,1
127,127,0.0,1,1
127,6,76.4,1,2
127,7,73.8,1,2
127,22,81.5,1,2
127,23,83.1,1,2
127,38,68.5,1,2
127,39,95.5,1,2
127,54,96.5,1,2
127,55,88.4,1,2
127,70,83.5,1,2
127,71,86.7,1,2
127,86,87.7,1,2
127,87,78.4,1,2
127,100,96.0,1,2
127,101,88.5,1,2
127,114,92.5,1,2
127,115,83.8,1,2
127,128,83.6,1,2
127,129,75.5,1,2
127,138,87.5,1,2
127,139,82.6,1,2
127,8,78.7,1,3
127,9,85.9,1,3
127,24,76.2,1,3
127,25,73.6,1,3
127,40,65.7,1,3
127,41,87.9,1,3
127,56,85.8,1,3
127,57,92.5,1,3
127,72,95.5,1,3
127,73,93.7,1,3
127,88,89.1,1,3
127,89,91.5,1,3
127,102,85.9,1,3
127,103,83.8,1,3
127,116,87.6,1,3
127,117,87.1,1,3
127,130,84.1,1,3
127,131,89.5,1,3
127,140,92.4,1,3
127,141,90.7,1,3
127,10,282.0,1,5
127,11,277.1,1,5
127,26,280.4,1,5
127,27,277.0,1,5
127,42,281.8,1,5
127,43,282.1,1,5
127,58,286.1,1,5
127,59,279.6,1,5
127,74,274.4,1,5
127,75,284.9,1,5
127,90,282.6,1,5
127,91,286.3,1,5
127,104,284.9,1,5
127,105,280.2,1,5
127,118,283.1,1,5
127,119,283.9,1,5
127,132,283.4,1,5
127,133,289.0,1,5
127,142,286.3,1,5
127,143,288.3,1,5
127,12,287.6,1,6
127,13,286.0,1,6
127,28,289.6,1,6
127,29,288.4,1,6
127,44,283.6,1,6
127,45,286.9,1,6
127,60,286.2,1,6
127,61,290.9,1,6
127,76,289.3,1,6
127,77,288.6,1,6
127,92,290.0,1,6
127,93,295.2,1,6
127,106,291.8,1,6
127,107,290.3,1,6
127,120,286.4,1,6
127,121,298.0,1,6
127,134,294.7,1,6
127,135,285.6,1,6
127,144,289.4,1,6
127,145,279.8,1,6
127,14,282.7,1,7
127,15,285.1,1,7
127,30,286.8,1,7
127,31,284.1,1,7
127,46,289.7,1,7
127,47,283.9,1,7
127,62,287.6,1,7
127,63,284.5,1,7
127,78,285.9,1,7
127,79,285.0,1,7
127,94,288.5,1,7
127,95,286.1,1,7
127,108,288.8,1,7
127,109,286.6,1,7
127,122,282.0,1,7
127,123,290.4,1,7
127,136,290.1,1,7
127,137,289.8,1,7
127,146,291.8,1,7
127,147,289.2,1,7
6,150,292.5,2,9
6,151,296.5,2,9
6,148,295.7,2,8
6,149,289.7,2,8
6,0,286.3,2,0
6,1,288.8,2,0
6,16,286.5,2,0
6,17,290.4,2,0
6,32,294.2,2,0
6,33,292.3,2,0
6,48,294.1,2,0
6,49,295.0,2,0
6,64,294.1,2,0
6,65,292.3,2,0
6,80,291.5,2,0
6,81,286.9,2,0
6,2,92.9,2,4
6,3,89.9,2,4
6,18,89.2,2,4
6,19,82.5,2,4
6,34,78.8,2,4
6,35,81.2,2,4
6,50,69.7,2,4
6,51,93.3,2,4
6,66,75.9,2,4
6,67,81.3,2,4
6,82,86.7,2,4
6,83,81.6,2,4
6,96,82.4,2,4
6,97,72.3,2,4
6,110,87.0,2,4
6,111,86.3,2,4
6,124,75.8,2,4
6,125,83.7,2,4
6,4,77.4,2,1
6,5,80.9,2,1
6,20,78.3,2,1
6,21,85.1,2,1
6,36,80.9,2,1
6,37,91.4,2,1
6,52,89.1,2,1
6,53,75.1,2,1
6,68,83.0,2,1
6,69,78.4,2,1
6,84,98.0,2,1
6,85,84.4,2,1
6,98,79.7,2,1
6,99,70.0,2,1
6,112,86.7,2,1
6,113,81.9,2,1
6,126,78.1,2,1
6,127,76.4,2,1
6,6,0.0,2,2
6,7,66.8,2,2
6,22,64.3,2,2
6,23,75.5,2,2
6,38,71.8,2,2
6,39,89.1,2,2
6,54,96.0,2,2
6,55,89.8,2,2
6,70,92.3,2,2
6,71,82.5,2,2
6,86,88.8,2,2
6,87,85.4,2,2
6,100,81.8,2,2
6,101,80.7,2,2
6,114,86.2,2,2
6,115,75.9,2,2
6,128,82.0,2,2
6,129,83.6,2,2
6,138,81.9,2,2
6,139,87.0,2,2
6,8,85.6,2,3
6,9,89.2,2,3
6,24,76.9,2,3
6,25,81.2,2,3
6,40,89.2,2,3
6,41,92.6,2,3
6,56,96.3,2,3
6,57,96.7,2,3
6,72,98.4,2,3
6,73,94.9,2,3
6,88,90.8,2,3
6,89,98.5,2,3
6,102,90.4,2,3
6,103,93.4,2,3
6,116,85.1,2,3
6,117,94.0,2,3
6,130,80.8,2,3
6,131,95.3,2,3
6,140,100.7,2,3
6,141,88.9,2,3
6,10,284.5,2,5
6,11,280.7,2,5
6,26,283.2,2,5
6,27,281.3,2,5
6,42,286.2,2,5
6,43,286.6,2,5
6,58,289.2,2,5
6,59,285.2,2,5
6,74,280.3,2,5
6,75,288.9,2,5
6,90,287.2,2,5
6,91,290.4,2,5
6,104,289.2,2,5
6,105,284.1,2,5
6,118,287.6,2,5
6,119,289.0,2,5
6,132,287.7,2,5
6,133,293.3,2,5
6,142,290.6,2,5
6,143,292.7,2,5
6,12,290.1,2,6
6,13,288.8,2,6
6,28,292.9,2,6
6,29,291.2,2,6
6,44,286.7,2,6
6,45,290.4,2,6
6,60,289.1,2,6
6,61,293.9,2,6
6,76,292.8,2,6
6,77,292.8,2,6
6,92,294.2,2,6
6,93,297.6,2,6
6,106,294.2,2,6
6,107,292.6,2,6
6,120,288.8,2,6
6,121,300.7,2,6
6,134,297.8,2,6
6,135,290.2,2,6
6,144,292.9,2,6
6,145,284.1,2,6
6,14,286.6,2,7
6,15,287.7,2,7
6,30,290.9,2,7
6,31,287.6,2,7
6,46,292.4,2,7
6,47,287.8,2,7
6,62,290.9,2,7
6,63,287.4,2,7
6,78,288.6,2,7
6,79,288.8,2,7
6,94,291.6,2,7
6,95,288.6,2,7
6,108,290.9,2,7
6,109,288.4,2,7
6,122,285.2,2,7
6,123,292.9,2,7
6,136,292.9,2,7
6,137,290.6,2,7
6,146,294.2,2,7
6,147,291.7,2,7
7,150,297.6,2,9
7,151,300.6,2,9
7,148,300.3,2,8
7,149,293.8,2,8
7,0,291.5,2,0
7,1,294.4,2,0
7,16,291.4,2,0
7,17,295.9,2,0
7,32,297.4,2,0
7,33,297.1,2,0
7,48,298.6,2,0
7,49,298.2,2,0
7,64,298.4,2,0
7,65,295.8,2,0
7,80,295.9,2,0
7,81,290.9,2,0
7,2,81.1,2,4
7,3,77.7,2,4
7,18,77.6,2,4
7,19,73.6,2,4
7,34,80.8,2,4
7,35,82.4,2,4
7,50,82.6,2,4
7,51,87.8,2,4
7,66,80.7,2,4
7,67,70.2,2,4
7,82,75.6,2,4
7,83,65.1,2,4
7,96,76.6,2,4
7,97,80.4,2,4
7,110,74.0,2,4
7,111,75.2,2,4
7,124,71.1,2,4
7,125,73.3,2,4
7,4,70.4,2,1
7,5,64.8,2,1
7,20,69.5,2,1
7,21,80.6,2,1
7,36,74.6,2,1
7,37,82.0,2,1
7,52,84.4,2,1
7,53,74.4,2,1
7,68,73.2,2,1
7,69,69.4,2,1
7,84,88.0,2,1
7,85,69.9,2,1
7,98,70.0,2,1
7,99,74.8,2,1
7,112,89.4,2,1
7,113,79.6,2,1
7,126,64.0,2,1
7,127,73.8,2,1
7,6,66.8,2,2
7,7,0.0,2,2
7,22,55.0,2,2
7,23,61.8,2,2
7,38,73.9,2,2
7,39,79.7,2,2
7,54,89.6,2,2
7,55,82.4,2,2
7,70,87.9,2,2
7,71,83.2,2,2
7,86,73.2,2,2
7,87,90.2,2,2
7,100,80.9,2,2
7,101,71.1,2,2
7,114,79.9,2,2
7,115,62.6,2,2
7,128,69.9,2,2
7,129,78.8,2,2
7,138,81.4,2,2
7,139,77.4,2,2
7,8,80.2,2,3
7,9,73.8,2,3
7,24,73.1,2,3
7,25,72.8,2,3
7,40,82.3,2,3
7,41,84.5,2,3
7,56,87.6,2,3
7,57,102.2,2,3
7,72,99.2,2,3
7,73,103.8,2,3
7,88,87.1,2,3
7,89,94.2,2,3
7,102,86.6,2,3
7,103,89.5,2,3
7,116,82.3,2,3
7,117,91.2,2,3
7,130,83.1,2,3
7,131,86.7,2,3
7,140,101.8,2,3
7,141,85.7,2,3
7,10,291.1,2,5
7,11,287.3,2,5
7,26,289.6,2,5
7,27,287.8,2,5
7,42,290.4,2,5
7,43,290.8,2,5
7,58,294.0,2,5
7,59,288.6,2,5
7,74,284.6,2,5
7,75,292.7,2,5
7,90,290.5,2,5
7,91,294.1,2,5
7,104,293.1,2,5
7,105,289.1,2,5
7,118,291.0,2,5
7,119,292.2,2,5
7,132,291.9,2,5
7,133,296.8,2,5
7,142,294.4,2,5
7,143,295.7,2,5
7,12,294.9,2,6
7,13,293.6,2,6
7,28,297.1,2,6
7,29,296.7,2,6
7,44,291.3,2,6
7,45,294.7,2,6
7,60,294.1,2,6
7,61,298.6,2,6
7,76,297.7,2,6
7,77,297.5,2,6
7,92,298.3,2,6
7,93,301.9,2,6
7,106,298.8,2,6
7,107,297.1,2,6
7,120,294.3,2,6
7,121,304.3,2,6
7,134,301.8,2,6
7,135,293.9,2,6
7,144,296.6,2,6
7,145,289.6,2,6
7,14,290.8,2,7
7,15,292.1,2,7
7,30,294.6,2,7
7,31,291.4,2,7
7,46,296.3,2,7
7,47,291.9,2,7
7,62,294.3,2,7
7,63,291.5,2,7
7,78,293.3,2,7
7,79,293.3,2,7
7,94,295.9,2,7
7,95,293.5,2,7
7,108,297.0,2,7
7,109,295.8,2,7
7,122,290.0,2,7
7,123,297.8,2,7
7,136,297.8,2,7
7,137,296.8,2,7
7,146,299.4,2,7
7,147,297.2,2,7
22,150,299.6,2,9
22,151,302.4,2,9
22,148,302.0,2,8
22,149,296.3,2,8
22,0,293.9,2,0
22,1,296.6,2,0
22,16,294.2,2,0
22,17,297.6,2,0
22,32,300.5,2,0
22,33,299.3,2,0
22,48,300.1,2,0
22,49,301.2,2,0
22,64,300.5,2,0
22,65,298.5,2,0
22,80,298.4,2,0
22,81,293.3,2,0
22,2,88.0,2,4
22,3,80.8,2,4
22,18,78.8,2,4
22,19,74.7,2,4
22,34,76.8,2,4
22,35,85.4,2,4
22,50,78.3,2,4
22,51,82.1,2,4
22,66,83.4,2,4
22,67,69.3,2,4
22,82,74.4,2,4
22,83,76.8,2,4
22,96,78.1,2,4
22,97,80.6,2,4
22,110,73.5,2,4
22,111,75.1,2,4
22,124,72.8,2,4
22,125,75.6,2,4
22,4,71.0,2,1
22,5,71.9,2,1
22,20,70.1,2,1
22,21,79.6,2,1
22,36,78.2,2,1
22,37,86.0,2,1
22,52,88.0,2,1
22,53,72.3,2,1
22,68,78.7,2,1
22,69,72.8,2,1
22,84,94.6,2,1
22,85,76.6,2,1
22,98,64.9,2,1
22,99,78.8,2,1
22,112,92.7,2,1
22,113,83.7,2,1
22,126,67.3,2,1
22,127,81.5,2,1
22,6,64.3,2,2
22,7,55.0,2,2
22,22,0.0,2,2
22,23,63.0,2,2
22,38,76.2,2,2
22,39,82.1,2,2
22,54,90.5,2,2
22,55,85.0,2,2
22,70,88.6,2,2
22,71,87.3,2,2
22,86,73.8,2,2
22,87,92.2,2,2
22,100,75.5,2,2
22,101,72.8,2,2
22,114,82.6,2,2
22,115,59.0,2,2
22,128,70.9,2,2
22,129,82.2,2,2
22,138,84.1,2,2
22,139,82.5,2,2
22,8,83.3,2,3
22,9,80.8,2,3
22,24,72.5,2,3
22,25,73.6,2,3
22,40,86.0,2,3
22,41,93.2,2,3
22,56,93.7,2,3
22,57,106.8,2,3
22,72,104.4,2,3
22,73,109.9,2,3
22,88,92.9,2,3
22,89,104.0,2,3
22,102,92.1,2,3
22,103,92.6,2,3
22,116,86.2,2,3
22,117,93.7,2,3
22,130,84.6,2,3
22,131,88.5,2,3
22,140,104.4,2,3
22,141,87.9,2,3
22,10,292.9,2,5
22,11,289.4,2,5
22,26,291.7,2,5
22,27,290.3,2,5
22,42,293.2,2,5
22,43,293.7,2,5
22,58,296.0,2,5
22,59,291.5,2,5
22,74,287.6,2,5
22,75,295.0,2,5
22,90,293.0,2,5
22,91,296.3,2,5
22,104,294.9,2,5
22,105,291.5,2,5
22,118,293.7,2,5
22,119,294.7,2,5
22,132,294.0,2,5
22,133,299.6,2,5
22,142,296.5,2,5
22,143,298.3,2,5
22,12,296.9,2,6
22,13,295.5,2,6
22,28,299.1,2,6
22,29,298.7,2,6
22,44,294.0,2,6
22,45,296.2,2,6
22,60,295.8,2,6
22,61,300.6,2,6
22,76,299.7,2,6
22,77,299.5,2,6
22,92,300.4,2,6
22,93,303.8,2,6
22,106,300.9,2,6
22,107,298.7,2,6
22,120,296.5,2,6
22,121,306.5,2,6
22,134,303.5,2,6
22,135,296.4,2,6
22,144,298.7,2,6
22,145,292.8,2,6
22,14,293.3,2,7
22,15,295.2,2,7
22,30,297.2,2,7
22,31,294.1,2,7
22,46,298.5,2,7
22,47,294.9,2,7
22,62,296.8,2,7
22,63,294.6,2,7
22,78,296.1,2,7
22,79,296.3,2,7
22,94,298.0,2,7
22,95,295.7,2,7
22,108,299.1,2,7
22,109,297.3,2,7
22,122,292.5,2,7
22,123,299.7,2,7
22,136,299.6,2,7
22,137,298.9,2,7
22,146,301.2,2,7
22,147,299.0,2,7
23,150,297.5,2,9
23,151,300.4,2,9
23,148,300.6,2,8
23,149,294.4,2,8
23,0,291.7,2,0
23,1,294.4,2,0
23,16,291.9,2,0
23,17,295.8,2,0
23,32,298.5,2,0
23,33,296.5,2,0
23,48,298.5,2,0
23,49,299.6,2,0
23,64,298.2,2,0
23,65,296.6,2,0
23,80,295.7,2,0
23,81,291.0,2,0
23,2,91.3,2,4
23,3,81.5,2,4
23,18,74.0,2,4
23,19,74.5,2,4
23,34,84.4,2,4
23,35,82.9,2,4
23,50,83.6,2,4
23,51,86.1,2,4
23,66,78.7,2,4
23,67,72.4,2,4
23,82,80.1,2,4
23,83,75.0,2,4
23,96,81.9,2,4
23,97,76.2,2,4
23,110,78.3,2,4
23,111,80.9,2,4
23,124,73.6,2,4
23,125,77.9,2,4
23,4,72.5,2,1
23,5,73.4,2,1
23,20,75.7,2,1
23,21,82.8,2,1
23,36,85.0,2,1
23,37,87.7,2,1
23,52,81.2,2,1
23,53,78.9,2,1
23,68,83.0,2,1
23,69,75.9,2,1
23,84,92.8,2,1
23,85,75.0,2,1
23,98,69.2,2,1
23,99,79.5,2,1
23,112,92.6,2,1
23,113,82.5,2,1
23,126,73.6,2,1
23,127,83.1,2,1
23,6,75.5,2,2
23,7,61.8,2,2
23,22,63.0,2,2
23,23,0.0,2,2
23,38,68.2,2,2
23,39,80.3,2,2
23,54,76.9,2,2
23,55,80.1,2,2
23,70,86.2,2,2
23,71,77.1,2,2
23,86,74.3,2,2
23,87,89.6,2,2
23,100,81.9,2,2
23,101,74.0,2,2
23,114,80.1,2,2
23,115,69.6,2,2
23,128,67.3,2,2
23,129,82.9,2,2
23,138,81.4,2,2
23,139,81.7,2,2
23,8,81.9,2,3
23,9,75.0,2,3
23,24,74.2,2,3
23,25,77.8,2,3
23,40,88.1,2,3
23,41,92.6,2,3
23,56,93.1,2,3
23,57,106.2,2,3
23,72,104.7,2,3
23,73,104.2,2,3
23,88,88.4,2,3
23,89,105.1,2,3
23,102,86.7,2,3
23,103,90.8,2,3
23,116,88.4,2,3
23,117,96.0,2,3
23,130,88.9,2,3
23,131,95.1,2,3
23,140,106.1,2,3
23,141,86.6,2,3
23,10,290.8,2,5
23,11,287.5,2,5
23,26,288.6,2,5
23,27,287.8,2,5
23,42,290.6,2,5
23,43,290.5,2,5
23,58,294.1,2,5
23,59,288.6,2,5
23,74,284.9,2,5
23,75,292.7,2,5
23,90,290.4,2,5
23,91,293.7,2,5
23,104,293.1,2,5
23,105,288.6,2,5
23,118,289.0,2,5
23,119,291.0,2,5
23,132,290.9,2,5
23,133,296.6,2,5
23,142,294.2,2,5
23,143,296.2,2,5
23,12,294.3,2,6
23,13,292.3,2,6
23,28,296.3,2,6
23,29,296.3,2,6
23,44,291.3,2,6
23,45,294.5,2,6
23,60,293.5,2,6
23,61,298.2,2,6
23,76,296.7,2,6
23,77,296.6,2,6
23,92,298.1,2,6
23,93,302.1,2,6
23,106,298.6,2,6
23,107,297.0,2,6
23,120,294.2,2,6
23,121,304.4,2,6
23,134,302.0,2,6
23,135,294.2,2,6
23,144,296.8,2,6
23,145,289.9,2,6
23,14,290.4,2,7
23,15,292.3,2,7
23,30,294.0,2,7
23,31,291.6,2,7
23,46,296.8,2,7
23,47,292.6,2,7
23,62,294.3,2,7
23,63,292.0,2,7
23,78,293.7,2,7
23,79,293.9,2,7
23,94,296.0,2,7
23,95,293.6,2,7
23,108,297.0,2,7
23,109,295.7,2,7
23,122,290.3,2,7
23,123,297.5,2,7
23,136,297.3,2,7
23,137,297.0,2,7
23,146,298.5,2,7
23,147,297.0,2,7
38,150,287.3,2,9
38,151,290.7,2,9
38,148,290.7,2,8
38,149,284.5,2,8
38,0,280.6,2,0
38,1,283.4,2,0
38,16,281.4,2,0
38,17,285.8,2,0
38,32,289.1,2,0
38,33,287.1,2,0
38,48,289.5,2,0
38,49,290.4,2,0
38,64,289.2,2,0
38,65,287.2,2,0
38,80,286.5,2,0
38,81,281.3,2,0
38,2,87.1,2,4
38,3,81.4,2,4
38,18,79.4,2,4
38,19,80.0,2,4
38,34,81.8,2,4
38,35,85.7,2,4
38,50,83.8,2,4
38,51,90.0,2,4
38,66,76.6,2,4
38,67,82.7,2,4
38,82,86.0,2,4
38,83,83.6,2,4
38,96,84.0,2,4
38,97,78.0,2,4
38,110,84.5,2,4
38,111,84.2,2,4
38,124,81.8,2,4
38,125,82.9,2,4
38,4,79.4,2,1
38,5,83.2,2,1
38,20,85.1,2,1
38,21,79.1,2,1
38,36,84.9,2,1
38,37,90.0,2,1
38,52,92.6,2,1
38,53,81.8,2,1
38,68,89.6,2,1
38,69,77.3,2,1
38,84,90.1,2,1
38,85,80.6,2,1
38,98,81.5,2,1
38,99,77.3,2,1
38,112,89.2,2,1
38,113,72.0,2,1
38,126,80.0,2,1
38,127,68.5,2,1
38,6,71.8,2,2
38,7,73.9,2,2
38,22,76.2,2,2
38,23,68.2,2,2
38,38,0.0,2,2
38,39,85.1,2,2
38,54,76.8,2,2
38,55,78.0,2,2
38,70,82.5,2,2
38,71,74.5,2,2
38,86,81.6,2,2
38,87,79.5,2,2
38,100,83.0,2,2
38,101,79.8,2,2
38,114,82.2,2,2
38,115,78.6,2,2
38,128,78.2,2,2
38,129,81.6,2,2
38,138,81.2,2,2
38,139,78.2,2,2
38,8,84.5,2,3
38,9,85.5,2,3
38,24,79.5,2,3
38,25,78.3,2,3
38,40,84.1,2,3
38,41,87.9,2,3
38,56,89.1,2,3
38,57,93.1,2,3
38,72,95.5,2,3
38,73,93.8,2,3
38,88,92.3,2,3
38,89,94.9,2,3
38,102,84.2,2,3
38,103,93.6,2,3
38,116,91.1,2,3
38,117,94.4,2,3
38,130,85.6,2,3
38,131,92.8,2,3
38,140,93.2,2,3
38,141,88.4,2,3
38,10,280.4,2,5
38,11,276.1,2,5
38,26,278.6,2,5
38,27,275.3,2,5
38,42,280.2,2,5
38,43,280.3,2,5
38,58,284.4,2,5
38,59,278.8,2,5
38,74,273.0,2,5
38,75,283.4,2,5
38,90,280.7,2,5
38,91,284.3,2,5
38,104,283.7,2,5
38,105,279.3,2,5
38,118,280.9,2,5
38,119,281.9,2,5
38,132,281.6,2,5
38,133,287.3,2,5
38,142,284.6,2,5
38,143,287.2,2,5
38,12,285.0,2,6
38,13,283.0,2,6
38,28,286.9,2,6
38,29,286.1,2,6
38,44,281.1,2,6
38,45,284.2,2,6
38,60,282.6,2,6
38,61,288.4,2,6
38,76,287.2,2,6
38,77,286.6,2,6
38,92,288.4,2,6
38,93,292.9,2,6
38,106,288.8,2,6
38,107,287.0,2,6
38,120,283.4,2,6
38,121,295.7,2,6
38,134,292.5,2,6
38,135,283.7,2,6
38,144,287.1,2,6
38,145,277.8,2,6
38,14,279.9,2,7
38,15,282.6,2,7
38,30,284.5,2,7
38,31,281.7,2,7
38,46,287.3,2,7
38,47,281.8,2,7
38,62,284.8,2,7
38,63,281.8,2,7
38,78,283.3,2,7
38,79,283.1,2,7
38,94,286.4,2,7
38,95,283.7,2,7
38,108,285.7,2,7
38,109,283.9,2,7
38,122,279.2,2,7
38,123,287.6,2,7
38,136,287.7,2,7
38,137,287.2,2,7
38,146,289.0,2,7
38,147,286.6,2,7
39,150,290.8,2,9
39,151,294.0,2,9
39,148,292.9,2,8
39,149,287.5,2,8
39,0,283.9,2,0
39,1,286.3,2,0
39,16,283.9,2,0
39,17,289.0,2,0
39,32,291.8,2,0
39,33,289.4,2,0
39,48,291.9,2,0
39,49,292.8,2,0
39,64,290.7,2,0
39,65,290.0,2,0
39,80,289.9,2,0
39,81,283.8,2,0
39,2,89.4,2,4
39,3,83.5,2,4
39,18,83.3,2,4
39,19,88.4,2,4
39,34,85.6,2,4
39,35,88.5,2,4
39,50,79.3,2,4
39,51,94.6,2,4
39,66,86.7,2,4
39,67,83.8,2,4
39,82,91.2,2,4
39,83,74.5,2,4
39,96,71.3,2,4
39,97,83.7,2,4
39,110,86.2,2,4
39,111,76.8,2,4
39,124,78.3,2,4
39,125,79.9,2,4
39,4,82.4,2,1
39,5,81.5,2,1
39,20,83.0,2,1
39,21,83.8,2,1
39,36,87.5,2,1
39,37,96.8,2,1
39,52,92.3,2,1
39,53,84.7,2,1
39,68,94.7,2,1
39,69,87.1,2,1
39,84,94.2,2,1
39,85,87.5,2,1
39,98,87.3,2,1
39,99,85.7,2,1
39,112,86.1,2,1
39,113,96.5,2,1
39,126,86.2,2,1
39,127,95.5,2,1
39,6,89.1,2,2
39,7,79.7,2,2
39,22,82.1,2,2
39,23,80.3,2,2
39,38,85.1,2,2
39,39,0.0,2,2
39,54,73.2,2,2
39,55,65.1,2,2
39,70,73.5,2,2
39,71,77.9,2,2
39,86,64.2,2,2
39,87,81.4,2,2
39,100,71.4,2,2
39,101,70.1,2,2
39,114,79.8,2,2
39,115,75.2,2,2
39,128,73.2,2,2
39,129,83.5,2,2
39,138,81.0,2,2
39,139,83.5,2,2
39,8,84.7,2,3
39,9,86.1,2,3
39,24,84.9,2,3
39,25,87.1,2,3
39,40,93.8,2,3
39,41,97.8,2,3
39,56,95.0,2,3
39,57,105.5,2,3
39,72,99.0,2,3
39,73,101.8,2,3
39,88,85.6,2,3
39,89,99.2,2,3
39,102,90.3,2,3
39,103,96.7,2,3
39,116,78.9,2,3
39,117,94.9,2,3
39,130,86.8,2,3
39,131,92.8,2,3
39,140,98.5,2,3
39,141,86.0,2,3
39,10,283.8,2,5
39,11,279.7,2,5
39,26,281.7,2,5
39,27,280.6,2,5
39,42,282.5,2,5
39,43,282.6,2,5
39,58,286.2,2,5
39,59,281.1,2,5
39,74,275.9,2,5
39,75,283.7,2,5
39,90,282.3,2,5
39,91,286.8,2,5
39,104,285.8,2,5
39,105,281.7,2,5
39,118,283.3,2,5
39,119,284.1,2,5
39,132,283.6,2,5
39,133,290.3,2,5
39,142,285.8,2,5
39,143,288.8,2,5
39,12,287.1,2,6
39,13,284.9,2,6
39,28,288.8,2,6
39,29,289.4,2,6
39,44,283.0,2,6
39,45,286.0,2,6
39,60,286.7,2,6
39,61,291.5,2,6
39,76,290.4,2,6
39,77,290.1,2,6
39,92,292.0,2,6
39,93,294.5,2,6
39,106,290.4,2,6
39,107,289.6,2,6
39,120,286.6,2,6
39,121,298.1,2,6
39,134,295.1,2,6
39,135,286.8,2,6
39,144,289.8,2,6
39,145,281.7,2,6
39,14,282.4,2,7
39,15,285.4,2,7
39,30,287.4,2,7
39,31,284.6,2,7
39,46,289.5,2,7
39,47,284.6,2,7
39,62,287.6,2,7
39,63,284.3,2,7
39,78,285.4,2,7
39,79,285.0,2,7
39,94,288.0,2,7
39,95,285.3,2,7
39,108,289.8,2,7
39,109,287.9,2,7
39,122,280.9,2,7
39,123,290.6,2,7
39,136,289.7,2,7
39,137,289.8,2,7
39,146,291.0,2,7
39,147,289.4,2,7
54,150,291.1,2,9
54,151,293.5,2,9
54,148,294.3,2,8
54,149,286.5,2,8
54,0,283.0,2,0
54,1,284.8,2,0
54,16,283.1,2,0
54,17,288.0,2,0
54,32,291.9,2,0
54,33,288.0,2,0
54,48,291.2,2,0
54,49,293.2,2,0
54,64,291.0,2,0
54,65,290.9,2,0
54,80,290.4,2,0
54,81,282.8,2,0
54,2,102.4,2,4
54,3,90.5,2,4
54,18,91.0,2,4
54,19,92.1,2,4
54,34,96.6,2,4
54,35,86.9,2,4
54,50,93.7,2,4
54,51,100.6,2,4
54,66,91.7,2,4
54,67,91.6,2,4
54,82,90.3,2,4
54,83,89.0,2,4
54,96,90.9,2,4
54,97,90.2,2,4
54,110,97.6,2,4
54,111,85.4,2,4
54,124,86.4,2,4
54,125,94.4,2,4
54,4,94.0,2,1
54,5,90.5,2,1
54,20,96.0,2,1
54,21,89.1,2,1
54,36,97.7,2,1
54,37,104.9,2,1
54,52,99.1,2,1
54,53,98.0,2,1
54,68,100.7,2,1
54,69,92.6,2,1
54,84,90.4,2,1
54,85,97.8,2,1
54,98,88.3,2,1
54,99,95.9,2,1
54,112,98.6,2,1
54,113,95.8,2,1
54,126,95.9,2,1
54,127,96.5,2,1
54,6,96.0,2,2
54,7,89.6,2,2
54,22,90.5,2,2
54,23,76.9,2,2
54,38,76.8,2,2
54,39,73.2,2,2
54,54,0.0,2,2
54,55,70.2,2,2
54,70,79.6,2,2
54,71,74.2,2,2
54,86,77.4,2,2
54,87,77.3,2,2
54,100,76.0,2,2
54,101,79.7,2,2
54,114,84.6,2,2
54,115,84.8,2,2
54,128,77.3,2,2
54,129,87.1,2,2
54,138,94.7,2,2
54,139,87.7,2,2
54,8,88.2,2,3
54,9,90.2,2,3
54,24,93.9,2,3
54,25,89.3,2,3
54,40,94.1,2,3
54,41,108.5,2,3
54,56,108.0,2,3
54,57,120.7,2,3
54,72,108.2,2,3
54,73,113.9,2,3
54,88,102.7,2,3
54,89,109.4,2,3
54,102,104.3,2,3
54,103,98.2,2,3
54,116,100.1,2,3
54,117,103.0,2,3
54,130,96.6,2,3
54,131,108.0,2,3
54,140,104.1,2,3
54,141,93.8,2,3
54,10,283.6,2,5
54,11,279.1,2,5
54,26,281.3,2,5
54,27,280.4,2,5
54,42,282.3,2,5
54,43,281.9,2,5
54,58,286.4,2,5
54,59,280.7,2,5
54,74,273.3,2,5
54,75,285.0,2,5
54,90,281.3,2,5
54,91,287.3,2,5
54,104,286.2,2,5
54,105,281.1,2,5
54,118,279.7,2,5
54,119,282.0,2,5
54,132,282.6,2,5
54,133,289.1,2,5
54,142,285.1,2,5
54,143,288.2,2,5
54,12,285.0,2,6
54,13,282.3,2,6
54,28,287.2,2,6
54,29,288.5,2,6
54,44,282.0,2,6
54,45,284.7,2,6
54,60,284.9,2,6
54,61,290.1,2,6
54,76,289.3,2,6
54,77,290.0,2,6
54,92,290.8,2,6
54,93,294.9,2,6
54,106,290.0,2,6
54,107,288.6,2,6
54,120,286.0,2,6
54,121,298.7,2,6
54,134,294.6,2,6
54,135,287.0,2,6
54,144,290.2,2,6
54,145,281.2,2,6
54,14,281.5,2,7
54,15,285.8,2,7
54,30,287.5,2,7
54,31,284.5,2,7
54,46,289.2,2,7
54,47,283.3,2,7
54,62,286.7,2,7
54,63,283.0,2,7
54,78,285.4,2,7
54,79,283.0,2,7
54,94,286.9,2,7
54,95,285.6,2,7
54,108,289.7,2,7
54,109,286.5,2,7
54,122,279.6,2,7
54,123,290.3,2,7
54,136,288.8,2,7
54,137,290.1,2,7
54,146,292.3,2,7
54,147,288.4,2,7
55,150,289.3,2,9
55,151,292.9,2,9
55,148,292.9,2,8
55,149,286.4,2,8
55,0,281.5,2,0
55,1,284.9,2,0
55,16,283.4,2,0
55,17,288.1,2,0
55,32,291.5,2,0
55,33,289.1,2,0
55,48,291.6,2,0
55,49,292.8,2,0
55,64,290.5,2,0
55,65,289.3,2,0
55,80,288.0,2,0
55,81,282.8,2,0
55,2,86.5,2,4
55,3,83.8,2,4
55,18,84.3,2,4
55,19,79.1,2,4
55,34,86.9,2,4
55,35,89.5,2,4
55,50,85.1,2,4
55,51,90.0,2,4
55,66,82.0,2,4
55,67,85.3,2,4
55,82,90.9,2,4
55,83,83.1,2,4
55,96,84.4,2,4
55,97,85.0,2,4
55,110,84.4,2,4
55,111,77.4,2,4
55,124,84.0,2,4
55,125,79.6,2,4
55,4,88.2,2,1
55,5,89.0,2,1
55,20,87.7,2,1
55,21,81.2,2,1
55,36,87.2,2,1
55,37,96.7,2,1
55,52,100.3,2,1
55,53,82.1,2,1
55,68,89.8,2,1
55,69,85.0,2,1
55,84,91.4,2,1
55,85,91.5,2,1
55,98,86.6,2,1
55,99,88.5,2,1
55,112,86.2,2,1
55,113,88.5,2,1
55,126,86.0,2,1
55,127,88.4,2,1
55,6,89.8,2,2
55,7,82.4,2,2
55,22,85.0,2,2
55,23,80.1,2,2
55,38,78.0,2,2
55,39,65.1,2,2
55,54,70.2,2,2
55,55,0.0,2,2
55,70,59.2,2,2
55,71,72.0,2,2
55,86,73.2,2,2
55,87,75.9,2,2
55,100,73.1,2,2
55,101,72.9,2,2
55,114,81.0,2,2
55,115,76.5,2,2
55,128,66.5,2,2
55,129,82.3,2,2
55,138,81.3,2,2
55,139,78.3,2,2
55,8,86.6,2,3
55,9,84.8,2,3
55,24,86.7,2,3
55,25,84.0,2,3
55,40,87.4,2,3
55,41,96.3,2,3
55,56,92.9,2,3
55,57,103.9,2,3
55,72,91.3,2,3
55,73,104.6,2,3
55,88,88.1,2,3
55,89,97.2,2,3
55,102,92.7,2,3
55,103,95.8,2,3
55,116,91.0,2,3
55,117,92.3,2,3
55,130,83.9,2,3
55,131,95.6,2,3
55,140,95.6,2,3
55,141,87.2,2,3
55,10,282.8,2,5
55,11,278.4,2,5
55,26,280.2,2,5
55,27,279.2,2,5
55,42,281.7,2,5
55,43,281.7,2,5
55,58,286.3,2,5
55,59,280.7,2,5
55,74,274.9,2,5
55,75,284.3,2,5
55,90,281.7,2,5
55,91,286.4,2,5
55,104,285.4,2,5
55,105,280.7,2,5
55,118,282.2,2,5
55,119,282.8,2,5
55,132,282.9,2,5
55,133,288.1,2,5
55,142,285.6,2,5
55,143,287.6,2,5
55,12,286.1,2,6
55,13,283.8,2,6
55,28,287.9,2,6
55,29,287.3,2,6
55,44,281.8,2,6
55,45,285.4,2,6
55,60,285.3,2,6
55,61,290.1,2,6
55,76,288.9,2,6
55,77,289.8,2,6
55,92,290.7,2,6
55,93,294.5,2,6
55,106,290.3,2,6
55,107,288.8,2,6
55,120,285.8,2,6
55,121,297.9,2,6
55,134,293.7,2,6
55,135,285.0,2,6
55,144,288.9,2,6
55,145,279.7,2,6
55,14,280.0,2,7
55,15,285.0,2,7
55,30,285.3,2,7
55,31,283.4,2,7
55,46,288.5,2,7
55,47,282.5,2,7
55,62,286.7,2,7
55,63,282.6,2,7
55,78,285.2,2,7
55,79,283.6,2,7
55,94,286.9,2,7
55,95,285.2,2,7
55,108,288.8,2,7
55,109,287.0,2,7
55,122,279.8,2,7
55,123,289.9,2,7
55,136,288.6,2,7
55,137,289.7,2,7
55,146,290.2,2,7
55,147,288.0,2,7
70,150,290.8,2,9
70,151,294.7,2,9
70,148,294.4,2,8
70,149,286.8,2,8
70,0,283.7,2,0
70,1,286.0,2,0
70,16,284.0,2,0
70,17,289.5,2,0
70,32,292.9,2,0
70,33,289.7,2,0
70,48,291.5,2,0
70,49,293.6,2,0
70,64,291.8,2,0
70,65,290.0,2,0
70,80,287.8,2,0
70,81,282.0,2,0
70,2,88.7,2,4
70,3,83.5,2,4
70,18,84.9,2,4
70,19,78.4,2,4
70,34,93.7,2,4
70,35,100.0,2,4
70,50,85.9,2,4
70,51,93.4,2,4
70,66,88.9,2,4
70,67,84.0,2,4
70,82,92.5,2,4
70,83,92.0,2,4
70,96,89.5,2,4
70,97,91.2,2,4
70,110,86.4,2,4
70,111,84.3,2,4
70,124,92.3,2,4
70,125,82.5,2,4
70,4,87.5,2,1
70,5,93.0,2,1
70,20,89.7,2,1
70,21,83.0,2,1
70,36,86.2,2,1
70,37,100.0,2,1
70,52,103.2,2,1
70,53,82.5,2,1
70,68,97.2,2,1
70,69,81.7,2,1
70,84,90.0,2,1
70,85,95.0,2,1
70,98,95.5,2,1
70,99,93.7,2,1
70,112,81.7,2,1
70,113,93.9,2,1
70,126,89.3,2,1
70,127,83.5,2,1
70,6,92.3,2,2
70,7,87.9,2,2
70,22,88.6,2,2
70,23,86.2,2,2
70,38,82.5,2,2
70,39,73.5,2,2
70,54,79.6,2,2
70,55,59.2,2,2
70,70,0.0,2,2
70,71,76.8,2,2
70,86,71.8,2,2
70,87,64.5,2,2
70,100,83.1,2,2
70,101,77.1,2,2
70,114,84.1,2,2
70,115,80.8,2,2
70,128,73.4,2,2
70,129,70.1,2,2
70,138,70.0,2,2
70,139,83.0,2,2
70,8,85.6,2,3
70,9,91.8,2,3
70,24,86.5,2,3
70,25,80.1,2,3
70,40,83.7,2,3
70,41,101.9,2,3
70,56,97.5,2,3
70,57,104.8,2,3
70,72,97.2,2,3
70,73,107.8,2,3
70,88,97.2,2,3
70,89,103.0,2,3
70,102,97.5,2,3
70,103,87.1,2,3
70,116,100.2,2,3
70,117,87.0,2,3
70,130,82.1,2,3
70,131,98.7,2,3
70,140,91.8,2,3
70,141,94.3,2,3
70,10,282.4,2,5
70,11,277.7,2,5
70,26,280.2,2,5
70,27,278.7,2,5
70,42,282.4,2,5
70,43,284.1,2,5
70,58,287.3,2,5
70,59,281.6,2,5
70,74,275.5,2,5
70,75,286.7,2,5
70,90,284.0,2,5
70,91,288.4,2,5
70,104,285.7,2,5
70,105,280.7,2,5
70,118,284.4,2,5
70,119,285.4,2,5
70,132,284.1,2,5
70,133,291.5,2,5
70,142,287.4,2,5
70,143,290.5,2,5
70,12,287.6,2,6
70,13,285.1,2,6
70,28,289.1,2,6
70,29,287.9,2,6
70,44,283.8,2,6
70,45,286.2,2,6
70,60,285.7,2,6
70,61,290.1,2,6
70,76,289.2,2,6
70,77,290.7,2,6
70,92,291.8,2,6
70,93,296.2,2,6
70,106,292.2,2,6
70,107,291.2,2,6
70,120,286.9,2,6
70,121,299.5,2,6
70,134,295.6,2,6
70,135,287.0,2,6
70,144,290.9,2,6
70,145,279.9,2,6
70,14,283.1,2,7
70,15,286.4,2,7
70,30,288.2,2,7
70,31,286.1,2,7
70,46,290.0,2,7
70,47,283.3,2,7
70,62,288.5,2,7
70,63,283.4,2,7
70,78,286.9,2,7
70,79,284.9,2,7
70,94,289.0,2,7
70,95,286.2,2,7
70,108,289.7,2,7
70,109,287.9,2,7
70,122,281.1,2,7
70,123,291.3,2,7
70,136,290.2,2,7
70,137,291.7,2,7
70,146,293.2,2,7
70,147,289.9,2,7
71,150,291.9,2,9
71,151,294.0,2,9
71,148,295.1,2,8
71,149,288.3,2,8
71,0,285.2,2,0
71,1,286.7,2,0
71,16,285.0,2,0
71,17,289.2,2,0
71,32,293.6,2,0
71,33,291.2,2,0
71,48,293.2,2,0
71,49,294.6,2,0
71,64,293.2,2,0
71,65,291.3,2,0
71,80,289.9,2,0
71,81,283.0,2,0
71,2,95.6,2,4
71,3,80.7,2,4
71,18,82.3,2,4
71,19,81.9,2,4
71,34,89.8,2,4
71,35,88.4,2,4
71,50,91.9,2,4
71,51,102.0,2,4
71,66,83.3,2,4
71,67,89.1,2,4
71,82,97.2,2,4
71,83,87.7,2,4
71,96,88.3,2,4
71,97,86.1,2,4
71,110,98.1,2,4
71,111,86.6,2,4
71,124,85.9,2,4
71,125,90.2,2,4
71,4,87.3,2,1
71,5,89.8,2,1
71,20,90.6,2,1
71,21,81.3,2,1
71,36,91.2,2,1
71,37,101.7,2,1
71,52,96.7,2,1
71,53,90.3,2,1
71,68,95.5,2,1
71,69,87.7,2,1
71,84,95.5,2,1
71,85,89.7,2,1
71,98,90.5,2,1
71,99,84.6,2,1
71,112,97.8,2,1
71,113,88.6,2,1
71,126,88.2,2,1
71,127,86.7,2,1
71,6,82.5,2,2
71,7,83.2,2,2
71,22,87.3,2,2
71,23,77.1,2,2
71,38,74.5,2,2
71,39,77.9,2,2
71,54,74.2,2,2
71,55,72.0,2,2
71,70,76.8,2,2
71,71,0.0,2,2
71,86,72.2,2,2
71,87,76.2,2,2
71,100,73.4,2,2
71,101,71.7,2,2
71,114,78.3,2,2
71,115,80.4,2,2
71,128,73.7,2,2
71,129,82.1,2,2
71,138,88.3,2,2
71,139,78.4,2,2
71,8,84.9,2,3
71,9,88.6,2,3
71,24,90.2,2,3
71,25,79.4,2,3
71,40,89.0,2,3
71,41,98.2,2,3
71,56,96.6,2,3
71,57,102.5,2,3
71,72,99.4,2,3
71,73,101.1,2,3
71,88,94.8,2,3
71,89,95.7,2,3
71,102,96.5,2,3
71,103,96.4,2,3
71,116,91.9,2,3
71,117,96.3,2,3
71,130,86.3,2,3
71,131,100.4,2,3
71,140,88.7,2,3
71,141,89.8,2,3
71,10,285.0,2,5
71,11,281.2,2,5
71,26,283.0,2,5
71,27,281.4,2,5
71,42,284.4,2,5
71,43,284.5,2,5
71,58,289.2,2,5
71,59,284.0,2,5
71,74,278.1,2,5
71,75,287.7,2,5
71,90,284.3,2,5
71,91,289.6,2,5
71,104,288.8,2,5
71,105,281.6,2,5
71,118,284.1,2,5
71,119,286.0,2,5
71,132,285.1,2,5
71,133,292.1,2,5
71,142,287.5,2,5
71,143,291.1,2,5
71,12,288.5,2,6
71,13,285.5,2,6
71,28,291.1,2,6
71,29,290.9,2,6
71,44,285.9,2,6
71,45,287.5,2,6
71,60,288.1,2,6
71,61,292.2,2,6
71,76,290.5,2,6
71,77,292.3,2,6
71,92,293.2,2,6
71,93,296.4,2,6
71,106,292.1,2,6
71,107,290.7,2,6
71,120,287.7,2,6
71,121,300.4,2,6
71,134,296.8,2,6
71,135,287.9,2,6
71,144,291.5,2,6
71,145,283.1,2,6
71,14,284.5,2,7
71,15,287.6,2,7
71,30,289.8,2,7
71,31,287.2,2,7
71,46,290.8,2,7
71,47,285.2,2,7
71,62,288.9,2,7
71,63,286.0,2,7
71,78,287.5,2,7
71,79,285.9,2,7
71,94,290.5,2,7
71,95,288.2,2,7
71,108,290.3,2,7
71,109,287.3,2,7
71,122,282.5,2,7
71,123,291.6,2,7
71,136,290.1,2,7
71,137,291.5,2,7
71,146,293.9,2,7
71,147,290.3,2,7
86,150,295.5,2,9
86,151,298.2,2,9
86,148,297.8,2,8
86,149,291.8,2,8
86,0,289.7,2,0
86,1,292.0,2,0
86,16,289.1,2,0
86,17,293.7,2,0
86,32,296.4,2,0
86,33,294.9,2,0
86,48,296.7,2,0
86,49,297.4,2,0
86,64,295.6,2,0
86,65,294.5,2,0
86,80,294.2,2,0
86,81,288.0,2,0
86,2,83.0,2,4
86,3,71.1,2,4
86,18,74.7,2,4
86,19,71.6,2,4
86,34,85.7,2,4
86,35,91.3,2,4
86,50,85.8,2,4
86,51,91.0,2,4
86,66,84.7,2,4
86,67,75.9,2,4
86,82,86.1,2,4
86,83,77.5,2,4
86,96,73.2,2,4
86,97,86.1,2,4
86,110,79.9,2,4
86,111,79.8,2,4
86,124,84.6,2,4
86,125,75.9,2,4
86,4,75.2,2,1
86,5,79.7,2,1
86,20,74.0,2,1
86,21,84.5,2,1
86,36,86.7,2,1
86,37,93.1,2,1
86,52,92.0,2,1
86,53,81.3,2,1
86,68,89.4,2,1
86,69,80.6,2,1
86,84,84.8,2,1
86,85,82.6,2,1
86,98,84.8,2,1
86,99,87.9,2,1
86,112,95.1,2,1
86,113,92.5,2,1
86,126,77.9,2,1
86,127,87.7,2,1
86,6,88.8,2,2
86,7,73.2,2,2
86,22,73.8,2,2
86,23,74.3,2,2
86,38,81.6,2,2
86,39,64.2,2,2
86,54,77.4,2,2
86,55,73.2,2,2
86,70,71.8,2,2
86,71,72.2,2,2
86,86,0.0,2,2
86,87,81.9,2,2
86,100,73.3,2,2
86,101,66.9,2,2
86,114,79.4,2,2
86,115,62.1,2,2
86,128,69.4,2,2
86,129,79.2,2,2
86,138,82.8,2,2
86,139,77.7,2,2
86,8,82.2,2,3
86,9,75.3,2,3
86,24,77.7,2,3
86,25,69.6,2,3
86,40,86.2,2,3
86,41,94.5,2,3
86,56,88.7,2,3
86,57,106.1,2,3
86,72,104.5,2,3
86,73,110.2,2,3
86,88,94.4,2,3
86,89,101.5,2,3
86,102,91.6,2,3
86,103,88.1,2,3
86,116,92.7,2,3
86,117,92.5,2,3
86,130,85.7,2,3
86,131,88.6,2,3
86,140,97.0,2,3
86,141,91.2,2,3
86,10,288.7,2,5
86,11,286.1,2,5
86,26,287.6,2,5
86,27,286.0,2,5
86,42,287.2,2,5
86,43,288.4,2,5
86,58,291.1,2,5
86,59,286.4,2,5
86,74,282.1,2,5
86,75,289.8,2,5
86,90,287.0,2,5
86,91,290.8,2,5
86,104,290.5,2,5
86,105,286.9,2,5
86,118,288.4,2,5
86,119,288.5,2,5
86,132,288.6,2,5
86,133,295.3,2,5
86,142,291.1,2,5
86,143,292.9,2,5
86,12,292.1,2,6
86,13,289.9,2,6
86,28,293.4,2,6
86,29,294.0,2,6
86,44,289.3,2,6
86,45,291.3,2,6
86,60,291.8,2,6
86,61,295.9,2,6
86,76,295.1,2,6
86,77,295.9,2,6
86,92,296.4,2,6
86,93,299.3,2,6
86,106,295.9,2,6
86,107,294.9,2,6
86,120,291.8,2,6
86,121,302.6,2,6
86,134,299.8,2,6
86,135,291.5,2,6
86,144,294.0,2,6
86,145,287.8,2,6
86,14,288.5,2,7
86,15,290.8,2,7
86,30,292.1,2,7
86,31,289.5,2,7
86,46,294.1,2,7
86,47,289.9,2,7
86,62,291.4,2,7
86,63,289.5,2,7
86,78,291.1,2,7
86,79,290.2,2,7
86,94,293.5,2,7
86,95,291.6,2,7
86,108,294.9,2,7
86,109,293.5,2,7
86,122,287.1,2,7
86,123,295.4,2,7
86,136,294.8,2,7
86,137,295.8,2,7
86,146,297.2,2,7
86,147,294.9,2,7
87,150,287.9,2,9
87,151,291.9,2,9
87,148,291.4,2,8
87,149,284.4,2,8
87,0,279.9,2,0
87,1,282.1,2,0
87,16,280.3,2,0
87,17,286.2,2,0
87,32,289.9,2,0
87,33,287.3,2,0
87,48,289.4,2,0
87,49,290.7,2,0
87,64,288.9,2,0
87,65,287.0,2,0
87,80,285.5,2,0
87,81,280.3,2,0
87,2,90.6,2,4
87,3,84.4,2,4
87,18,88.0,2,4
87,19,79.4,2,4
87,34,89.2,2,4
87,35,86.1,2,4
87,50,89.0,2,4
87,51,93.1,2,4
87,66,83.8,2,4
87,67,88.1,2,4
87,82,90.2,2,4
87,83,82.3,2,4
87,96,88.4,2,4
87,97,85.0,2,4
87,110,91.1,2,4
87,111,86.0,2,4
87,124,89.6,2,4
87,125,91.4,2,4
87,4,87.5,2,1
87,5,92.9,2,1
87,20,92.5,2,1
87,21,92.9,2,1
87,36,88.0,2,1
87,37,94.0,2,1
87,52,100.4,2,1
87,53,91.6,2,1
87,68,98.6,2,1
87,69,84.7,2,1
87,84,92.3,2,1
87,85,94.6,2,1
87,98,99.4,2,1
87,99,90.6,2,1
87,112,85.2,2,1
87,113,86.9,2,1
87,126,94.6,2,1
87,127,78.4,2,1
87,6,85.4,2,2
87,7,90.2,2,2
87,22,92.2,2,2
87,23,89.6,2,2
87,38,79.5,2,2
87,39,81.4,2,2
87,54,77.3,2,2
87,55,75.9,2,2
87,70,64.5,2,2
87,71,76.2,2,2
87,86,81.9,2,2
87,87,0.0,2,2
87,100,80.7,2,2
87,101,79.1,2,2
87,114,84.8,2,2
87,115,85.1,2,2
87,128,76.8,2,2
87,129,72.6,2,2
87,138,85.2,2,2
87,139,87.4,2,2
87,8,87.0,2,3
87,9,98.8,2,3
87,24,87.3,2,3
87,25,83.6,2,3
87,40,81.1,2,3
87,41,102.0,2,3
87,56,101.7,2,3
87,57,98.9,2,3
87,72,101.2,2,3
87,73,94.3,2,3
87,88,98.0,2,3
87,89,101.6,2,3
87,102,92.8,2,3
87,103,86.6,2,3
87,116,97.3,2,3
87,117,90.1,2,3
87,130,89.3,2,3
87,131,103.5,2,3
87,140,97.1,2,3
87,141,95.1,2,3
87,10,279.9,2,5
87,11,275.5,2,5
87,26,278.0,2,5
87,27,275.1,2,5
87,42,280.4,2,5
87,43,281.1,2,5
87,58,285.2,2,5
87,59,278.6,2,5
87,74,273.0,2,5
87,75,284.0,2,5
87,90,281.8,2,5
87,91,285.2,2,5
87,104,283.6,2,5
87,105,278.5,2,5
87,118,281.9,2,5
87,119,283.5,2,5
87,132,281.1,2,5
87,133,287.9,2,5
87,142,284.5,2,5
87,143,288.1,2,5
87,12,284.9,2,6
87,13,282.5,2,6
87,28,287.1,2,6
87,29,285.8,2,6
87,44,280.4,2,6
87,45,283.3,2,6
87,60,282.9,2,6
87,61,286.8,2,6
87,76,286.0,2,6
87,77,285.5,2,6
87,92,288.0,2,6
87,93,292.6,2,6
87,106,288.6,2,6
87,107,287.7,2,6
87,120,282.9,2,6
87,121,296.2,2,6
87,134,292.6,2,6
87,135,283.4,2,6
87,144,287.7,2,6
87,145,275.8,2,6
87,14,280.3,2,7
87,15,282.8,2,7
87,30,284.7,2,7
87,31,283.2,2,7
87,46,286.8,2,7
87,47,280.6,2,7
87,62,285.3,2,7
87,63,280.6,2,7
87,78,282.7,2,7
87,79,281.0,2,7
87,94,284.0,2,7
87,95,282.9,2,7
87,108,284.8,2,7
87,109,282.4,2,7
87,122,278.0,2,7
87,123,287.6,2,7
87,136,286.8,2,7
87,137,288.0,2,7
87,146,289.9,2,7
87,147,285.8,2,7
100,150,288.9,2,9
100,151,291.5,2,9
100,148,291.8,2,8
100,149,285.5,2,8
100,0,282.1,2,0
100,1,283.9,2,0
100,16,282.5,2,0
100,17,286.1,2,0
100,32,290.4,2,0
100,33,288.4,2,0
100,48,289.9,2,0
100,49,290.7,2,0
100,64,288.8,2,0
100,65,288.1,2,0
100,80,288.5,2,0
100,81,281.1,2,0
100,2,83.5,2,4
100,3,84.6,2,4
100,18,85.9,2,4
100,19,88.5,2,4
100,34,83.9,2,4
100,35,87.3,2,4
100,50,77.5,2,4
100,51,85.5,2,4
100,66,83.4,2,4
100,67,81.4,2,4
100,82,82.7,2,4
100,83,79.6,2,4
100,96,76.4,2,4
100,97,86.0,2,4
100,110,86.6,2,4
100,111,79.4,2,4
100,124,76.5,2,4
100,125,72.6,2,4
100,4,80.8,2,1
100,5,86.6,2,1
100,20,82.8,2,1
100,21,78.9,2,1
100,36,82.0,2,1
100,37,102.7,2,1
100,52,102.2,2,1
100,53,84.3,2,1
100,68,94.4,2,1
100,69,88.9,2,1
100,84,101.5,2,1
100,85,94.3,2,1
100,98,88.7,2,1
100,99,92.0,2,1
100,112,92.3,2,1
100,113,98.6,2,1
100,126,85.9,2,1
100,127,96.0,2,1
100,6,81.8,2,2
100,7,80.9,2,2
100,22,75.5,2,2
100,23,81.9,2,2
100,38,83.0,2,2
100,39,71.4,2,2
100,54,76.0,2,2
100,55,73.1,2,2
100,70,83.1,2,2
100,71,73.4,2,2
100,86,73.3,2,2
100,87,80.7,2,2
100,100,0.0,2,2
100,101,67.9,2,2
100,114,76.5,2,2
100,115,74.2,2,2
100,128,64.2,2,2
100,129,91.8,2,2
100,138,89.8,2,2
100,139,84.4,2,2
100,8,93.7,2,3
100,9,87.0,2,3
100,24,85.6,2,3
100,25,86.7,2,3
100,40,91.8,2,3
100,41,96.3,2,3
100,56,96.5,2,3
100,57,107.6,2,3
100,72,99.2,2,3
100,73,110.3,2,3
100,88,94.6,2,3
100,89,98.1,2,3
100,102,96.8,2,3
100,103,101.9,2,3
100,116,87.6,2,3
100,117,89.8,2,3
100,130,87.1,2,3
100,131,95.2,2,3
100,140,93.4,2,3
100,141,79.2,2,3
100,10,282.6,2,5
100,11,278.8,2,5
100,26,280.4,2,5
100,27,279.5,2,5
100,42,282.0,2,5
100,43,281.5,2,5
100,58,284.3,2,5
100,59,280.1,2,5
100,74,274.9,2,5
100,75,283.2,2,5
100,90,280.5,2,5
100,91,286.4,2,5
100,104,285.1,2,5
100,105,280.6,2,5
100,118,281.7,2,5
100,119,283.2,2,5
100,132,282.8,2,5
100,133,288.8,2,5
100,142,284.8,2,5
100,143,287.7,2,5
100,12,285.3,2,6
100,13,283.9,2,6
100,28,287.7,2,6
100,29,288.3,2,6
100,44,282.3,2,6
100,45,284.4,2,6
100,60,284.4,2,6
100,61,289.5,2,6
100,76,288.7,2,6
100,77,289.2,2,6
100,92,289.8,2,6
100,93,293.2,2,6
100,106,288.0,2,6
100,107,285.9,2,6
100,120,284.9,2,6
100,121,296.5,2,6
100,134,293.0,2,6
100,135,284.9,2,6
100,144,287.9,2,6
100,145,280.0,2,6
100,14,280.6,2,7
100,15,284.0,2,7
100,30,285.8,2,7
100,31,283.4,2,7
100,46,287.4,2,7
100,47,282.4,2,7
100,62,285.5,2,7
100,63,282.3,2,7
100,78,284.9,2,7
100,79,283.0,2,7
100,94,286.4,2,7
100,95,284.1,2,7
100,108,287.9,2,7
100,109,285.6,2,7
100,122,280.0,2,7
100,123,288.7,2,7
100,136,288.0,2,7
100,137,287.6,2,7
100,146,290.3,2,7
100,147,287.3,2,7
101,150,292.1,2,9
101,151,294.6,2,9
101,148,294.8,2,8
101,149,288.6,2,8
101,0,286.1,2,0
101,1,287.4,2,0
101,16,285.6,2,0
101,17,289.1,2,0
101,32,292.9,2,0
101,33,291.1,2,0
101,48,292.6,2,0
101,49,293.0,2,0
101,64,292.1,2,0
101,65,290.0,2,0
101,80,290.1,2,0
101,81,284.3,2,0
101,2,91.5,2,4
101,3,80.4,2,4
101,18,78.1,2,4
101,19,78.9,2,4
101,34,83.1,2,4
101,35,93.3,2,4
101,50,88.1,2,4
101,51,96.1,2,4
101,66,85.8,2,4
101,67,83.5,2,4
101,82,86.9,2,4
101,83,81.9,2,4
101,96,76.6,2,4
101,97,90.5,2,4
101,110,85.1,2,4
101,111,82.4,2,4
101,124,76.8,2,4
101,125,84.5,2,4
101,4,81.8,2,1
101,5,87.4,2,1
101,20,82.2,2,1
101,21,86.6,2,1
101,36,87.2,2,1
101,37,96.9,2,1
101,52,94.3,2,1
101,53,85.0,2,1
101,68,90.9,2,1
101,69,80.8,2,1
101,84,100.3,2,1
101,85,87.3,2,1
101,98,84.5,2,1
101,99,83.5,2,1
101,112,90.8,2,1
101,113,92.9,2,1
101,126,81.6,2,1
101,127,88.5,2,1
101,6,80.7,2,2
101,7,71.1,2,2
101,22,72.8,2,2
101,23,74.0,2,2
101,38,79.8,2,2
101,39,70.1,2,2
101,54,79.7,2,2
101,55,72.9,2,2
101,70,77.1,2,2
101,71,71.7,2,2
101,86,66.9,2,2
101,87,79.1,2,2
101,100,67.9,2,2
101,101,0.0,2,2
101,114,59.4,2,2
101,115,64.6,2,2
101,128,60.6,2,2
101,129,85.1,2,2
101,138,86.3,2,2
101,139,80.5,2,2
101,8,85.8,2,3
101,9,86.3,2,3
101,24,84.5,2,3
101,25,78.0,2,3
101,40,90.7,2,3
101,41,99.5,2,3
101,56,95.3,2,3
101,57,111.1,2,3
101,72,105.5,2,3
101,73,111.3,2,3
101,88,96.7,2,3
101,89,100.3,2,3
101,102,96.3,2,3
101,103,101.1,2,3
101,116,90.5,2,3
101,117,98.4,2,3
101,130,85.4,2,3
101,131,96.9,2,3
101,140,102.9,2,3
101,141,86.9,2,3
101,10,285.0,2,5
101,11,281.8,2,5
101,26,283.5,2,5
101,27,282.1,2,5
101,42,285.0,2,5
101,43,286.2,2,5
101,58,288.5,2,5
101,59,283.2,2,5
101,74,279.1,2,5
101,75,287.5,2,5
101,90,284.3,2,5
101,91,288.4,2,5
101,104,287.1,2,5
101,105,282.9,2,5
101,118,285.4,2,5
101,119,286.9,2,5
101,132,285.9,2,5
101,133,292.0,2,5
101,142,287.1,2,5
101,143,291.1,2,5
101,12,287.4,2,6
101,13,286.6,2,6
101,28,290.8,2,6
101,29,290.6,2,6
101,44,285.5,2,6
101,45,288.1,2,6
101,60,287.8,2,6
101,61,291.6,2,6
101,76,291.3,2,6
101,77,291.5,2,6
101,92,292.7,2,6
101,93,294.8,2,6
101,106,291.7,2,6
101,107,290.3,2,6
101,120,287.2,2,6
101,121,298.8,2,6
101,134,295.7,2,6
101,135,287.6,2,6
101,144,290.9,2,6
101,145,283.8,2,6
101,14,284.6,2,7
101,15,286.2,2,7
101,30,289.2,2,7
101,31,287.1,2,7
101,46,289.8,2,7
101,47,285.2,2,7
101,62,289.0,2,7
101,63,285.3,2,7
101,78,288.3,2,7
101,79,285.8,2,7
101,94,289.4,2,7
101,95,287.2,2,7
101,108,290.5,2,7
101,109,287.9,2,7
101,122,282.3,2,7
101,123,290.7,2,7
101,136,290.7,2,7
101,137,291.4,2,7
101,146,293.6,2,7
101,147,290.6,2,7
114,150,292.4,2,9
114,151,294.9,2,9
114,148,295.2,2,8
114,149,288.7,2,8
114,0,286.0,2,0
114,1,286.5,2,0
114,16,285.4,2,0
114,17,288.8,2,0
114,32,292.6,2,0
114,33,291.1,2,0
114,48,292.3,2,0
114,49,293.2,2,0
114,64,292.4,2,0
114,65,290.7,2,0
114,80,289.9,2,0
114,81,283.6,2,0
114,2,95.0,2,4
114,3,87.1,2,4
114,18,78.8,2,4
114,19,84.5,2,4
114,34,85.7,2,4
114,35,89.7,2,4
114,50,87.2,2,4
114,51,96.2,2,4
114,66,85.9,2,4
114,67,86.7,2,4
114,82,81.7,2,4
114,83,84.4,2,4
114,96,82.2,2,4
114,97,79.8,2,4
114,110,85.9,2,4
114,111,88.6,2,4
114,124,76.9,2,4
114,125,87.5,2,4
114,4,79.3,2,1
114,5,89.7,2,1
114,20,91.4,2,1
114,21,90.1,2,1
114,36,90.9,2,1
114,37,106.2,2,1
114,52,92.0,2,1
114,53,95.0,2,1
114,68,100.6,2,1
114,69,90.4,2,1
114,84,103.7,2,1
114,85,92.2,2,1
114,98,95.3,2,1
114,99,95.8,2,1
114,112,100.4,2,1
114,113,97.1,2,1
114,126,89.4,2,1
114,127,92.5,2,1
114,6,86.2,2,2
114,7,79.9,2,2
114,22,82.6,2,2
114,23,80.1,2,2
114,38,82.2,2,2
114,39,79.8,2,2
114,54,84.6,2,2
114,55,81.0,2,2
114,70,84.1,2,2
114,71,78.3,2,2
114,86,79.4,2,2
114,87,84.8,2,2
114,100,76.5,2,2
114,101,59.4,2,2
114,114,0.0,2,2
114,115,72.4,2,2
114,128,68.1,2,2
114,129,86.3,2,2
114,138,86.4,2,2
114,139,75.0,2,2
114,8,78.7,2,3
114,9,90.1,2,3
114,24,91.7,2,3
114,25,86.7,2,3
114,40,93.2,2,3
114,41,103.2,2,3
114,56,102.9,2,3
114,57,113.9,2,3
114,72,113.0,2,3
114,73,113.8,2,3
114,88,100.9,2,3
114,89,102.9,2,3
114,102,98.0,2,3
114,103,98.8,2,3
114,116,92.2,2,3
114,117,97.5,2,3
114,130,92.5,2,3
114,131,100.8,2,3
114,140,103.7,2,3
114,141,82.9,2,3
114,10,283.8,2,5
114,11,281.2,2,5
114,26,283.3,2,5
114,27,281.7,2,5
114,42,285.0,2,5
114,43,284.8,2,5
114,58,289.2,2,5
114,59,281.7,2,5
114,74,278.0,2,5
114,75,288.0,2,5
114,90,285.2,2,5
114,91,289.5,2,5
114,104,288.2,2,5
114,105,283.8,2,5
114,118,285.7,2,5
114,119,285.9,2,5
114,132,285.6,2,5
114,133,291.6,2,5
114,142,287.5,2,5
114,143,291.8,2,5
114,12,288.3,2,6
114,13,285.6,2,6
114,28,289.6,2,6
114,29,290.5,2,6
114,44,285.7,2,6
114,45,287.5,2,6
114,60,287.3,2,6
114,61,290.3,2,6
114,76,290.6,2,6
114,77,289.7,2,6
114,92,291.7,2,6
114,93,295.2,2,6
114,106,291.4,2,6
114,107,290.3,2,6
114,120,286.4,2,6
114,121,298.7,2,6
114,134,295.9,2,6
114,135,285.9,2,6
114,144,290.9,2,6
114,145,281.6,2,6
114,14,283.6,2,7
114,15,283.9,2,7
114,30,288.5,2,7
114,31,286.2,2,7
114,46,290.1,2,7
114,47,285.2,2,7
114,62,289.1,2,7
114,63,285.0,2,7
114,78,287.9,2,7
114,79,285.8,2,7
114,94,289.0,2,7
114,95,286.7,2,7
114,108,290.5,2,7
114,109,288.2,2,7
114,122,282.4,2,7
114,123,289.8,2,7
114,136,291.2,2,7
114,137,291.5,2,7
114,146,293.8,2,7
114,147,290.4,2,7
115,150,299.0,2,9
115,151,301.8,2,9
115,148,301.6,2,8
115,149,295.5,2,8
115,0,293.0,2,0
115,1,295.2,2,0
115,16,293.1,2,0
115,17,297.5,2,0
115,32,299.6,2,0
115,33,298.6,2,0
115,48,299.7,2,0
115,49,300.6,2,0
115,64,299.4,2,0
115,65,298.0,2,0
115,80,297.3,2,0
115,81,291.8,2,0
115,2,82.5,2,4
115,3,75.7,2,4
115,18,76.5,2,4
115,19,69.7,2,4
115,34,74.2,2,4
115,35,87.9,2,4
115,50,80.7,2,4
115,51,88.3,2,4
115,66,80.2,2,4
115,67,68.7,2,4
115,82,73.6,2,4
115,83,77.4,2,4
115,96,74.7,2,4
115,97,83.4,2,4
115,110,63.5,2,4
115,111,74.9,2,4
115,124,76.7,2,4
115,125,74.9,2,4
115,4,74.2,2,1
115,5,78.2,2,1
115,20,73.2,2,1
115,21,84.4,2,1
115,36,79.5,2,1
115,37,89.2,2,1
115,52,89.0,2,1
115,53,81.0,2,1
115,68,78.6,2,1
115,69,78.4,2,1
115,84,94.9,2,1
115,85,79.3,2,1
115,98,75.1,2,1
115,99,86.0,2,1
115,112,94.8,2,1
115,113,87.9,2,1
115,126,73.1,2,1
115,127,83.8,2,1
115,6,75.9,2,2
115,7,62.6,2,2
115,22,59.0,2,2
115,23,69.6,2,2
115,38,78.6,2,2
115,39,75.2,2,2
115,54,84.8,2,2
115,55,76.5,2,2
115,70,80.8,2,2
115,71,80.4,2,2
115,86,62.1,2,2
115,87,85.1,2,2
115,100,74.2,2,2
115,101,64.6,2,2
115,114,72.4,2,2
115,115,0.0,2,2
115,128,61.8,2,2
115,129,80.2,2,2
115,138,82.5,2,2
115,139,75.1,2,2
115,8,81.9,2,3
115,9,77.9,2,3
115,24,74.4,2,3
115,25,72.8,2,3
115,40,85.3,2,3
115,41,90.3,2,3
115,56,93.7,2,3
115,57,107.3,2,3
115,72,103.9,2,3
115,73,111.1,2,3
115,88,91.9,2,3
115,89,100.5,2,3
115,102,91.5,2,3
115,103,96.2,2,3
115,116,92.7,2,3
115,117,93.1,2,3
115,130,86.6,2,3
115,131,87.7,2,3
115,140,104.0,2,3
115,141,89.4,2,3
115,10,292.1,2,5
115,11,288.6,2,5
115,26,290.6,2,5
115,27,289.4,2,5
115,42,291.7,2,5
115,43,292.7,2,5
115,58,295.2,2,5
115,59,290.1,2,5
115,74,285.3,2,5
115,75,294.2,2,5
115,90,291.6,2,5
115,91,295.4,2,5
115,104,294.4,2,5
115,105,290.7,2,5
115,118,292.7,2,5
115,119,293.6,2,5
115,132,292.6,2,5
115,133,298.0,2,5
115,142,295.0,2,5
115,143,297.6,2,5
115,12,294.6,2,6
115,13,293.9,2,6
115,28,297.4,2,6
115,29,297.7,2,6
115,44,292.7,2,6
115,45,295.2,2,6
115,60,294.6,2,6
115,61,298.9,2,6
115,76,297.9,2,6
115,77,298.2,2,6
115,92,299.1,2,6
115,93,302.9,2,6
115,106,299.3,2,6
115,107,297.8,2,6
115,120,295.2,2,6
115,121,305.5,2,6
115,134,302.4,2,6
115,135,294.6,2,6
115,144,297.3,2,6
115,145,290.9,2,6
115,14,291.9,2,7
115,15,293.9,2,7
115,30,295.9,2,7
115,31,293.0,2,7
115,46,297.5,2,7
115,47,293.0,2,7
115,62,295.4,2,7
115,63,293.2,2,7
115,78,295.3,2,7
115,79,294.0,2,7
115,94,296.8,2,7
115,95,294.3,2,7
115,108,298.1,2,7
115,109,295.9,2,7
115,122,290.8,2,7
115,123,298.2,2,7
115,136,298.3,2,7
115,137,298.2,2,7
115,146,300.5,2,7
115,147,298.2,2,7
128,150,296.2,2,9
128,151,298.6,2,9
128,148,298.8,2,8
128,149,292.6,2,8
128,0,289.2,2,0
128,1,291.3,2,0
128,16,289.9,2,0
128,17,294.1,2,0
128,32,297.2,2,0
128,33,295.5,2,0
128,48,296.6,2,0
128,49,297.8,2,0
128,64,296.1,2,0
128,65,295.0,2,0
128,80,294.5,2,0
128,81,288.5,2,0
128,2,77.4,2,4
128,3,76.1,2,4
128,18,76.2,2,4
128,19,73.6,2,4
128,34,82.8,2,4
128,35,85.7,2,4
128,50,80.6,2,4
128,51,78.3,2,4
128,66,75.9,2,4
128,67,73.2,2,4
128,82,79.1,2,4
128,83,74.7,2,4
128,96,75.7,2,4
128,97,82.3,2,4
128,110,77.5,2,4
128,111,76.4,2,4
128,124,73.3,2,4
128,125,71.0,2,4
128,4,76.9,2,1
128,5,79.0,2,1
128,20,74.6,2,1
128,21,83.4,2,1
128,36,77.0,2,1
128,37,92.9,2,1
128,52,94.3,2,1
128,53,81.6,2,1
128,68,86.7,2,1
128,69,80.2,2,1
128,84,94.1,2,1
128,85,84.4,2,1
128,98,81.0,2,1
128,99,87.9,2,1
128,112,91.8,2,1
128,113,88.7,2,1
128,126,78.2,2,1
128,127,83.6,2,1
128,6,82.0,2,2
128,7,69.9,2,2
128,22,70.9,2,2
128,23,67.3,2,2
128,38,78.2,2,2
128,39,73.2,2,2
128,54,77.3,2,2
128,55,66.5,2,2
128,70,73.4,2,2
128,71,73.7,2,2
128,86,69.4,2,2
128,87,76.8,2,2
128,100,64.2,2,2
128,101,60.6,2,2
128,114,68.1,2,2
128,115,61.8,2,2
128,128,0.0,2,2
128,129,81.7,2,2
128,138,86.1,2,2
128,139,78.2,2,2
128,8,83.7,2,3
128,9,78.1,2,3
128,24,78.1,2,3
128,25,74.5,2,3
128,40,83.7,2,3
128,41,97.1,2,3
128,56,93.8,2,3
128,57,108.6,2,3
128,72,100.4,2,3
128,73,109.6,2,3
128,88,89.8,2,3
128,89,97.4,2,3
128,102,92.5,2,3
128,103,94.6,2,3
128,116,89.2,2,3
128,117,82.8,2,3
128,130,85.0,2,3
128,131,94.0,2,3
128,140,99.1,2,3
128,141,77.2,2,3
128,10,288.9,2,5
128,11,285.8,2,5
128,26,287.3,2,5
128,27,286.3,2,5
128,42,289.1,2,5
128,43,288.8,2,5
128,58,292.8,2,5
128,59,287.4,2,5
128,74,282.9,2,5
128,75,291.4,2,5
128,90,288.2,2,5
128,91,293.3,2,5
128,104,292.1,2,5
128,105,287.7,2,5
128,118,289.5,2,5
128,119,290.5,2,5
128,132,289.6,2,5
128,133,295.1,2,5
128,142,291.9,2,5
128,143,294.5,2,5
128,12,292.4,2,6
128,13,291.0,2,6
128,28,295.3,2,6
128,29,294.9,2,6
128,44,289.5,2,6
128,45,292.0,2,6
128,60,291.3,2,6
128,61,295.7,2,6
128,76,295.0,2,6
128,77,295.1,2,6
128,92,296.2,2,6
128,93,299.9,2,6
128,106,295.9,2,6
128,107,294.5,2,6
128,120,292.0,2,6
128,121,303.3,2,6
128,134,299.9,2,6
128,135,291.4,2,6
128,144,294.9,2,6
128,145,287.0,2,6
128,14,287.8,2,7
128,15,291.1,2,7
128,30,291.4,2,7
128,31,290.4,2,7
128,46,294.6,2,7
128,47,289.9,2,7
128,62,292.7,2,7
128,63,289.3,2,7
128,78,292.1,2,7
128,79,290.3,2,7
128,94,293.2,2,7
128,95,291.4,2,7
128,108,295.3,2,7
128,109,293.0,2,7
128,122,287.2,2,7
128,123,295.3,2,7
128,136,295.2,2,7
128,137,295.5,2,7
128,146,297.1,2,7
128,147,294.4,2,7
129,150,292.6,2,9
129,151,297.1,2,9
129,148,296.2,2,8
129,149,288.4,2,8
129,0,284.6,2,0
129,1,288.3,2,0
129,16,285.2,2,0
129,17,291.1,2,0
129,32,293.8,2,0
129,33,291.0,2,0
129,48,294.3,2,0
129,49,294.8,2,0
129,64,294.1,2,0
129,65,291.6,2,0
129,80,290.1,2,0
129,81,285.1,2,0
129,2,86.8,2,4
129,3,80.9,2,4
129,18,83.1,2,4
129,19,70.6,2,4
129,34,85.6,2,4
129,35,88.1,2,4
129,50,88.3,2,4
129,51,93.1,2,4
129,66,89.5,2,4
129,67,82.9,2,4
129,82,83.6,2,4
129,83,88.2,2,4
129,96,87.1,2,4
129,97,88.6,2,4
129,110,79.1,2,4
129,111,79.2,2,4
129,124,84.4,2,4
129,125,82.5,2,4
129,4,81.6,2,1
129,5,83.9,2,1
129,20,83.3,2,1
129,21,74.8,2,1
129,36,85.5,2,1
129,37,91.8,2,1
129,52,95.8,2,1
129,53,80.9,2,1
129,68,90.6,2,1
129,69,79.3,2,1
129,84,79.6,2,1
129,85,81.6,2,1
129,98,89.5,2,1
129,99,85.2,2,1
129,112,88.0,2,1
129,113,85.9,2,1
129,126,83.7,2,1
129,127,75.5,2,1
129,6,83.6,2,2
129,7,78.8,2,2
129,22,82.2,2,2
129,23,82.9,2,2
129,38,81.6,2,2
129,39,83.5,2,2
129,54,87.1,2,2
129,55,82.3,2,2
129,70,70.1,2,2
129,71,82.1,2,2
129,86,79.2,2,2
129,87,72.6,2,2
129,100,91.8,2,2
129,101,85.1,2,2
129,114,86.3,2,2
129,115,80.2,2,2
129,128,81.7,2,2
129,129,0.0,2,2
129,138,67.3,2,2
129,139,69.0,2,2
129,8,71.0,2,3
129,9,85.9,2,3
129,24,81.3,2,3
129,25,70.8,2,3
129,40,70.0,2,3
129,41,94.7,2,3
129,56,94.7,2,3
129,57,99.8,2,3
129,72,96.5,2,3
129,73,100.0,2,3
129,88,91.2,2,3
129,89,98.4,2,3
129,102,89.6,2,3
129,103,83.8,2,3
129,116,87.9,2,3
129,117,83.6,2,3
129,130,75.4,2,3
129,131,91.4,2,3
129,140,91.6,2,3
129,141,92.8,2,3
129,10,284.7,2,5
129,11,279.1,2,5
129,26,283.5,2,5
129,27,280.7,2,5
129,42,284.4,2,5
129,43,286.5,2,5
129,58,289.5,2,5
129,59,283.0,2,5
129,74,276.5,2,5
129,75,288.2,2,5
129,90,285.9,2,5
129,91,290.2,2,5
129,104,287.6,2,5
129,105,282.0,2,5
129,118,287.1,2,5
129,119,287.7,2,5
129,132,285.8,2,5
129,133,292.9,2,5
129,142,290.1,2,5
129,143,292.1,2,5
129,12,289.7,2,6
129,13,286.8,2,6
129,28,290.9,2,6
129,29,290.0,2,6
129,44,284.8,2,6
129,45,288.1,2,6
129,60,288.7,2,6
129,61,292.6,2,6
129,76,291.3,2,6
129,77,290.7,2,6
129,92,292.7,2,6
129,93,297.7,2,6
129,106,294.4,2,6
129,107,293.2,2,6
129,120,289.0,2,6
129,121,300.6,2,6
129,134,297.1,2,6
129,135,289.3,2,6
129,144,292.4,2,6
129,145,281.7,2,6
129,14,286.3,2,7
129,15,287.4,2,7
129,30,290.3,2,7
129,31,287.4,2,7
129,46,291.9,2,7
129,47,285.6,2,7
129,62,289.5,2,7
129,63,286.2,2,7
129,78,288.3,2,7
129,79,288.0,2,7
129,94,290.5,2,7
129,95,288.0,2,7
129,108,291.4,2,7
129,109,289.9,2,7
129,122,283.6,2,7
129,123,293.2,2,7
129,136,291.8,2,7
129,137,292.8,2,7
129,146,294.8,2,7
129,147,292.1,2,7
138,150,291.1,2,9
138,151,295.1,2,9
138,148,294.4,2,8
138,149,287.9,2,8
138,0,284.7,2,0
138,1,287.7,2,0
138,16,284.4,2,0
138,17,290.3,2,0
138,32,292.7,2,0
138,33,290.9,2,0
138,48,292.0,2,0
138,49,293.6,2,0
138,64,292.3,2,0
138,65,290.7,2,0
138,80,287.8,2,0
138,81,283.9,2,0
138,2,88.8,2,4
138,3,88.2,2,4
138,18,79.9,2,4
138,19,83.2,2,4
138,34,88.5,2,4
138,35,90.1,2,4
138,50,76.6,2,4
138,51,92.8,2,4
138,66,84.9,2,4
138,67,81.8,2,4
138,82,88.9,2,4
138,83,81.5,2,4
138,96,87.7,2,4
138,97,75.5,2,4
138,110,83.1,2,4
138,111,84.4,2,4
138,124,79.5,2,4
138,125,79.5,2,4
138,4,78.1,2,1
138,5,82.8,2,1
138,20,80.3,2,1
138,21,78.3,2,1
138,36,81.9,2,1
138,37,97.9,2,1
138,52,96.5,2,1
138,53,79.9,2,1
138,68,95.9,2,1
138,69,84.1,2,1
138,84,95.0,2,1
138,85,82.2,2,1
138,98,90.0,2,1
138,99,87.6,2,1
138,112,84.0,2,1
138,113,91.5,2,1
138,126,75.8,2,1
138,127,87.5,2,1
138,6,81.9,2,2
138,7,81.4,2,2
138,22,84.1,2,2
138,23,81.4,2,2
138,38,81.2,2,2
138,39,81.0,2,2
138,54,94.7,2,2
138,55,81.3,2,2
138,70,70.0,2,2
138,71,88.3,2,2
138,86,82.8,2,2
138,87,85.2,2,2
138,100,89.8,2,2
138,101,86.3,2,2
138,114,86.4,2,2
138,115,82.5,2,2
138,128,86.1,2,2
138,129,67.3,2,2
138,138,0.0,2,2
138,139,77.0,2,2
138,8,74.6,2,3
138,9,89.9,2,3
138,24,81.9,2,3
138,25,82.4,2,3
138,40,87.0,2,3
138,41,89.9,2,3
138,56,95.2,2,3
138,57,97.1,2,3
138,72,98.4,2,3
138,73,97.7,2,3
138,88,92.6,2,3
138,89,101.0,2,3
138,102,86.7,2,3
138,103,90.6,2,3
138,116,83.9,2,3
138,117,90.3,2,3
138,130,84.6,2,3
138,131,93.6,2,3
138,140,96.8,2,3
138,141,93.8,2,3
138,10,283.7,2,5
138,11,278.9,2,5
138,26,281.9,2,5
138,27,279.7,2,5
138,42,283.5,2,5
138,43,284.9,2,5
138,58,287.6,2,5
138,59,282.2,2,5
138,74,276.5,2,5
138,75,286.1,2,5
138,90,284.7,2,5
138,91,288.0,2,5
138,104,286.2,2,5
138,105,281.9,2,5
138,118,285.8,2,5
138,119,286.9,2,5
138,132,285.9,2,5
138,133,291.9,2,5
138,142,288.9,2,5
138,143,291.5,2,5
138,12,288.7,2,6
138,13,286.7,2,6
138,28,290.1,2,6
138,29,289.7,2,6
138,44,284.4,2,6
138,45,288.1,2,6
138,60,286.8,2,6
138,61,292.4,2,6
138,76,291.0,2,6
138,77,290.3,2,6
138,92,292.4,2,6
138,93,296.8,2,6
138,106,293.1,2,6
138,107,291.7,2,6
138,120,287.7,2,6
138,121,299.0,2,6
138,134,295.6,2,6
138,135,288.3,2,6
138,144,290.9,2,6
138,145,281.2,2,6
138,14,284.6,2,7
138,15,286.2,2,7
138,30,289.0,2,7
138,31,285.9,2,7
138,46,290.6,2,7
138,47,285.7,2,7
138,62,288.8,2,7
138,63,285.1,2,7
138,78,287.3,2,7
138,79,287.3,2,7
138,94,289.9,2,7
138,95,286.5,2,7
138,108,289.1,2,7
138,109,287.2,2,7
138,122,283.3,2,7
138,123,291.2,2,7
138,136,291.7,2,7
138,137,290.5,2,7
138,146,292.4,2,7
138,147,290.0,2,7
139,150,290.5,2,9
139,151,294.4,2,9
139,148,293.5,2,8
139,149,286.0,2,8
139,0,283.1,2,0
139,1,286.8,2,0
139,16,282.7,2,0
139,17,289.4,2,0
139,32,291.0,2,0
139,33,289.0,2,0
139,48,292.6,2,0
139,49,292.5,2,0
139,64,291.9,2,0
139,65,290.7,2,0
139,80,289.4,2,0
139,81,283.6,2,0
139,2,86.8,2,4
139,3,76.8,2,4
139,18,80.1,2,4
139,19,79.6,2,4
139,34,73.8,2,4
139,35,86.7,2,4
139,50,91.3,2,4
139,51,100.3,2,4
139,66,89.1,2,4
139,67,88.6,2,4
139,82,86.6,2,4
139,83,89.3,2,4
139,96,88.4,2,4
139,97,91.0,2,4
139,110,87.7,2,4
139,111,71.8,2,4
139,124,84.5,2,4
139,125,87.4,2,4
139,4,80.6,2,1
139,5,88.0,2,1
139,20,81.6,2,1
139,21,75.0,2,1
139,36,91.2,2,1
139,37,103.5,2,1
139,52,98.8,2,1
139,53,83.2,2,1
139,68,89.7,2,1
139,69,84.6,2,1
139,84,80.4,2,1
139,85,86.6,2,1
139,98,91.5,2,1
139,99,90.6,2,1
139,112,100.8,2,1
139,113,90.1,2,1
139,126,83.9,2,1
139,127,82.6,2,1
139,6,87.0,2,2
139,7,77.4,2,2
139,22,82.5,2,2
139,23,81.7,2,2
139,38,78.2,2,2
139,39,83.5,2,2
139,54,87.7,2,2
139,55,78.3,2,2
139,70,83.0,2,2
139,71,78.4,2,2
139,86,77.7,2,2
139,87,87.4,2,2
139,100,84.4,2,2
139,101,80.5,2,2
139,114,75.0,2,2
139,115,75.1,2,2
139,128,78.2,2,2
139,129,69.0,2,2
139,138,77.0,2,2
139,139,0.0,2,2
139,8,67.8,2,3
139,9,80.9,2,3
139,24,87.8,2,3
139,25,80.7,2,3
139,40,85.3,2,3
139,41,94.3,2,3
139,56,96.4,2,3
139,57,102.1,2,3
139,72,91.4,2,3
139,73,103.2,2,3
139,88,90.4,2,3
139,89,88.5,2,3
139,102,94.4,2,3
139,103,95.2,2,3
139,116,88.4,2,3
139,117,96.9,2,3
139,130,79.6,2,3
139,131,94.7,2,3
139,140,89.3,2,3
139,141,91.3,2,3
139,10,284.0,2,5
139,11,278.8,2,5
139,26,282.6,2,5
139,27,279.9,2,5
139,42,282.2,2,5
139,43,283.8,2,5
139,58,287.3,2,5
139,59,280.7,2,5
139,74,274.1,2,5
139,75,285.2,2,5
139,90,282.2,2,5
139,91,288.3,2,5
139,104,286.9,2,5
139,105,280.9,2,5
139,118,283.1,2,5
139,119,283.4,2,5
139,132,283.3,2,5
139,133,290.4,2,5
139,142,287.1,2,5
139,143,289.0,2,5
139,12,286.6,2,6
139,13,284.0,2,6
139,28,287.9,2,6
139,29,289.4,2,6
139,44,283.1,2,6
139,45,284.9,2,6
139,60,286.3,2,6
139,61,290.7,2,6
139,76,289.1,2,6
139,77,289.3,2,6
139,92,290.8,2,6
139,93,295.7,2,6
139,106,290.5,2,6
139,107,289.8,2,6
139,120,286.9,2,6
139,121,298.4,2,6
139,134,294.7,2,6
139,135,284.6,2,6
139,144,288.5,2,6
139,145,278.0,2,6
139,14,283.2,2,7
139,15,284.4,2,7
139,30,287.7,2,7
139,31,283.8,2,7
139,46,289.2,2,7
139,47,283.1,2,7
139,62,285.4,2,7
139,63,284.6,2,7
139,78,285.7,2,7
139,79,285.7,2,7
139,94,288.6,2,7
139,95,286.8,2,7
139,108,290.3,2,7
139,109,288.5,2,7
139,122,281.2,2,7
139,123,290.2,2,7
139,136,289.1,2,7
139,137,290.0,2,7
139,146,292.2,2,7
139,147,290.3,2,7
8,150,289.4,3,9
8,151,292.8,3,9
8,148,292.5,3,8
8,149,284.9,3,8
8,0,282.9,3,0
8,1,285.1,3,0
8,16,281.3,3,0
8,17,287.7,3,0
8,32,290.1,3,0
8,33,287.9,3,0
8,48,290.1,3,0
8,49,291.2,3,0
8,64,290.2,3,0
8,65,288.4,3,0
8,80,287.0,3,0
8,81,281.6,3,0
8,2,91.9,3,4
8,3,81.7,3,4
8,18,81.9,3,4
8,19,81.3,3,4
8,34,84.8,3,4
8,35,88.4,3,4
8,50,91.8,3,4
8,51,103.0,3,4
8,66,90.8,3,4
8,67,87.3,3,4
8,82,92.2,3,4
8,83,86.3,3,4
8,96,90.6,3,4
8,97,84.6,3,4
8,110,89.9,3,4
8,111,78.0,3,4
8,124,79.1,3,4
8,125,89.0,3,4
8,4,79.9,3,1
8,5,77.9,3,1
8,20,79.2,3,1
8,21,78.1,3,1
8,36,82.9,3,1
8,37,86.0,3,1
8,52,73.5,3,1
8,53,85.2,3,1
8,68,89.3,3,1
8,69,80.1,3,1
8,84,76.0,3,1
8,85,75.5,3,1
8,98,83.5,3,1
8,99,80.0,3,1
8,112,87.4,3,1
8,113,83.5,3,1
8,126,79.3,3,1
8,127,78.7,3,1
8,6,85.6,3,2
8,7,80.2,3,2
8,22,83.3,3,2
8,23,81.9,3,2
8,38,84.5,3,2
8,39,84.7,3,2
8,54,88.2,3,2
8,55,86.6,3,2
8,70,85.6,3,2
8,71,84.9,3,2
8,86,82.2,3,2
8,87,87.0,3,2
8,100,93.7,3,2
8,101,85.8,3,2
8,114,78.7,3,2
8,115,81.9,3,2
8,128,83.7,3,2
8,129,71.0,3,2
8,138,74.6,3,2
8,139,67.8,3,2
8,8,0.0,3,3
8,9,82.3,3,3
8,24,80.1,3,3
8,25,76.8,3,3
8,40,81.6,3,3
8,41,93.8,3,3
8,56,96.8,3,3
8,57,100.1,3,3
8,72,99.0,3,3
8,73,93.1,3,3
8,88,89.1,3,3
8,89,94.2,3,3
8,102,85.6,3,3
8,103,80.9,3,3
8,116,80.6,3,3
8,117,91.8,3,3
8,130,80.5,3,3
8,131,91.7,3,3
8,140,89.4,3,3
8,141,88.9,3,3
8,10,281.6,3,5
8,11,277.5,3,5
8,26,280.5,3,5
8,27,278.2,3,5
8,42,281.3,3,5
8,43,282.0,3,5
8,58,285.9,3,5
8,59,279.9,3,5
8,74,273.6,3,5
8,75,284.6,3,5
8,90,281.6,3,5
8,91,285.8,3,5
8,104,284.4,3,5
8,105,279.7,3,5
8,118,282.1,3,5
8,119,282.8,3,5
8,132,282.5,3,5
8,133,289.0,3,5
8,142,285.7,3,5
8,143,288.1,3,5
8,12,286.5,3,6
8,13,283.6,3,6
8,28,287.2,3,6
8,29,288.4,3,6
8,44,283.2,3,6
8,45,285.2,3,6
8,60,286.1,3,6
8,61,289.8,3,6
8,76,288.9,3,6
8,77,287.8,3,6
8,92,290.6,3,6
8,93,294.6,3,6
8,106,291.0,3,6
8,107,290.0,3,6
8,120,285.5,3,6
8,121,297.4,3,6
8,134,294.1,3,6
8,135,285.5,3,6
8,144,289.0,3,6
8,145,279.1,3,6
8,14,282.8,3,7
8,15,283.2,3,7
8,30,287.2,3,7
8,31,283.7,3,7
8,46,289.2,3,7
8,47,283.8,3,7
8,62,286.8,3,7
8,63,283.7,3,7
8,78,285.1,3,7
8,79,285.0,3,7
8,94,287.9,3,7
8,95,285.3,3,7
8,108,288.4,3,7
8,109,286.3,3,7
8,122,280.2,3,7
8,123,289.8,3,7
8,136,289.5,3,7
8,137,289.0,3,7
8,146,292.0,3,7
8,147,288.7,3,7
9,150,295.2,3,9
9,151,299.7,3,9
9,148,299.2,3,8
9,149,292.6,3,8
9,0,290.4,3,0
9,1,293.8,3,0
9,16,290.7,3,0
9,17,294.6,3,0
9,32,297.3,3,0
9,33,295.0,3,0
9,48,298.3,3,0
9,49,298.7,3,0
9,64,297.4,3,0
9,65,295.7,3,0
9,80,295.3,3,0
9,81,289.4,3,0
9,2,85.4,3,4
9,3,84.4,3,4
9,18,82.9,3,4
9,19,85.3,3,4
9,34,91.9,3,4
9,35,87.3,3,4
9,50,93.7,3,4
9,51,97.5,3,4
9,66,80.6,3,4
9,67,81.2,3,4
9,82,90.6,3,4
9,83,81.8,3,4
9,96,91.6,3,4
9,97,90.0,3,4
9,110,87.3,3,4
9,111,88.4,3,4
9,124,86.7,3,4
9,125,79.7,3,4
9,4,77.9,3,1
9,5,70.4,3,1
9,20,64.0,3,1
9,21,81.4,3,1
9,36,85.8,3,1
9,37,89.8,3,1
9,52,93.0,3,1
9,53,75.6,3,1
9,68,80.8,3,1
9,69,77.8,3,1
9,84,80.4,3,1
9,85,79.1,3,1
9,98,77.9,3,1
9,99,83.7,3,1
9,112,96.0,3,1
9,113,79.0,3,1
9,126,70.5,3,1
9,127,85.9,3,1
9,6,89.2,3,2
9,7,73.8,3,2
9,22,80.8,3,2
9,23,75.0,3,2
9,38,85.5,3,2
9,39,86.1,3,2
9,54,90.2,3,2
9,55,84.8,3,2
9,70,91.8,3,2
9,71,88.6,3,2
9,86,75.3,3,2
9,87,98.8,3,2
9,100,87.0,3,2
9,101,86.3,3,2
9,114,90.1,3,2
9,115,77.9,3,2
9,128,78.1,3,2
9,129,85.9,3,2
9,138,89.9,3,2
9,139,80.9,3,2
9,8,82.3,3,3
9,9,0.0,3,3
9,24,71.0,3,3
9,25,74.4,3,3
9,40,82.2,3,3
9,41,84.0,3,3
9,56,89.3,3,3
9,57,102.5,3,3
9,72,102.8,3,3
9,73,107.1,3,3
9,88,89.3,3,3
9,89,102.1,3,3
9,102,88.6,3,3
9,103,89.5,3,3
9,116,86.0,3,3
9,117,93.6,3,3
9,130,86.9,3,3
9,131,91.7,3,3
9,140,98.3,3,3
9,141,82.5,3,3
9,10,289.9,3,5
9,11,286.5,3,5
9,26,288.2,3,5
9,27,286.3,3,5
9,42,286.6,3,5
9,43,287.5,3,5
9,58,291.2,3,5
9,59,286.2,3,5
9,74,281.4,3,5
9,75,290.2,3,5
9,90,287.4,3,5
9,91,292.6,3,5
9,104,290.9,3,5
9,105,287.6,3,5
9,118,287.9,3,5
9,119,288.0,3,5
9,132,289.5,3,5
9,133,294.9,3,5
9,142,292.5,3,5
9,143,293.8,3,5
9,12,293.4,3,6
9,13,290.8,3,6
9,28,293.2,3,6
9,29,295.1,3,6
9,44,290.3,3,6
9,45,294.2,3,6
9,60,294.2,3,6
9,61,298.4,3,6
9,76,296.8,3,6
9,77,298.0,3,6
9,92,298.5,3,6
9,93,302.6,3,6
9,106,298.5,3,6
9,107,297.0,3,6
9,120,293.7,3,6
9,121,305.0,3,6
9,134,301.7,3,6
9,135,292.9,3,6
9,144,295.2,3,6
9,145,289.4,3,6
9,14,289.0,3,7
9,15,291.5,3,7
9,30,293.6,3,7
9,31,289.6,3,7
9,46,296.1,3,7
9,47,292.1,3,7
9,62,294.1,3,7
9,63,290.7,3,7
9,78,292.1,3,7
9,79,293.2,3,7
9,94,295.6,3,7
9,95,293.9,3,7
9,108,297.5,3,7
9,109,296.8,3,7
9,122,288.9,3,7
9,123,297.5,3,7
9,136,296.8,3,7
9,137,296.9,3,7
9,146,298.7,3,7
9,147,296.8,3,7
24,150,294.8,3,9
24,151,298.5,3,9
24,148,297.8,3,8
24,149,292.1,3,8
24,0,289.4,3,0
24,1,292.5,3,0
24,16,289.6,3,0
24,17,294.3,3,0
24,32,296.5,3,0
24,33,295.1,3,0
24,48,296.4,3,0
24,49,297.4,3,0
24,64,296.0,3,0
24,65,293.8,3,0
24,80,293.5,3,0
24,81,288.8,3,0
24,2,85.9,3,4
24,3,82.5,3,4
24,18,82.6,3,4
24,19,77.3,3,4
24,34,85.6,3,4
24,35,85.4,3,4
24,50,82.3,3,4
24,51,87.2,3,4
24,66,81.6,3,4
24,67,70.5,3,4
24,82,82.2,3,4
24,83,78.5,3,4
24,96,81.2,3,4
24,97,83.8,3,4
24,110,73.7,3,4
24,111,84.8,3,4
24,124,79.8,3,4
24,125,73.2,3,4
24,4,66.2,3,1
24,5,69.4,3,1
24,20,64.1,3,1
24,21,78.4,3,1
24,36,73.0,3,1
24,37,70.5,3,1
24,52,86.1,3,1
24,53,70.4,3,1
24,68,79.3,3,1
24,69,71.1,3,1
24,84,88.4,3,1
24,85,77.3,3,1
24,98,72.6,3,1
24,99,75.7,3,1
24,112,77.2,3,1
24,113,79.6,3,1
24,126,70.1,3,1
24,127,76.2,3,1
24,6,76.9,3,2
24,7,73.1,3,2
24,22,72.5,3,2
24,23,74.2,3,2
24,38,79.5,3,2
24,39,84.9,3,2
24,54,93.9,3,2
24,55,86.7,3,2
24,70,86.5,3,2
24,71,90.2,3,2
24,86,77.7,3,2
24,87,87.3,3,2
24,100,85.6,3,2
24,101,84.5,3,2
24,114,91.7,3,2
24,115,74.4,3,2
24,128,78.1,3,2
24,129,81.3,3,2
24,138,81.9,3,2
24,139,87.8,3,2
24,8,80.1,3,3
24,9,71.0,3,3
24,24,0.0,3,3
24,25,61.0,3,3
24,40,61.6,3,3
24,41,83.8,3,3
24,56,83.4,3,3
24,57,96.5,3,3
24,72,93.2,3,3
24,73,98.7,3,3
24,88,79.3,3,3
24,89,96.1,3,3
24,102,71.1,3,3
24,103,76.0,3,3
24,116,83.3,3,3
24,117,85.9,3,3
24,130,83.3,3,3
24,131,82.4,3,3
24,140,91.9,3,3
24,141,84.4,3,3
24,10,288.4,3,5
24,11,284.9,3,5
24,26,285.9,3,5
24,27,284.5,3,5
24,42,288.1,3,5
24,43,288.1,3,5
24,58,291.1,3,5
24,59,286.3,3,5
24,74,282.8,3,5
24,75,290.2,3,5
24,90,288.3,3,5
24,91,290.9,3,5
24,104,290.3,3,5
24,105,286.9,3,5
24,118,289.4,3,5
24,119,290.0,3,5
24,132,289.9,3,5
24,133,295.3,3,5
24,142,292.4,3,5
24,143,294.3,3,5
24,12,294.0,3,6
24,13,292.0,3,6
24,28,295.6,3,6
24,29,295.0,3,6
24,44,290.1,3,6
24,45,293.8,3,6
24,60,292.8,3,6
24,61,297.7,3,6
24,76,296.0,3,6
24,77,296.5,3,6
24,92,297.2,3,6
24,93,300.9,3,6
24,106,298.0,3,6
24,107,296.0,3,6
24,120,292.9,3,6
24,121,303.1,3,6
24,134,300.7,3,6
24,135,293.1,3,6
24,144,295.5,3,6
24,145,288.8,3,6
24,14,289.3,3,7
24,15,292.1,3,7
24,30,293.3,3,7
24,31,290.3,3,7
24,46,295.5,3,7
24,47,292.0,3,7
24,62,293.3,3,7
24,63,291.2,3,7
24,78,292.3,3,7
24,79,292.2,3,7
24,94,294.7,3,7
24,95,292.2,3,7
24,108,295.0,3,7
24,109,294.3,3,7
24,122,288.2,3,7
24,123,296.5,3,7
24,136,296.2,3,7
24,137,295.4,3,7
24,146,297.5,3,7
24,147,295.4,3,7
25,150,295.7,3,9
25,151,299.6,3,9
25,148,299.3,3,8
25,149,293.2,3,8
25,0,291.0,3,0
25,1,293.3,3,0
25,16,291.2,3,0
25,17,295.8,3,0
25,32,297.9,3,0
25,33,296.7,3,0
25,48,297.9,3,0
25,49,298.9,3,0
25,64,298.0,3,0
25,65,295.5,3,0
25,80,294.4,3,0
25,81,289.9,3,0
25,2,85.4,3,4
25,3,73.5,3,4
25,18,79.5,3,4
25,19,66.5,3,4
25,34,87.5,3,4
25,35,86.2,3,4
25,50,88.5,3,4
25,51,89.8,3,4
25,66,83.4,3,4
25,67,75.4,3,4
25,82,87.3,3,4
25,83,81.7,3,4
25,96,83.8,3,4
25,97,86.3,3,4
25,110,76.4,3,4
25,111,81.0,3,4
25,124,84.1,3,4
25,125,77.1,3,4
25,4,72.4,3,1
25,5,75.6,3,1
25,20,70.0,3,1
25,21,76.6,3,1
25,36,75.4,3,1
25,37,80.9,3,1
25,52,92.2,3,1
25,53,70.5,3,1
25,68,81.6,3,1
25,69,73.3,3,1
25,84,86.4,3,1
25,85,77.7,3,1
25,98,78.2,3,1
25,99,76.5,3,1
25,112,89.3,3,1
25,113,80.6,3,1
25,126,72.2,3,1
25,127,73.6,3,1
25,6,81.2,3,2
25,7,72.8,3,2
25,22,73.6,3,2
25,23,77.8,3,2
25,38,78.3,3,2
25,39,87.1,3,2
25,54,89.3,3,2
25,55,84.0,3,2
25,70,80.1,3,2
25,71,79.4,3,2
25,86,69.6,3,2
25,87,83.6,3,2
25,100,86.7,3,2
25,101,78.0,3,2
25,114,86.7,3,2
25,115,72.8,3,2
25,128,74.5,3,2
25,129,70.8,3,2
25,138,82.4,3,2
25,139,80.7,3,2
25,8,76.8,3,3
25,9,74.4,3,3
25,24,61.0,3,3
25,25,0.0,3,3
25,40,63.4,3,3
25,41,89.1,3,3
25,56,84.7,3,3
25,57,97.3,3,3
25,72,97.0,3,3
25,73,100.6,3,3
25,88,88.8,3,3
25,89,94.5,3,3
25,102,81.2,3,3
25,103,84.9,3,3
25,116,86.0,3,3
25,117,80.6,3,3
25,130,78.6,3,3
25,131,87.3,3,3
25,140,90.9,3,3
25,141,85.6,3,3
25,10,289.5,3,5
25,11,286.4,3,5
25,26,288.2,3,5
25,27,285.5,3,5
25,42,289.3,3,5
25,43,290.1,3,5
25,58,293.3,3,5
25,59,288.2,3,5
25,74,285.0,3,5
25,75,292.2,3,5
25,90,289.8,3,5
25,91,292.6,3,5
25,104,292.5,3,5
25,105,287.6,3,5
25,118,290.7,3,5
25,119,291.7,3,5
25,132,291.5,3,5
25,133,297.4,3,5
25,142,293.4,3,5
25,143,295.8,3,5
25,12,295.3,3,6
25,13,293.0,3,6
25,28,297.7,3,6
25,29,295.7,3,6
25,44,292.4,3,6
25,45,294.5,3,6
25,60,294.1,3,6
25,61,298.6,3,6
25,76,296.9,3,6
25,77,297.6,3,6
25,92,298.6,3,6
25,93,302.1,3,6
25,106,298.9,3,6
25,107,297.5,3,6
25,120,294.3,3,6
25,121,305.0,3,6
25,134,302.4,3,6
25,135,293.4,3,6
25,144,296.5,3,6
25,145,290.1,3,6
25,14,290.7,3,7
25,15,293.4,3,7
25,30,294.6,3,7
25,31,291.7,3,7
25,46,296.6,3,7
25,47,292.4,3,7
25,62,294.8,3,7
25,63,292.4,3,7
25,78,293.7,3,7
25,79,293.1,3,7
25,94,296.4,3,7
25,95,293.9,3,7
25,108,295.9,3,7
25,109,294.6,3,7
25,122,290.3,3,7
25,123,297.6,3,7
25,136,297.3,3,7
25,137,297.0,3,7
25,146,299.1,3,7
25,147,296.3,3,7
40,150,291.8,3,9
40,151,296.1,3,9
40,148,295.3,3,8
40,149,288.9,3,8
40,0,284.8,3,0
40,1,288.9,3,0
40,16,286.2,3,0
40,17,291.3,3,0
40,32,293.9,3,0
40,33,292.1,3,0
40,48,294.2,3,0
40,49,294.6,3,0
40,64,293.8,3,0
40,65,291.2,3,0
40,80,290.5,3,0
40,81,284.8,3,0
40,2,86.7,3,4
40,3,86.4,3,4
40,18,89.4,3,4
40,19,77.9,3,4
40,34,92.4,3,4
40,35,88.1,3,4
40,50,92.4,3,4
40,51,90.6,3,4
40,66,88.9,3,4
40,67,79.2,3,4
40,82,77.4,3,4
40,83,90.1,3,4
40,96,88.9,3,4
40,97,94.7,3,4
40,110,83.3,3,4
40,111,86.6,3,4
40,124,88.3,3,4
40,125,78.2,3,4
40,4,76.8,3,1
40,5,78.9,3,1
40,20,82.0,3,1
40,21,81.0,3,1
40,36,79.8,3,1
40,37,79.0,3,1
40,52,96.3,3,1
40,53,78.1,3,1
40,68,86.5,3,1
40,69,76.1,3,1
40,84,77.8,3,1
40,85,85.1,3,1
40,98,87.3,3,1
40,99,82.7,3,1
40,112,79.7,3,1
40,113,71.6,3,1
40,126,81.0,3,1
40,127,65.7,3,1
40,6,89.2,3,2
40,7,82.3,3,2
40,22,86.0,3,2
40,23,88.1,3,2
40,38,84.1,3,2
40,39,93.8,3,2
40,54,94.1,3,2
40,55,87.4,3,2
40,70,83.7,3,2
40,71,89.0,3,2
40,86,86.2,3,2
40,87,81.1,3,2
40,100,91.8,3,2
40,101,90.7,3,2
40,114,93.2,3,2
40,115,85.3,3,2
40,128,83.7,3,2
40,129,70.0,3,2
40,138,87.0,3,2
40,139,85.3,3,2
40,8,81.6,3,3
40,9,82.2,3,3
40,24,61.6,3,3
40,25,63.4,3,3
40,40,0.0,3,3
40,41,89.7,3,3
40,56,87.8,3,3
40,57,98.3,3,3
40,72,96.0,3,3
40,73,101.4,3,3
40,88,89.2,3,3
40,89,94.4,3,3
40,102,82.1,3,3
40,103,77.0,3,3
40,116,88.0,3,3
40,117,78.8,3,3
40,130,82.7,3,3
40,131,87.0,3,3
40,140,88.8,3,3
40,141,88.1,3,3
40,10,285.2,3,5
40,11,280.8,3,5
40,26,283.6,3,5
40,27,281.1,3,5
40,42,284.6,3,5
40,43,284.9,3,5
40,58,288.7,3,5
40,59,282.3,3,5
40,74,277.4,3,5
40,75,287.6,3,5
40,90,284.7,3,5
40,91,289.3,3,5
40,104,287.7,3,5
40,105,283.1,3,5
40,118,286.3,3,5
40,119,286.8,3,5
40,132,286.3,3,5
40,133,292.3,3,5
40,142,289.5,3,5
40,143,291.4,3,5
40,12,291.0,3,6
40,13,288.6,3,6
40,28,292.6,3,6
40,29,291.4,3,6
40,44,287.0,3,6
40,45,290.1,3,6
40,60,289.6,3,6
40,61,294.1,3,6
40,76,292.7,3,6
40,77,292.6,3,6
40,92,292.7,3,6
40,93,298.7,3,6
40,106,295.0,3,6
40,107,293.3,3,6
40,120,290.3,3,6
40,121,301.1,3,6
40,134,297.9,3,6
40,135,289.4,3,6
40,144,292.4,3,6
40,145,284.5,3,6
40,14,286.0,3,7
40,15,288.8,3,7
40,30,290.2,3,7
40,31,287.7,3,7
40,46,292.5,3,7
40,47,287.4,3,7
40,62,290.1,3,7
40,63,287.8,3,7
40,78,289.4,3,7
40,79,288.4,3,7
40,94,291.2,3,7
40,95,289.4,3,7
40,108,292.8,3,7
40,109,291.7,3,7
40,122,284.7,3,7
40,123,294.2,3,7
40,136,293.1,3,7
40,137,293.3,3,7
40,146,295.3,3,7
40,147,292.7,3,7
41,150,288.2,3,9
41,151,292.5,3,9
41,148,291.8,3,8
41,149,285.8,3,8
41,0,282.5,3,0
41,1,286.0,3,0
41,16,283.3,3,0
41,17,288.6,3,0
41,32,290.5,3,0
41,33,288.3,3,0
41,48,291.3,3,0
41,49,291.3,3,0
41,64,290.5,3,0
41,65,287.8,3,0
41,80,286.3,3,0
41,81,282.3,3,0
41,2,83.4,3,4
41,3,87.8,3,4
41,18,91.3,3,4
41,19,90.2,3,4
41,34,82.5,3,4
41,35,98.5,3,4
41,50,94.6,3,4
41,51,97.4,3,4
41,66,88.2,3,4
41,67,93.7,3,4
41,82,95.3,3,4
41,83,88.9,3,4
41,96,93.6,3,4
41,97,98.3,3,4
41,110,90.6,3,4
41,111,93.2,3,4
41,124,94.4,3,4
41,125,86.0,3,4
41,4,81.2,3,1
41,5,85.9,3,1
41,20,80.0,3,1
41,21,86.4,3,1
41,36,85.6,3,1
41,37,96.3,3,1
41,52,100.6,3,1
41,53,82.1,3,1
41,68,91.6,3,1
41,69,84.2,3,1
41,84,95.4,3,1
41,85,83.9,3,1
41,98,90.9,3,1
41,99,88.9,3,1
41,112,93.8,3,1
41,113,85.7,3,1
41,126,76.4,3,1
41,127,87.9,3,1
41,6,92.6,3,2
41,7,84.5,3,2
41,22,93.2,3,2
41,23,92.6,3,2
41,38,87.9,3,2
41,39,97.8,3,2
41,54,108.5,3,2
41,55,96.3,3,2
41,70,101.9,3,2
41,71,98.2,3,2
41,86,94.5,3,2
41,87,102.0,3,2
41,100,96.3,3,2
41,101,99.5,3,2
41,114,103.2,3,2
41,115,90.3,3,2
41,128,97.1,3,2
41,129,94.7,3,2
41,138,89.9,3,2
41,139,94.3,3,2
41,8,93.8,3,3
41,9,84.0,3,3
41,24,83.8,3,3
41,25,89.1,3,3
41,40,89.7,3,3
41,41,0.0,3,3
41,56,59.9,3,3
41,57,65.5,3,3
41,72,71.9,3,3
41,73,79.0,3,3
41,88,68.5,3,3
41,89,76.0,3,3
41,102,68.0,3,3
41,103,76.7,3,3
41,116,74.4,3,3
41,117,75.3,3,3
41,130,73.5,3,3
41,131,66.4,3,3
41,140,82.1,3,3
41,141,74.7,3,3
41,10,281.5,3,5
41,11,276.9,3,5
41,26,279.2,3,5
41,27,276.2,3,5
41,42,278.7,3,5
41,43,280.2,3,5
41,58,283.8,3,5
41,59,278.5,3,5
41,74,272.5,3,5
41,75,282.2,3,5
41,90,280.5,3,5
41,91,284.7,3,5
41,104,283.1,3,5
41,105,279.7,3,5
41,118,282.2,3,5
41,119,282.2,3,5
41,132,282.8,3,5
41,133,288.3,3,5
41,142,285.7,3,5
41,143,287.2,3,5
41,12,287.5,3,6
41,13,286.0,3,6
41,28,288.7,3,6
41,29,288.7,3,6
41,44,283.9,3,6
41,45,287.2,3,6
41,60,286.6,3,6
41,61,292.0,3,6
41,76,289.6,3,6
41,77,290.0,3,6
41,92,291.3,3,6
41,93,296.3,3,6
41,106,292.2,3,6
41,107,290.8,3,6
41,120,287.2,3,6
41,121,298.4,3,6
41,134,294.2,3,6
41,135,284.8,3,6
41,144,287.8,3,6
41,145,278.9,3,6
41,14,281.1,3,7
41,15,283.8,3,7
41,30,285.6,3,7
41,31,283.7,3,7
41,46,289.0,3,7
41,47,283.8,3,7
41,62,286.7,3,7
41,63,283.4,3,7
41,78,285.4,3,7
41,79,285.2,3,7
41,94,289.2,3,7
41,95,286.3,3,7
41,108,289.6,3,7
41,109,288.6,3,7
41,122,282.8,3,7
41,123,290.7,3,7
41,136,290.4,3,7
41,137,289.9,3,7
41,146,291.2,3,7
41,147,289.7,3,7
56,150,287.4,3,9
56,151,291.2,3,9
56,148,291.2,3,8
56,149,285.1,3,8
56,0,281.8,3,0
56,1,285.5,3,0
56,16,282.7,3,0
56,17,288.1,3,0
56,32,290.0,3,0
56,33,288.5,3,0
56,48,290.8,3,0
56,49,291.0,3,0
56,64,290.0,3,0
56,65,286.5,3,0
56,80,286.1,3,0
56,81,281.8,3,0
56,2,83.9,3,4
56,3,83.7,3,4
56,18,89.2,3,4
56,19,88.9,3,4
56,34,92.2,3,4
56,35,100.7,3,4
56,50,94.6,3,4
56,51,93.5,3,4
56,66,91.3,3,4
56,67,89.6,3,4
56,82,97.5,3,4
56,83,90.3,3,4
56,96,83.2,3,4
56,97,98.3,3,4
56,110,95.2,3,4
56,111,90.6,3,4
56,124,90.4,3,4
56,125,84.8,3,4
56,4,80.7,3,1
56,5,85.5,3,1
56,20,81.9,3,1
56,21,87.1,3,1
56,36,87.1,3,1
56,37,95.0,3,1
56,52,103.3,3,1
56,53,82.3,3,1
56,68,96.2,3,1
56,69,84.6,3,1
56,84,95.5,3,1
56,85,85.7,3,1
56,98,92.7,3,1
56,99,88.8,3,1
56,112,96.6,3,1
56,113,88.3,3,1
56,126,80.7,3,1
56,127,85.8,3,1
56,6,96.3,3,2
56,7,87.6,3,2
56,22,93.7,3,2
56,23,93.1,3,2
56,38,89.1,3,2
56,39,95.0,3,2
56,54,108.0,3,2
56,55,92.9,3,2
56,70,97.5,3,2
56,71,96.6,3,2
56,86,88.7,3,2
56,87,101.7,3,2
56,100,96.5,3,2
56,101,95.3,3,2
56,114,102.9,3,2
56,115,93.7,3,2
56,128,93.8,3,2
56,129,94.7,3,2
56,138,95.2,3,2
56,139,96.4,3,2
56,8,96.8,3,3
56,9,89.3,3,3
56,24,83.4,3,3
56,25,84.7,3,3
56,40,87.8,3,3
56,41,59.9,3,3
56,56,0.0,3,3
56,57,69.5,3,3
56,72,69.1,3,3
56,73,81.4,3,3
56,88,65.6,3,3
56,89,76.2,3,3
56,102,65.7,3,3
56,103,72.4,3,3
56,116,76.2,3,3
56,117,76.0,3,3
56,130,71.1,3,3
56,131,62.4,3,3
56,140,79.3,3,3
56,141,77.8,3,3
56,10,280.7,3,5
56,11,276.8,3,5
56,26,278.9,3,5
56,27,276.1,3,5
56,42,279.8,3,5
56,43,280.0,3,5
56,58,283.6,3,5
56,59,278.5,3,5
56,74,273.5,3,5
56,75,282.4,3,5
56,90,280.4,3,5
56,91,283.8,3,5
56,104,282.6,3,5
56,105,279.4,3,5
56,118,282.1,3,5
56,119,282.0,3,5
56,132,282.6,3,5
56,133,288.8,3,5
56,142,285.6,3,5
56,143,286.8,3,5
56,12,287.9,3,6
56,13,285.9,3,6
56,28,289.2,3,6
56,29,288.6,3,6
56,44,284.2,3,6
56,45,287.0,3,6
56,60,286.2,3,6
56,61,291.5,3,6
56,76,289.5,3,6
56,77,289.3,3,6
56,92,291.3,3,6
56,93,295.1,3,6
56,106,291.8,3,6
56,107,290.5,3,6
56,120,286.9,3,6
56,121,297.1,3,6
56,134,294.8,3,6
56,135,284.3,3,6
56,144,287.6,3,6
56,145,279.0,3,6
56,14,279.7,3,7
56,15,283.2,3,7
56,30,284.2,3,7
56,31,282.7,3,7
56,46,288.2,3,7
56,47,283.2,3,7
56,62,285.8,3,7
56,63,283.2,3,7
56,78,284.9,3,7
56,79,284.7,3,7
56,94,288.3,3,7
56,95,286.5,3,7
56,108,289.6,3,7
56,109,289.0,3,7
56,122,281.8,3,7
56,123,291.1,3,7
56,136,290.1,3,7
56,137,289.3,3,7
56,146,290.4,3,7
56,147,289.2,3,7
57,150,282.8,3,9
57,151,289.4,3,9
57,148,287.8,3,8
57,149,282.1,3,8
57,0,277.9,3,0
57,1,281.8,3,0
57,16,278.6,3,0
57,17,285.4,3,0
57,32,287.4,3,0
57,33,286.0,3,0
57,48,288.5,3,0
57,49,289.0,3,0
57,64,287.7,3,0
57,65,284.0,3,0
57,80,283.3,3,0
57,81,279.1,3,0
57,2,88.9,3,4
57,3,98.1,3,4
57,18,99.9,3,4
57,19,96.4,3,4
57,34,95.2,3,4
57,35,105.4,3,4
57,50,101.0,3,4
57,51,103.5,3,4
57,66,93.6,3,4
57,67,105.4,3,4
57,82,112.0,3,4
57,83,100.8,3,4
57,96,101.6,3,4
57,97,101.4,3,4
57,110,105.7,3,4
57,111,100.9,3,4
57,124,104.0,3,4
57,125,98.6,3,4
57,4,92.6,3,1
57,5,99.9,3,1
57,20,91.5,3,1
57,21,94.3,3,1
57,36,92.9,3,1
57,37,106.2,3,1
57,52,111.4,3,1
57,53,92.4,3,1
57,68,106.0,3,1
57,69,97.9,3,1
57,84,103.7,3,1
57,85,94.8,3,1
57,98,106.1,3,1
57,99,92.2,3,1
57,112,98.1,3,1
57,113,89.2,3,1
57,126,90.6,3,1
57,127,92.5,3,1
57,6,96.7,3,2
57,7,102.2,3,2
57,22,106.8,3,2
57,23,106.2,3,2
57,38,93.1,3,2
57,39,105.5,3,2
57,54,120.7,3,2
57,55,103.9,3,2
57,70,104.8,3,2
57,71,102.5,3,2
57,86,106.1,3,2
57,87,98.9,3,2
57,100,107.6,3,2
57,101,111.1,3,2
57,114,113.9,3,2
57,115,107.3,3,2
57,128,108.6,3,2
57,129,99.8,3,2
57,138,97.1,3,2
57,139,102.1,3,2
57,8,100.1,3,3
57,9,102.5,3,3
57,24,96.5,3,3
57,25,97.3,3,3
57,40,98.3,3,3
57,41,65.5,3,3
57,56,69.5,3,3
57,57,0.0,3,3
57,72,70.8,3,3
57,73,66.0,3,3
57,88,68.8,3,3
57,89,78.4,3,3
57,102,78.3,3,3
57,103,84.0,3,3
57,116,81.9,3,3
57,117,78.0,3,3
57,130,78.1,3,3
57,131,81.6,3,3
57,140,78.2,3,3
57,141,88.7,3,3
57,10,278.5,3,5
57,11,273.5,3,5
57,26,274.9,3,5
57,27,271.9,3,5
57,42,276.8,3,5
57,43,276.8,3,5
57,58,281.3,3,5
57,59,275.5,3,5
57,74,269.2,3,5
57,75,279.4,3,5
57,90,278.4,3,5
57,91,281.6,3,5
57,104,280.4,3,5
57,105,275.9,3,5
57,118,279.4,3,5
57,119,280.1,3,5
57,132,279.6,3,5
57,133,286.7,3,5
57,142,282.4,3,5
57,143,285.1,3,5
57,12,285.7,3,6
57,13,282.5,3,6
57,28,286.6,3,6
57,29,285.3,3,6
57,44,280.5,3,6
57,45,283.7,3,6
57,60,282.4,3,6
57,61,289.3,3,6
57,76,285.8,3,6
57,77,286.0,3,6
57,92,289.0,3,6
57,93,294.3,3,6
57,106,289.4,3,6
57,107,288.8,3,6
57,120,282.3,3,6
57,121,296.5,3,6
57,134,292.7,3,6
57,135,281.0,3,6
57,144,285.0,3,6
57,145,273.7,3,6
57,14,276.2,3,7
57,15,279.8,3,7
57,30,281.7,3,7
57,31,280.2,3,7
57,46,285.9,3,7
57,47,280.2,3,7
57,62,283.8,3,7
57,63,280.7,3,7
57,78,281.3,3,7
57,79,282.5,3,7
57,94,286.7,3,7
57,95,283.8,3,7
57,108,285.2,3,7
57,109,284.8,3,7
57,122,280.0,3,7
57,123,288.6,3,7
57,136,287.5,3,7
57,137,286.2,3,7
57,146,287.4,3,7
57,147,285.6,3,7
72,150,284.4,3,9
72,151,289.0,3,9
72,148,288.3,3,8
72,149,281.4,3,8
72,0,276.7,3,0
72,1,281.3,3,0
72,16,278.4,3,0
72,17,285.1,3,0
72,32,287.3,3,0
72,33,284.5,3,0
72,48,287.5,3,0
72,49,288.4,3,0
72,64,287.0,3,0
72,65,285.2,3,0
72,80,283.5,3,0
72,81,279.0,3,0
72,2,89.6,3,4
72,3,94.9,3,4
72,18,104.2,3,4
72,19,97.9,3,4
72,34,92.9,3,4
72,35,102.3,3,4
72,50,99.0,3,4
72,51,102.7,3,4
72,66,95.8,3,4
72,67,102.8,3,4
72,82,106.3,3,4
72,83,100.2,3,4
72,96,92.6,3,4
72,97,105.5,3,4
72,110,106.0,3,4
72,111,82.6,3,4
72,124,93.5,3,4
72,125,97.4,3,4
72,4,97.2,3,1
72,5,99.2,3,1
72,20,91.3,3,1
72,21,81.7,3,1
72,36,93.9,3,1
72,37,108.2,3,1
72,52,114.6,3,1
72,53,90.8,3,1
72,68,103.1,3,1
72,69,94.8,3,1
72,84,94.6,3,1
72,85,99.7,3,1
72,98,105.3,3,1
72,99,90.8,3,1
72,112,94.8,3,1
72,113,96.9,3,1
72,126,92.6,3,1
72,127,95.5,3,1
72,6,98.4,3,2
72,7,99.2,3,2
72,22,104.4,3,2
72,23,104.7,3,2
72,38,95.5,3,2
72,39,99.0,3,2
72,54,108.2,3,2
72,55,91.3,3,2
72,70,97.2,3,2
72,71,99.4,3,2
72,86,104.5,3,2
72,87,101.2,3,2
72,100,99.2,3,2
72,101,105.5,3,2
72,114,113.0,3,2
72,115,103.9,3,2
72,128,100.4,3,2
72,129,96.5,3,2
72,138,98.4,3,2
72,139,91.4,3,2
72,8,99.0,3,3
72,9,102.8,3,3
72,24,93.2,3,3
72,25,97.0,3,3
72,40,96.0,3,3
72,41,71.9,3,3
72,56,69.1,3,3
72,57,70.8,3,3
72,72,0.0,3,3
72,73,78.3,3,3
72,88,65.8,3,3
72,89,68.0,3,3
72,102,80.7,3,3
72,103,85.6,3,3
72,116,81.7,3,3
72,117,81.4,3,3
72,130,68.1,3,3
72,131,86.9,3,3
72,140,78.4,3,3
72,141,84.2,3,3
72,10,278.3,3,5
72,11,272.0,3,5
72,26,275.1,3,5
72,27,272.8,3,5
72,42,276.9,3,5
72,43,276.8,3,5
72,58,281.1,3,5
72,59,276.2,3,5
72,74,268.4,3,5
72,75,279.2,3,5
72,90,276.1,3,5
72,91,282.1,3,5
72,104,281.1,3,5
72,105,275.0,3,5
72,118,278.2,3,5
72,119,278.1,3,5
72,132,278.5,3,5
72,133,286.4,3,5
72,142,282.5,3,5
72,143,284.1,3,5
72,12,283.9,3,6
72,13,281.6,3,6
72,28,285.4,3,6
72,29,285.5,3,6
72,44,279.4,3,6
72,45,282.4,3,6
72,60,282.4,3,6
72,61,288.8,3,6
72,76,285.4,3,6
72,77,286.8,3,6
72,92,288.3,3,6
72,93,292.9,3,6
72,106,287.9,3,6
72,107,285.9,3,6
72,120,283.7,3,6
72,121,295.7,3,6
72,134,291.7,3,6
72,135,280.9,3,6
72,144,284.8,3,6
72,145,272.9,3,6
72,14,275.6,3,7
72,15,280.4,3,7
72,30,281.4,3,7
72,31,279.4,3,7
72,46,284.9,3,7
72,47,277.0,3,7
72,62,280.0,3,7
72,63,279.2,3,7
72,78,280.9,3,7
72,79,280.6,3,7
72,94,284.7,3,7
72,95,283.3,3,7
72,108,286.2,3,7
72,109,285.2,3,7
72,122,277.8,3,7
72,123,288.7,3,7
72,136,285.2,3,7
72,137,285.5,3,7
72,146,286.8,3,7
72,147,285.5,3,7
73,150,285.4,3,9
73,151,291.2,3,9
73,148,288.4,3,8
73,149,283.5,3,8
73,0,278.7,3,0
73,1,281.1,3,0
73,16,278.3,3,0
73,17,286.0,3,0
73,32,288.3,3,0
73,33,285.7,3,0
73,48,289.8,3,0
73,49,289.9,3,0
73,64,288.8,3,0
73,65,285.6,3,0
73,80,284.4,3,0
73,81,280.4,3,0
73,2,98.5,3,4
73,3,98.9,3,4
73,18,103.6,3,4
73,19,98.7,3,4
73,34,96.4,3,4
73,35,98.4,3,4
73,50,103.3,3,4
73,51,110.3,3,4
73,66,97.2,3,4
73,67,108.9,3,4
73,82,115.0,3,4
73,83,98.9,3,4
73,96,105.1,3,4
73,97,98.6,3,4
73,110,112.0,3,4
73,111,96.2,3,4
73,124,99.3,3,4
73,125,107.2,3,4
73,4,96.6,3,1
73,5,97.7,3,1
73,20,98.9,3,1
73,21,97.0,3,1
73,36,97.8,3,1
73,37,99.6,3,1
73,52,108.0,3,1
73,53,100.2,3,1
73,68,108.9,3,1
73,69,99.8,3,1
73,84,104.9,3,1
73,85,95.5,3,1
73,98,107.8,3,1
73,99,92.2,3,1
73,112,101.3,3,1
73,113,90.8,3,1
73,126,101.6,3,1
73,127,93.7,3,1
73,6,94.9,3,2
73,7,103.8,3,2
73,22,109.9,3,2
73,23,104.2,3,2
73,38,93.8,3,2
73,39,101.8,3,2
73,54,113.9,3,2
73,55,104.6,3,2
73,70,107.8,3,2
73,71,101.1,3,2
73,86,110.2,3,2
73,87,94.3,3,2
73,100,110.3,3,2
73,101,111.3,3,2
73,114,113.8,3,2
73,115,111.1,3,2
73,128,109.6,3,2
73,129,100.0,3,2
73,138,97.7,3,2
73,139,103.2,3,2
73,8,93.1,3,3
73,9,107.1,3,3
73,24,98.7,3,3
73,25,100.6,3,3
73,40,101.4,3,3
73,41,79.0,3,3
73,56,81.4,3,3
73,57,66.0,3,3
73,72,78.3,3,3
73,73,0.0,3,3
73,88,71.6,3,3
73,89,85.6,3,3
73,102,79.7,3,3
73,103,86.9,3,3
73,116,72.8,3,3
73,117,89.1,3,3
73,130,81.5,3,3
73,131,98.4,3,3
73,140,91.1,3,3
73,141,91.3,3,3
73,10,279.5,3,5
73,11,273.9,3,5
73,26,276.7,3,5
73,27,271.7,3,5
73,42,278.4,3,5
73,43,277.3,3,5
73,58,282.1,3,5
73,59,276.6,3,5
73,74,270.8,3,5
73,75,280.5,3,5
73,90,280.2,3,5
73,91,282.9,3,5
73,104,282.7,3,5
73,105,277.0,3,5
73,118,279.7,3,5
73,119,281.5,3,5
73,132,279.6,3,5
73,133,286.6,3,5
73,142,283.8,3,5
73,143,286.9,3,5
73,12,286.5,3,6
73,13,283.0,3,6
73,28,288.5,3,6
73,29,286.3,3,6
73,44,281.0,3,6
73,45,284.1,3,6
73,60,283.4,3,6
73,61,289.7,3,6
73,76,285.9,3,6
73,77,284.8,3,6
73,92,289.5,3,6
73,93,294.1,3,6
73,106,289.4,3,6
73,107,289.5,3,6
73,120,283.3,3,6
73,121,296.5,3,6
73,134,294.0,3,6
73,135,281.5,3,6
73,144,285.1,3,6
73,145,272.6,3,6
73,14,277.9,3,7
73,15,279.5,3,7
73,30,282.8,3,7
73,31,280.9,3,7
73,46,286.4,3,7
73,47,280.6,3,7
73,62,283.9,3,7
73,63,281.4,3,7
73,78,280.4,3,7
73,79,282.6,3,7
73,94,286.2,3,7
73,95,284.4,3,7
73,108,284.4,3,7
73,109,283.1,3,7
73,122,280.1,3,7
73,123,288.7,3,7
73,136,287.2,3,7
73,137,285.9,3,7
73,146,287.6,3,7
73,147,284.1,3,7
88,150,288.3,3,9
88,151,292.6,3,9
88,148,291.4,3,8
88,149,285.8,3,8
88,0,281.4,3,0
88,1,285.0,3,0
88,16,282.5,3,0
88,17,287.7,3,0
88,32,290.3,3,0
88,33,288.1,3,0
88,48,290.5,3,0
88,49,291.3,3,0
88,64,289.4,3,0
88,65,287.7,3,0
88,80,287.2,3,0
88,81,282.0,3,0
88,2,86.3,3,4
88,3,87.9,3,4
88,18,89.1,3,4
88,19,88.7,3,4
88,34,85.9,3,4
88,35,91.9,3,4
88,50,89.6,3,4
88,51,97.8,3,4
88,66,90.3,3,4
88,67,90.2,3,4
88,82,99.1,3,4
88,83,86.7,3,4
88,96,87.1,3,4
88,97,94.6,3,4
88,110,94.1,3,4
88,111,84.4,3,4
88,124,86.9,3,4
88,125,86.5,3,4
88,4,83.1,3,1
88,5,83.6,3,1
88,20,82.4,3,1
88,21,85.2,3,1
88,36,84.1,3,1
88,37,93.8,3,1
88,52,98.5,3,1
88,53,85.6,3,1
88,68,94.0,3,1
88,69,86.3,3,1
88,84,93.7,3,1
88,85,86.5,3,1
88,98,89.9,3,1
88,99,89.2,3,1
88,112,94.3,3,1
88,113,91.0,3,1
88,126,84.6,3,1
88,127,89.1,3,1
88,6,90.8,3,2
88,7,87.1,3,2
88,22,92.9,3,2
88,23,88.4,3,2
88,38,92.3,3,2
88,39,85.6,3,2
88,54,102.7,3,2
88,55,88.1,3,2
88,70,97.2,3,2
88,71,94.8,3,2
88,86,94.4,3,2
88,87,98.0,3,2
88,100,94.6,3,2
88,101,96.7,3,2
88,114,100.9,3,2
88,115,91.9,3,2
88,128,89.8,3,2
88,129,91.2,3,2
88,138,92.6,3,2
88,139,90.4,3,2
88,8,89.1,3,3
88,9,89.3,3,3
88,24,79.3,3,3
88,25,88.8,3,3
88,40,89.2,3,3
88,41,68.5,3,3
88,56,65.6,3,3
88,57,68.8,3,3
88,72,65.8,3,3
88,73,71.6,3,3
88,88,0.0,3,3
88,89,75.7,3,3
88,102,64.0,3,3
88,103,73.9,3,3
88,116,63.0,3,3
88,117,76.0,3,3
88,130,67.3,3,3
88,131,78.7,3,3
88,140,81.1,3,3
88,141,72.3,3,3
88,10,281.0,3,5
88,11,276.3,3,5
88,26,278.3,3,5
88,27,276.6,3,5
88,42,280.5,3,5
88,43,279.9,3,5
88,58,284.2,3,5
88,59,279.0,3,5
88,74,273.8,3,5
88,75,282.4,3,5
88,90,280.7,3,5
88,91,285.0,3,5
88,104,284.1,3,5
88,105,279.5,3,5
88,118,282.3,3,5
88,119,282.7,3,5
88,132,282.6,3,5
88,133,288.3,3,5
88,142,285.5,3,5
88,143,287.0,3,5
88,12,288.1,3,6
88,13,285.3,3,6
88,28,290.0,3,6
88,29,289.0,3,6
88,44,282.6,3,6
88,45,286.4,3,6
88,60,286.4,3,6
88,61,291.5,3,6
88,76,289.1,3,6
88,77,289.3,3,6
88,92,291.6,3,6
88,93,295.3,3,6
88,106,291.3,3,6
88,107,290.5,3,6
88,120,287.1,3,6
88,121,297.4,3,6
88,134,295.1,3,6
88,135,285.4,3,6
88,144,288.8,3,6
88,145,278.8,3,6
88,14,281.0,3,7
88,15,283.5,3,7
88,30,284.9,3,7
88,31,283.2,3,7
88,46,288.8,3,7
88,47,283.5,3,7
88,62,285.7,3,7
88,63,283.3,3,7
88,78,284.5,3,7
88,79,284.7,3,7
88,94,287.7,3,7
88,95,285.9,3,7
88,108,289.5,3,7
88,109,288.4,3,7
88,122,281.8,3,7
88,123,290.9,3,7
88,136,289.0,3,7
88,137,289.0,3,7
88,146,290.6,3,7
88,147,288.9,3,7
89,150,283.4,3,9
89,151,287.3,3,9
89,148,287.5,3,8
89,149,280.8,3,8
89,0,276.4,3,0
89,1,279.9,3,0
89,16,277.3,3,0
89,17,284.6,3,0
89,32,285.8,3,0
89,33,284.2,3,0
89,48,286.9,3,0
89,49,287.0,3,0
89,64,285.9,3,0
89,65,284.4,3,0
89,80,283.6,3,0
89,81,277.3,3,0
89,2,88.5,3,4
89,3,83.4,3,4
89,18,98.3,3,4
89,19,98.0,3,4
89,34,88.5,3,4
89,35,102.7,3,4
89,50,102.1,3,4
89,51,108.2,3,4
89,66,99.5,3,4
89,67,106.5,3,4
89,82,107.3,3,4
89,83,101.2,3,4
89,96,93.4,3,4
89,97,108.3,3,4
89,110,106.1,3,4
89,111,88.1,3,4
89,124,96.2,3,4
89,125,97.8,3,4
89,4,90.9,3,1
89,5,97.1,3,1
89,20,90.9,3,1
89,21,84.9,3,1
89,36,84.2,3,1
89,37,102.9,3,1
89,52,105.1,3,1
89,53,95.3,3,1
89,68,96.9,3,1
89,69,97.2,3,1
89,84,98.4,3,1
89,85,94.0,3,1
89,98,102.3,3,1
89,99,89.4,3,1
89,112,101.7,3,1
89,113,96.6,3,1
89,126,95.2,3,1
89,127,91.5,3,1
89,6,98.5,3,2
89,7,94.2,3,2
89,22,104.0,3,2
89,23,105.1,3,2
89,38,94.9,3,2
89,39,99.2,3,2
89,54,109.4,3,2
89,55,97.2,3,2
89,70,103.0,3,2
89,71,95.7,3,2
89,86,101.5,3,2
89,87,101.6,3,2
89,100,98.1,3,2
89,101,100.3,3,2
89,114,102.9,3,2
89,115,100.5,3,2
89,128,97.4,3,2
89,129,98.4,3,2
89,138,101.0,3,2
89,139,88.5,3,2
89,8,94.2,3,3
89,9,102.1,3,3
89,24,96.1,3,3
89,25,94.5,3,3
89,40,94.4,3,3
89,41,76.0,3,3
89,56,76.2,3,3
89,57,78.4,3,3
89,72,68.0,3,3
89,73,85.6,3,3
89,88,75.7,3,3
89,89,0.0,3,3
89,102,76.7,3,3
89,103,90.7,3,3
89,116,75.6,3,3
89,117,85.0,3,3
89,130,74.0,3,3
89,131,81.8,3,3
89,140,77.7,3,3
89,141,84.6,3,3
89,10,277.9,3,5
89,11,271.5,3,5
89,26,274.7,3,5
89,27,272.8,3,5
89,42,276.4,3,5
89,43,276.8,3,5
89,58,280.8,3,5
89,59,274.9,3,5
89,74,268.5,3,5
89,75,278.9,3,5
89,90,275.1,3,5
89,91,281.7,3,5
89,104,280.4,3,5
89,105,274.5,3,5
89,118,277.7,3,5
89,119,277.8,3,5
89,132,278.4,3,5
89,133,285.8,3,5
89,142,280.9,3,5
89,143,283.3,3,5
89,12,282.8,3,6
89,13,281.0,3,6
89,28,285.4,3,6
89,29,285.3,3,6
89,44,278.6,3,6
89,45,281.7,3,6
89,60,282.1,3,6
89,61,287.0,3,6
89,76,284.3,3,6
89,77,285.6,3,6
89,92,287.4,3,6
89,93,291.7,3,6
89,106,286.2,3,6
89,107,284.1,3,6
89,120,282.6,3,6
89,121,295.3,3,6
89,134,289.9,3,6
89,135,278.3,3,6
89,144,284.4,3,6
89,145,272.4,3,6
89,14,275.1,3,7
89,15,279.8,3,7
89,30,281.5,3,7
89,31,278.9,3,7
89,46,284.2,3,7
89,47,276.0,3,7
89,62,282.0,3,7
89,63,280.0,3,7
89,78,280.9,3,7
89,79,279.4,3,7
89,94,284.6,3,7
89,95,282.3,3,7
89,108,284.7,3,7
89,109,282.6,3,7
89,122,276.9,3,7
89,123,286.1,3,7
89,136,284.8,3,7
89,137,284.2,3,7
89,146,286.6,3,7
89,147,284.1,3,7
102,150,285.1,3,9
102,151,289.7,3,9
102,148,289.0,3,8
102,149,283.0,3,8
102,0,279.5,3,0
102,1,282.2,3,0
102,16,279.0,3,0
102,17,285.6,3,0
102,32,287.3,3,0
102,33,285.6,3,0
102,48,287.9,3,0
102,49,288.7,3,0
102,64,286.7,3,0
102,65,284.4,3,0
102,80,283.0,3,0
102,81,279.1,3,0
102,2,85.8,3,4
102,3,85.8,3,4
102,18,81.6,3,4
102,19,85.2,3,4
102,34,87.0,3,4
102,35,88.2,3,4
102,50,91.0,3,4
102,51,97.2,3,4
102,66,89.6,3,4
102,67,90.2,3,4
102,82,95.4,3,4
102,83,79.9,3,4
102,96,89.0,3,4
102,97,90.6,3,4
102,110,87.8,3,4
102,111,88.9,3,4
102,124,86.9,3,4
102,125,84.8,3,4
102,4,75.6,3,1
102,5,80.4,3,1
102,20,78.0,3,1
102,21,85.8,3,1
102,36,80.1,3,1
102,37,83.1,3,1
102,52,86.6,3,1
102,53,81.4,3,1
102,68,89.4,3,1
102,69,78.0,3,1
102,84,92.2,3,1
102,85,78.7,3,1
102,98,85.2,3,1
102,99,85.5,3,1
102,112,86.7,3,1
102,113,86.6,3,1
102,126,82.2,3,1
102,127,85.9,3,1
102,6,90.4,3,2
102,7,86.6,3,2
102,22,92.1,3,2
102,23,86.7,3,2
102,38,84.2,3,2
102,39,90.3,3,2
102,54,104.3,3,2
102,55,92.7,3,2
102,70,97.5,3,2
102,71,96.5,3,2
102,86,91.6,3,2
102,87,92.8,3,2
102,100,96.8,3,2
102,101,96.3,3,2
102,114,98.0,3,2
102,115,91.5,3,2
102,128,92.5,3,2
102,129,89.6,3,2
102,138,86.7,3,2
102,139,94.4,3,2
102,8,85.6,3,3
102,9,88.6,3,3
102,24,71.1,3,3
102,25,81.2,3,3
102,40,82.1,3,3
102,41,68.0,3,3
102,56,65.7,3,3
102,57,78.3,3,3
102,72,80.7,3,3
102,73,79.7,3,3
102,88,64.0,3,3
102,89,76.7,3,3
102,102,0.0,3,3
102,103,68.3,3,3
102,116,66.8,3,3
102,117,77.3,3,3
102,130,74.0,3,3
102,131,75.6,3,3
102,140,86.6,3,3
102,141,73.0,3,3
102,10,278.0,3,5
102,11,273.5,3,5
102,26,275.5,3,5
102,27,272.2,3,5
102,42,277.8,3,5
102,43,277.0,3,5
102,58,281.7,3,5
102,59,275.7,3,5
102,74,271.3,3,5
102,75,280.2,3,5
102,90,278.5,3,5
102,91,280.7,3,5
102,104,280.4,3,5
102,105,276.7,3,5
102,118,279.5,3,5
102,119,279.8,3,5
102,132,280.0,3,5
102,133,286.3,3,5
102,142,283.3,3,5
102,143,285.2,3,5
102,12,285.0,3,6
102,13,282.5,3,6
102,28,286.7,3,6
102,29,286.0,3,6
102,44,280.8,3,6
102,45,284.8,3,6
102,60,284.1,3,6
102,61,289.3,3,6
102,76,286.3,3,6
102,77,286.3,3,6
102,92,288.9,3,6
102,93,292.5,3,6
102,106,289.7,3,6
102,107,288.4,3,6
102,120,284.3,3,6
102,121,294.5,3,6
102,134,292.5,3,6
102,135,282.7,3,6
102,144,286.3,3,6
102,145,276.7,3,6
102,14,278.6,3,7
102,15,281.4,3,7
102,30,282.9,3,7
102,31,280.4,3,7
102,46,286.7,3,7
102,47,281.8,3,7
102,62,284.4,3,7
102,63,281.2,3,7
102,78,281.9,3,7
102,79,282.4,3,7
102,94,285.4,3,7
102,95,283.0,3,7
102,108,284.6,3,7
102,109,284.6,3,7
102,122,279.5,3,7
102,123,287.9,3,7
102,136,287.2,3,7
102,137,285.9,3,7
102,146,288.1,3,7
102,147,285.7,3,7
103,150,290.1,3,9
103,151,293.9,3,9
103,148,293.3,3,8
103,149,286.5,3,8
103,0,283.8,3,0
103,1,287.1,3,0
103,16,283.6,3,0
103,17,289.2,3,0
103,32,291.8,3,0
103,33,289.3,3,0
103,48,291.8,3,0
103,49,292.5,3,0
103,64,291.4,3,0
103,65,288.8,3,0
103,80,287.8,3,0
103,81,282.8,3,0
103,2,92.4,3,4
103,3,90.6,3,4
103,18,93.6,3,4
103,19,84.0,3,4
103,34,94.9,3,4
103,35,89.2,3,4
103,50,90.8,3,4
103,51,92.5,3,4
103,66,90.0,3,4
103,67,86.1,3,4
103,82,92.3,3,4
103,83,86.6,3,4
103,96,90.7,3,4
103,97,91.0,3,4
103,110,95.0,3,4
103,111,89.5,3,4
103,124,93.7,3,4
103,125,90.7,3,4
103,4,82.8,3,1
103,5,80.3,3,1
103,20,86.8,3,1
103,21,89.4,3,1
103,36,89.3,3,1
103,37,88.3,3,1
103,52,93.6,3,1
103,53,84.1,3,1
103,68,93.6,3,1
103,69,78.3,3,1
103,84,84.2,3,1
103,85,89.8,3,1
103,98,91.4,3,1
103,99,89.4,3,1
103,112,87.6,3,1
103,113,89.9,3,1
103,126,85.1,3,1
103,127,83.8,3,1
103,6,93.4,3,2
103,7,89.5,3,2
103,22,92.6,3,2
103,23,90.8,3,2
103,38,93.6,3,2
103,39,96.7,3,2
103,54,98.2,3,2
103,55,95.8,3,2
103,70,87.1,3,2
103,71,96.4,3,2
103,86,88.1,3,2
103,87,86.6,3,2
103,100,101.9,3,2
103,101,101.1,3,2
103,114,98.8,3,2
103,115,96.2,3,2
103,128,94.6,3,2
103,129,83.8,3,2
103,138,90.6,3,2
103,139,95.2,3,2
103,8,80.9,3,3
103,9,89.5,3,3
103,24,76.0,3,3
103,25,84.9,3,3
103,40,77.0,3,3
103,41,76.7,3,3
103,56,72.4,3,3
103,57,84.0,3,3
103,72,85.6,3,3
103,73,86.9,3,3
103,88,73.9,3,3
103,89,90.7,3,3
103,102,68.3,3,3
103,103,0.0,3,3
103,116,78.0,3,3
103,117,70.9,3,3
103,130,72.7,3,3
103,131,78.7,3,3
103,140,83.0,3,3
103,141,79.0,3,3
103,10,281.5,3,5
103,11,277.9,3,5
103,26,280.7,3,5
103,27,278.3,3,5
103,42,281.5,3,5
103,43,281.6,3,5
103,58,285.7,3,5
103,59,280.4,3,5
103,74,274.5,3,5
103,75,284.7,3,5
103,90,283.1,3,5
103,91,286.3,3,5
103,104,284.7,3,5
103,105,281.1,3,5
103,118,283.5,3,5
103,119,283.6,3,5
103,132,283.8,3,5
103,133,290.2,3,5
103,142,287.3,3,5
103,143,288.5,3,5
103,12,289.6,3,6
103,13,285.8,3,6
103,28,289.6,3,6
103,29,289.9,3,6
103,44,285.1,3,6
103,45,288.3,3,6
103,60,288.1,3,6
103,61,291.5,3,6
103,76,291.0,3,6
103,77,291.8,3,6
103,92,292.5,3,6
103,93,296.7,3,6
103,106,293.9,3,6
103,107,292.9,3,6
103,120,288.6,3,6
103,121,299.8,3,6
103,134,296.7,3,6
103,135,287.3,3,6
103,144,290.7,3,6
103,145,281.0,3,6
103,14,283.7,3,7
103,15,284.9,3,7
103,30,287.3,3,7
103,31,285.2,3,7
103,46,290.3,3,7
103,47,285.1,3,7
103,62,288.0,3,7
103,63,284.3,3,7
103,78,286.0,3,7
103,79,285.8,3,7
103,94,289.1,3,7
103,95,287.6,3,7
103,108,291.7,3,7
103,109,290.6,3,7
103,122,282.2,3,7
103,123,293.0,3,7
103,136,291.6,3,7
103,137,291.8,3,7
103,146,293.3,3,7
103,147,291.2,3,7
116,150,287.2,3,9
116,151,291.5,3,9
116,148,290.6,3,8
116,149,285.1,3,8
116,0,281.5,3,0
116,1,284.3,3,0
116,16,281.4,3,0
116,17,286.4,3,0
116,32,289.5,3,0
116,33,287.5,3,0
116,48,289.8,3,0
116,49,289.7,3,0
116,64,289.1,3,0
116,65,286.9,3,0
116,80,286.4,3,0
116,81,281.5,3,0
116,2,88.3,3,4
116,3,87.1,3,4
116,18,89.6,3,4
116,19,90.1,3,4
116,34,83.7,3,4
116,35,85.6,3,4
116,50,88.6,3,4
116,51,98.7,3,4
116,66,89.6,3,4
116,67,92.4,3,4
116,82,96.0,3,4
116,83,81.6,3,4
116,96,87.6,3,4
116,97,86.6,3,4
116,110,94.5,3,4
116,111,85.5,3,4
116,124,72.6,3,4
116,125,85.2,3,4
116,4,81.0,3,1
116,5,76.9,3,1
116,20,77.1,3,1
116,21,80.9,3,1
116,36,81.9,3,1
116,37,91.6,3,1
116,52,91.4,3,1
116,53,81.2,3,1
116,68,89.8,3,1
116,69,85.2,3,1
116,84,92.4,3,1
116,85,82.1,3,1
116,98,84.7,3,1
116,99,81.3,3,1
116,112,92.6,3,1
116,113,89.9,3,1
116,126,81.6,3,1
116,127,87.6,3,1
116,6,85.1,3,2
116,7,82.3,3,2
116,22,86.2,3,2
116,23,88.4,3,2
116,38,91.1,3,2
116,39,78.9,3,2
116,54,100.1,3,2
116,55,91.0,3,2
116,70,100.2,3,2
116,71,91.9,3,2
116,86,92.7,3,2
116,87,97.3,3,2
116,100,87.6,3,2
116,101,90.5,3,2
116,114,92.2,3,2
116,115,92.7,3,2
116,128,89.2,3,2
116,129,87.9,3,2
116,138,83.9,3,2
116,139,88.4,3,2
116,8,80.6,3,3
116,9,86.0,3,3
116,24,83.3,3,3
116,25,86.0,3,3
116,40,88.0,3,3
116,41,74.4,3,3
116,56,76.2,3,3
116,57,81.9,3,3
116,72,81.7,3,3
116,73,72.8,3,3
116,88,63.0,3,3
116,89,75.6,3,3
116,102,66.8,3,3
116,103,78.0,3,3
116,116,0.0,3,3
116,117,76.2,3,3
116,130,69.3,3,3
116,131,78.5,3,3
116,140,83.7,3,3
116,141,61.1,3,3
116,10,280.9,3,5
116,11,276.3,3,5
116,26,278.8,3,5
116,27,276.7,3,5
116,42,280.4,3,5
116,43,280.2,3,5
116,58,283.8,3,5
116,59,278.7,3,5
116,74,273.4,3,5
116,75,281.6,3,5
116,90,280.6,3,5
116,91,284.7,3,5
116,104,283.7,3,5
116,105,279.0,3,5
116,118,281.6,3,5
116,119,283.0,3,5
116,132,282.3,3,5
116,133,288.8,3,5
116,142,284.6,3,5
116,143,287.1,3,5
116,12,287.2,3,6
116,13,285.1,3,6
116,28,288.9,3,6
116,29,288.8,3,6
116,44,282.7,3,6
116,45,286.3,3,6
116,60,286.4,3,6
116,61,291.6,3,6
116,76,289.0,3,6
116,77,288.7,3,6
116,92,291.1,3,6
116,93,294.5,3,6
116,106,290.3,3,6
116,107,289.4,3,6
116,120,286.1,3,6
116,121,297.1,3,6
116,134,294.4,3,6
116,135,284.8,3,6
116,144,288.4,3,6
116,145,279.3,3,6
116,14,280.9,3,7
116,15,282.6,3,7
116,30,285.7,3,7
116,31,282.7,3,7
116,46,288.2,3,7
116,47,283.0,3,7
116,62,286.6,3,7
116,63,283.6,3,7
116,78,283.5,3,7
116,79,285.0,3,7
116,94,286.9,3,7
116,95,284.4,3,7
116,108,287.2,3,7
116,109,285.8,3,7
116,122,281.5,3,7
116,123,289.8,3,7
116,136,289.0,3,7
116,137,287.2,3,7
116,146,290.1,3,7
116,147,287.5,3,7
117,150,288.4,3,9
117,151,292.9,3,9
117,148,291.9,3,8
117,149,285.5,3,8
117,0,281.9,3,0
117,1,284.0,3,0
117,16,282.9,3,0
117,17,288.2,3,0
117,32,290.9,3,0
117,33,288.7,3,0
117,48,290.3,3,0
117,49,291.6,3,0
117,64,289.4,3,0
117,65,287.4,3,0
117,80,286.6,3,0
117,81,281.3,3,0
117,2,78.3,3,4
117,3,92.3,3,4
117,18,96.0,3,4
117,19,81.5,3,4
117,34,91.6,3,4
117,35,94.1,3,4
117,50,87.4,3,4
117,51,77.9,3,4
117,66,84.5,3,4
117,67,85.9,3,4
117,82,91.6,3,4
117,83,87.0,3,4
117,96,85.8,3,4
117,97,91.8,3,4
117,110,90.4,3,4
117,111,87.1,3,4
117,124,93.3,3,4
117,125,79.0,3,4
117,4,85.2,3,1
117,5,83.5,3,1
117,20,82.9,3,1
117,21,89.2,3,1
117,36,70.4,3,1
117,37,97.4,3,1
117,52,105.5,3,1
117,53,83.1,3,1
117,68,96.7,3,1
117,69,86.7,3,1
117,84,91.4,3,1
117,85,97.9,3,1
117,98,96.4,3,1
117,99,92.5,3,1
117,112,82.7,3,1
117,113,90.6,3,1
117,126,87.3,3,1
117,127,87.1,3,1
117,6,94.0,3,2
117,7,91.2,3,2
117,22,93.7,3,2
117,23,96.0,3,2
117,38,94.4,3,2
117,39,94.9,3,2
117,54,103.0,3,2
117,55,92.3,3,2
117,70,87.0,3,2
117,71,96.3,3,2
117,86,92.5,3,2
117,87,90.1,3,2
117,100,89.8,3,2
117,101,98.4,3,2
117,114,97.5,3,2
117,115,93.1,3,2
117,128,82.8,3,2
117,129,83.6,3,2
117,138,90.3,3,2
117,139,96.9,3,2
117,8,91.8,3,3
117,9,93.6,3,3
117,24,85.9,3,3
117,25,80.6,3,3
117,40,78.8,3,3
117,41,75.3,3,3
117,56,76.0,3,3
117,57,78.0,3,3
117,72,81.4,3,3
117,73,89.1,3,3
117,88,76.0,3,3
117,89,85.0,3,3
117,102,77.3,3,3
117,103,70.9,3,3
117,116,76.2,3,3
117,117,0.0,3,3
117,130,68.8,3,3
117,131,71.6,3,3
117,140,75.8,3,3
117,141,69.8,3,3
117,10,280.5,3,5
117,11,276.2,3,5
117,26,278.7,3,5
117,27,276.2,3,5
117,42,280.3,3,5
117,43,280.1,3,5
117,58,284.5,3,5
117,59,278.5,3,5
117,74,273.1,3,5
117,75,283.1,3,5
117,90,281.6,3,5
117,91,285.8,3,5
117,104,283.6,3,5
117,105,279.4,3,5
117,118,282.9,3,5
117,119,283.1,3,5
117,132,282.7,3,5
117,133,289.5,3,5
117,142,286.0,3,5
117,143,288.0,3,5
117,12,288.5,3,6
117,13,285.0,3,6
117,28,289.9,3,6
117,29,288.4,3,6
117,44,284.3,3,6
117,45,286.6,3,6
117,60,286.5,3,6
117,61,291.1,3,6
117,76,289.2,3,6
117,77,290.0,3,6
117,92,291.3,3,6
117,93,296.0,3,6
117,106,291.9,3,6
117,107,290.9,3,6
117,120,287.3,3,6
117,121,298.8,3,6
117,134,295.0,3,6
117,135,285.4,3,6
117,144,289.5,3,6
117,145,277.7,3,6
117,14,281.2,3,7
117,15,284.2,3,7
117,30,285.3,3,7
117,31,283.9,3,7
117,46,288.9,3,7
117,47,283.8,3,7
117,62,287.1,3,7
117,63,281.5,3,7
117,78,285.2,3,7
117,79,283.4,3,7
117,94,288.2,3,7
117,95,284.9,3,7
117,108,289.9,3,7
117,109,288.8,3,7
117,122,281.8,3,7
117,123,291.4,3,7
117,136,290.1,3,7
117,137,290.2,3,7
117,146,291.6,3,7
117,147,289.1,3,7
130,150,289.6,3,9
130,151,293.5,3,9
130,148,293.2,3,8
130,149,286.1,3,8
130,0,282.8,3,0
130,1,286.6,3,0
130,16,283.6,3,0
130,17,289.5,3,0
130,32,291.9,3,0
130,33,288.9,3,0
130,48,291.9,3,0
130,49,292.7,3,0
130,64,291.5,3,0
130,65,288.9,3,0
130,80,287.6,3,0
130,81,282.5,3,0
130,2,83.9,3,4
130,3,81.2,3,4
130,18,84.5,3,4
130,19,78.7,3,4
130,34,82.7,3,4
130,35,93.0,3,4
130,50,81.0,3,4
130,51,93.4,3,4
130,66,85.6,3,4
130,67,88.7,3,4
130,82,94.1,3,4
130,83,86.9,3,4
130,96,86.1,3,4
130,97,93.4,3,4
130,110,91.5,3,4
130,111,75.9,3,4
130,124,86.9,3,4
130,125,87.3,3,4
130,4,82.8,3,1
130,5,85.3,3,1
130,20,79.6,3,1
130,21,68.6,3,1
130,36,81.6,3,1
130,37,97.0,3,1
130,52,101.7,3,1
130,53,75.1,3,1
130,68,92.7,3,1
130,69,82.2,3,1
130,84,84.7,3,1
130,85,90.3,3,1
130,98,91.2,3,1
130,99,84.7,3,1
130,112,90.8,3,1
130,113,90.2,3,1
130,126,81.0,3,1
130,127,84.1,3,1
130,6,80.8,3,2
130,7,83.1,3,2
130,22,84.6,3,2
130,23,88.9,3,2
130,38,85.6,3,2
130,39,86.8,3,2
130,54,96.6,3,2
130,55,83.9,3,2
130,70,82.1,3,2
130,71,86.3,3,2
130,86,85.7,3,2
130,87,89.3,3,2
130,100,87.1,3,2
130,101,85.4,3,2
130,114,92.5,3,2
130,115,86.6,3,2
130,128,85.0,3,2
130,129,75.4,3,2
130,138,84.6,3,2
130,139,79.6,3,2
130,8,80.5,3,3
130,9,86.9,3,3
130,24,83.3,3,3
130,25,78.6,3,3
130,40,82.7,3,3
130,41,73.5,3,3
130,56,71.1,3,3
130,57,78.1,3,3
130,72,68.1,3,3
130,73,81.5,3,3
130,88,67.3,3,3
130,89,74.0,3,3
130,102,74.0,3,3
130,103,72.7,3,3
130,116,69.3,3,3
130,117,68.8,3,3
130,130,0.0,3,3
130,131,73.3,3,3
130,140,69.0,3,3
130,141,70.4,3,3
130,10,282.4,3,5
130,11,276.8,3,5
130,26,279.7,3,5
130,27,277.7,3,5
130,42,281.8,3,5
130,43,282.6,3,5
130,58,285.9,3,5
130,59,280.9,3,5
130,74,274.3,3,5
130,75,284.9,3,5
130,90,281.8,3,5
130,91,287.5,3,5
130,104,285.2,3,5
130,105,279.5,3,5
130,118,283.5,3,5
130,119,283.9,3,5
130,132,283.6,3,5
130,133,290.8,3,5
130,142,286.8,3,5
130,143,289.1,3,5
130,12,288.8,3,6
130,13,285.9,3,6
130,28,290.4,3,6
130,29,289.9,3,6
130,44,284.5,3,6
130,45,286.1,3,6
130,60,286.8,3,6
130,61,291.0,3,6
130,76,289.8,3,6
130,77,290.8,3,6
130,92,291.9,3,6
130,93,296.2,3,6
130,106,292.0,3,6
130,107,290.2,3,6
130,120,287.8,3,6
130,121,299.4,3,6
130,134,296.1,3,6
130,135,285.9,3,6
130,144,289.9,3,6
130,145,279.0,3,6
130,14,282.4,3,7
130,15,284.6,3,7
130,30,287.1,3,7
130,31,285.2,3,7
130,46,289.4,3,7
130,47,283.3,3,7
130,62,286.7,3,7
130,63,284.2,3,7
130,78,286.3,3,7
130,79,285.8,3,7
130,94,289.6,3,7
130,95,287.4,3,7
130,108,290.7,3,7
130,109,288.7,3,7
130,122,281.8,3,7
130,123,291.9,3,7
130,136,290.2,3,7
130,137,290.6,3,7
130,146,292.4,3,7
130,147,290.3,3,7
131,150,290.9,3,9
131,151,295.6,3,9
131,148,295.1,3,8
131,149,289.0,3,8
131,0,284.5,3,0
131,1,288.3,3,0
131,16,286.0,3,0
131,17,291.9,3,0
131,32,293.5,3,0
131,33,292.6,3,0
131,48,294.8,3,0
131,49,295.0,3,0
131,64,292.8,3,0
131,65,288.9,3,0
131,80,290.0,3,0
131,81,285.0,3,0
131,2,80.5,3,4
131,3,87.1,3,4
131,18,89.0,3,4
131,19,88.8,3,4
131,34,78.9,3,4
131,35,97.5,3,4
131,50,90.3,3,4
131,51,85.2,3,4
131,66,92.1,3,4
131,67,89.6,3,4
131,82,89.2,3,4
131,83,91.1,3,4
131,96,83.6,3,4
131,97,97.3,3,4
131,110,82.3,3,4
131,111,91.0,3,4
131,124,94.6,3,4
131,125,79.2,3,4
131,4,78.3,3,1
131,5,83.3,3,1
131,20,81.4,3,1
131,21,88.5,3,1
131,36,83.5,3,1
131,37,92.4,3,1
131,52,97.9,3,1
131,53,83.4,3,1
131,68,91.4,3,1
131,69,84.0,3,1
131,84,96.2,3,1
131,85,89.2,3,1
131,98,90.5,3,1
131,99,92.6,3,1
131,112,92.6,3,1
131,113,92.7,3,1
131,126,83.3,3,1
131,127,89.5,3,1
131,6,95.3,3,2
131,7,86.7,3,2
131,22,88.5,3,2
131,23,95.1,3,2
131,38,92.8,3,2
131,39,92.8,3,2
131,54,108.0,3,2
131,55,95.6,3,2
131,70,98.7,3,2
131,71,100.4,3,2
131,86,88.6,3,2
131,87,103.5,3,2
131,100,95.2,3,2
131,101,96.9,3,2
131,114,100.8,3,2
131,115,87.7,3,2
131,128,94.0,3,2
131,129,91.4,3,2
131,138,93.6,3,2
131,139,94.7,3,2
131,8,91.7,3,3
131,9,91.7,3,3
131,24,82.4,3,3
131,25,87.3,3,3
131,40,87.0,3,3
131,41,66.4,3,3
131,56,62.4,3,3
131,57,81.6,3,3
131,72,86.9,3,3
131,73,98.4,3,3
131,88,78.7,3,3
131,89,81.8,3,3
131,102,75.6,3,3
131,103,78.7,3,3
131,116,78.5,3,3
131,117,71.6,3,3
131,130,73.3,3,3
131,131,0.0,3,3
131,140,75.9,3,3
131,141,77.6,3,3
131,10,283.6,3,5
131,11,279.5,3,5
131,26,281.6,3,5
131,27,279.5,3,5
131,42,283.1,3,5
131,43,283.5,3,5
131,58,287.3,3,5
131,59,281.2,3,5
131,74,274.8,3,5
131,75,285.1,3,5
131,90,284.1,3,5
131,91,287.5,3,5
131,104,285.4,3,5
131,105,283.0,3,5
131,118,286.7,3,5
131,119,284.8,3,5
131,132,286.8,3,5
131,133,292.6,3,5
131,142,289.2,3,5
131,143,289.7,3,5
131,12,290.6,3,6
131,13,288.6,3,6
131,28,292.3,3,6
131,29,291.7,3,6
131,44,287.0,3,6
131,45,290.3,3,6
131,60,289.8,3,6
131,61,295.0,3,6
131,76,293.4,3,6
131,77,293.0,3,6
131,92,294.1,3,6
131,93,298.4,3,6
131,106,295.4,3,6
131,107,292.7,3,6
131,120,289.9,3,6
131,121,301.2,3,6
131,134,296.6,3,6
131,135,288.0,3,6
131,144,292.3,3,6
131,145,282.7,3,6
131,14,283.9,3,7
131,15,288.3,3,7
131,30,288.3,3,7
131,31,286.1,3,7
131,46,292.9,3,7
131,47,287.2,3,7
131,62,291.3,3,7
131,63,287.1,3,7
131,78,289.3,3,7
131,79,288.0,3,7
131,94,292.3,3,7
131,95,287.9,3,7
131,108,292.3,3,7
131,109,291.5,3,7
131,122,283.5,3,7
131,123,293.9,3,7
131,136,294.0,3,7
131,137,292.5,3,7
131,146,294.3,3,7
131,147,292.8,3,7
140,150,284.6,3,9
140,151,288.9,3,9
140,148,288.9,3,8
140,149,281.3,3,8
140,0,277.5,3,0
140,1,281.7,3,0
140,16,278.3,3,0
140,17,285.1,3,0
140,32,288.2,3,0
140,33,285.4,3,0
140,48,288.0,3,0
140,49,289.3,3,0
140,64,287.4,3,0
140,65,285.1,3,0
140,80,283.8,3,0
140,81,276.9,3,0
140,2,89.7,3,4
140,3,90.6,3,4
140,18,99.0,3,4
140,19,97.6,3,4
140,34,95.8,3,4
140,35,100.8,3,4
140,50,98.7,3,4
140,51,99.0,3,4
140,66,95.9,3,4
140,67,100.6,3,4
140,82,103.9,3,4
140,83,101.1,3,4
140,96,94.7,3,4
140,97,104.2,3,4
140,110,106.2,3,4
140,111,89.4,3,4
140,124,102.7,3,4
140,125,95.3,3,4
140,4,93.7,3,1
140,5,94.0,3,1
140,20,93.8,3,1
140,21,79.7,3,1
140,36,91.0,3,1
140,37,104.2,3,1
140,52,112.6,3,1
140,53,93.4,3,1
140,68,106.8,3,1
140,69,97.7,3,1
140,84,85.4,3,1
140,85,104.9,3,1
140,98,106.6,3,1
140,99,97.1,3,1
140,112,96.4,3,1
140,113,98.6,3,1
140,126,97.4,3,1
140,127,92.4,3,1
140,6,100.7,3,2
140,7,101.8,3,2
140,22,104.4,3,2
140,23,106.1,3,2
140,38,93.2,3,2
140,39,98.5,3,2
140,54,104.1,3,2
140,55,95.6,3,2
140,70,91.8,3,2
140,71,88.7,3,2
140,86,97.0,3,2
140,87,97.1,3,2
140,100,93.4,3,2
140,101,102.9,3,2
140,114,103.7,3,2
140,115,104.0,3,2
140,128,99.1,3,2
140,129,91.6,3,2
140,138,96.8,3,2
140,139,89.3,3,2
140,8,89.4,3,3
140,9,98.3,3,3
140,24,91.9,3,3
140,25,90.9,3,3
140,40,88.8,3,3
140,41,82.1,3,3
140,56,79.3,3,3
140,57,78.2,3,3
140,72,78.4,3,3
140,73,91.1,3,3
140,88,81.1,3,3
140,89,77.7,3,3
140,102,86.6,3,3
140,103,83.0,3,3
140,116,83.7,3,3
140,117,75.8,3,3
140,130,69.0,3,3
140,131,75.9,3,3
140,140,0.0,3,3
140,141,79.0,3,3
140,10,278.1,3,5
140,11,272.7,3,5
140,26,275.2,3,5
140,27,273.2,3,5
140,42,277.0,3,5
140,43,277.7,3,5
140,58,281.8,3,5
140,59,276.3,3,5
140,74,268.2,3,5
140,75,280.3,3,5
140,90,277.9,3,5
140,91,282.9,3,5
140,104,281.4,3,5
140,105,275.9,3,5
140,118,279.5,3,5
140,119,279.3,3,5
140,132,280.3,3,5
140,133,287.5,3,5
140,142,282.8,3,5
140,143,284.6,3,5
140,12,285.1,3,6
140,13,282.4,3,6
140,28,287.0,3,6
140,29,286.6,3,6
140,44,280.8,3,6
140,45,282.3,3,6
140,60,283.1,3,6
140,61,288.9,3,6
140,76,286.6,3,6
140,77,287.9,3,6
140,92,289.0,3,6
140,93,293.4,3,6
140,106,288.8,3,6
140,107,286.7,3,6
140,120,283.9,3,6
140,121,297.1,3,6
140,134,292.7,3,6
140,135,281.9,3,6
140,144,286.8,3,6
140,145,274.8,3,6
140,14,277.4,3,7
140,15,282.6,3,7
140,30,283.4,3,7
140,31,281.1,3,7
140,46,286.6,3,7
140,47,280.1,3,7
140,62,284.5,3,7
140,63,280.7,3,7
140,78,282.7,3,7
140,79,281.5,3,7
140,94,286.6,3,7
140,95,283.7,3,7
140,108,286.7,3,7
140,109,285.1,3,7
140,122,276.6,3,7
140,123,288.5,3,7
140,136,287.1,3,7
140,137,287.4,3,7
140,146,289.0,3,7
140,147,286.2,3,7
141,150,290.2,3,9
141,151,293.7,3,9
141,148,293.5,3,8
141,149,287.1,3,8
141,0,284.5,3,0
141,1,286.7,3,0
141,16,284.7,3,0
141,17,288.8,3,0
141,32,292.1,3,0
141,33,289.8,3,0
141,48,291.9,3,0
141,49,292.3,3,0
141,64,291.0,3,0
141,65,289.4,3,0
141,80,287.9,3,0
141,81,283.0,3,0
141,2,86.0,3,4
141,3,89.9,3,4
141,18,86.6,3,4
141,19,89.3,3,4
141,34,87.8,3,4
141,35,86.2,3,4
141,50,84.1,3,4
141,51,86.6,3,4
141,66,75.1,3,4
141,67,87.8,3,4
141,82,89.1,3,4
141,83,79.4,3,4
141,96,83.7,3,4
141,97,84.5,3,4
141,110,93.8,3,4
141,111,85.9,3,4
141,124,78.6,3,4
141,125,82.3,3,4
141,4,81.2,3,1
141,5,80.2,3,1
141,20,82.6,3,1
141,21,83.9,3,1
141,36,79.5,3,1
141,37,99.2,3,1
141,52,97.9,3,1
141,53,82.0,3,1
141,68,93.8,3,1
141,69,86.6,3,1
141,84,93.9,3,1
141,85,92.0,3,1
141,98,88.4,3,1
141,99,85.6,3,1
141,112,94.1,3,1
141,113,93.1,3,1
141,126,86.4,3,1
141,127,90.7,3,1
141,6,88.9,3,2
141,7,85.7,3,2
141,22,87.9,3,2
141,23,86.6,3,2
141,38,88.4,3,2
141,39,86.0,3,2
141,54,93.8,3,2
141,55,87.2,3,2
141,70,94.3,3,2
141,71,89.8,3,2
141,86,91.2,3,2
141,87,95.1,3,2
141,100,79.2,3,2
141,101,86.9,3,2
141,114,82.9,3,2
141,115,89.4,3,2
141,128,77.2,3,2
141,129,92.8,3,2
141,138,93.8,3,2
141,139,91.3,3,2
141,8,88.9,3,3
141,9,82.5,3,3
141,24,84.4,3,3
141,25,85.6,3,3
141,40,88.1,3,3
141,41,74.7,3,3
141,56,77.8,3,3
141,57,88.7,3,3
141,72,84.2,3,3
141,73,91.3,3,3
141,88,72.3,3,3
141,89,84.6,3,3
141,102,73.0,3,3
141,103,79.0,3,3
141,116,61.1,3,3
141,117,69.8,3,3
141,130,70.4,3,3
141,131,77.6,3,3
141,140,79.0,3,3
141,141,0.0,3,3
141,10,282.4,3,5
141,11,278.9,3,5
141,26,280.7,3,5
141,27,278.2,3,5
141,42,282.2,3,5
141,43,280.8,3,5
141,58,286.2,3,5
141,59,280.7,3,5
141,74,275.9,3,5
141,75,284.7,3,5
141,90,282.7,3,5
141,91,287.5,3,5
141,104,286.1,3,5
141,105,281.7,3,5
141,118,283.8,3,5
141,119,284.1,3,5
141,132,285.1,3,5
141,133,290.3,3,5
141,142,287.4,3,5
141,143,289.1,3,5
141,12,289.7,3,6
141,13,287.1,3,6
141,28,291.0,3,6
141,29,290.9,3,6
141,44,286.0,3,6
141,45,288.3,3,6
141,60,288.5,3,6
141,61,293.3,3,6
141,76,291.1,3,6
141,77,292.5,3,6
141,92,293.2,3,6
141,93,296.6,3,6
141,106,293.0,3,6
141,107,291.8,3,6
141,120,288.7,3,6
141,121,300.2,3,6
141,134,297.1,3,6
141,135,287.6,3,6
141,144,291.3,3,6
141,145,282.4,3,6
141,14,282.8,3,7
141,15,286.2,3,7
141,30,287.4,3,7
141,31,285.7,3,7
141,46,290.9,3,7
141,47,286.2,3,7
141,62,289.5,3,7
141,63,285.3,3,7
141,78,287.6,3,7
141,79,287.3,3,7
141,94,289.8,3,7
141,95,287.4,3,7
141,108,291.4,3,7
141,109,289.9,3,7
141,122,283.5,3,7
141,123,292.6,3,7
141,136,292.1,3,7
141,137,291.5,3,7
141,146,293.4,3,7
141,147,290.2,3,7
10,150,85.0,5,9
10,151,86.4,5,9
10,148,85.6,5,8
10,149,81.5,5,8
10,0,90.2,5,0
10,1,84.2,5,0
10,16,89.9,5,0
10,17,80.2,5,0
10,32,78.6,5,0
10,33,80.2,5,0
10,48,77.7,5,0
10,49,81.9,5,0
10,64,75.4,5,0
10,65,83.0,5,0
10,80,77.9,5,0
10,81,81.1,5,0
10,2,276.0,5,4
10,3,282.7,5,4
10,18,282.8,5,4
10,19,282.9,5,4
10,34,275.8,5,4
10,35,282.8,5,4
10,50,281.4,5,4
10,51,282.6,5,4
10,66,284.9,5,4
10,67,290.9,5,4
10,82,285.0,5,4
10,83,288.4,5,4
10,96,282.0,5,4
10,97,282.8,5,4
10,110,289.3,5,4
10,111,283.8,5,4
10,124,284.3,5,4
10,125,286.8,5,4
10,4,288.7,5,1
10,5,287.2,5,1
10,20,289.8,5,1
10,21,285.0,5,1
10,36,284.9,5,1
10,37,286.5,5,1
10,52,282.9,5,1
10,53,284.7,5,1
10,68,291.0,5,1
10,69,285.4,5,1
10,84,280.0,5,1
10,85,287.0,5,1
10,98,290.1,5,1
10,99,281.6,5,1
10,112,280.5,5,1
10,113,279.7,5,1
10,126,290.3,5,1
10,127,282.0,5,1
10,6,284.5,5,2
10,7,291.1,5,2
10,22,292.9,5,2
10,23,290.8,5,2
10,38,280.4,5,2
10,39,283.8,5,2
10,54,283.6,5,2
10,55,282.8,5,2
10,70,282.4,5,2
10,71,285.0,5,2
10,86,288.7,5,2
10,87,279.9,5,2
10,100,282.6,5,2
10,101,285.0,5,2
10,114,283.8,5,2
10,115,292.1,5,2
10,128,288.9,5,2
10,129,284.7,5,2
10,138,283.7,5,2
10,139,284.0,5,2
10,8,281.6,5,3
10,9,289.9,5,3
10,24,288.4,5,3
10,25,289.5,5,3
10,40,285.2,5,3
10,41,281.5,5,3
10,56,280.7,5,3
10,57,278.5,5,3
10,72,278.3,5,3
10,73,279.5,5,3
10,88,281.0,5,3
10,89,277.9,5,3
10,102,278.0,5,3
10,103,281.5,5,3
10,116,280.9,5,3
10,117,280.5,5,3
10,130,282.4,5,3
10,131,283.6,5,3
10,140,278.1,5,3
10,141,282.4,5,3
10,10,0.0,5,5
10,11,60.0,5,5
10,26,58.8,5,5
10,27,65.5,5,5
10,42,69.3,5,5
10,43,84.1,5,5
10,58,79.5,5,5
10,59,78.1,5,5
10,74,92.7,5,5
10,75,74.1,5,5
10,90,83.8,5,5
10,91,74.8,5,5
10,104,75.0,5,5
10,105,75.1,5,5
10,118,89.8,5,5
10,119,86.0,5,5
10,132,83.3,5,5
10,133,79.6,5,5
10,142,80.7,5,5
10,143,79.2,5,5
10,12,84.0,5,6
10,13,89.0,5,6
10,28,91.5,5,6
10,29,77.8,5,6
10,44,89.1,5,6
10,45,91.0,5,6
10,60,86.9,5,6
10,61,88.3,5,6
10,76,87.3,5,6
10,77,88.4,5,6
10,92,79.0,5,6
10,93,74.8,5,6
10,106,92.1,5,6
10,107,90.3,5,6
10,120,83.0,5,6
10,121,82.7,5,6
10,134,86.5,5,6
10,135,97.7,5,6
10,144,93.5,5,6
10,145,103.4,5,6
10,14,98.8,5,7
10,15,95.6,5,7
10,30,88.7,5,7
10,31,92.3,5,7
10,46,86.9,5,7
10,47,97.7,5,7
10,62,95.2,5,7
10,63,86.6,5,7
10,78,90.7,5,7
10,79,98.1,5,7
10,94,91.1,5,7
10,95,83.1,5,7
10,108,87.0,5,7
10,109,90.0,5,7
10,122,92.3,5,7
10,123,85.4,5,7
10,136,89.8,5,7
10,137,86.3,5,7
10,146,86.8,5,7
10,147,91.3,5,7
11,150,90.3,5,9
11,151,95.8,5,9
11,148,88.1,5,8
11,149,80.7,5,8
11,0,80.1,5,0
11,1,85.7,5,0
11,16,84.5,5,0
11,17,88.7,5,0
11,32,78.8,5,0
11,33,80.0,5,0
11,48,87.6,5,0
11,49,83.5,5,0
11,64,80.9,5,0
11,65,87.5,5,0
11,80,81.7,5,0
11,81,84.4,5,0
11,2,271.6,5,4
11,3,279.1,5,4
11,18,279.7,5,4
11,19,278.8,5,4
11,34,271.9,5,4
11,35,278.3,5,4
11,50,277.6,5,4
11,51,279.1,5,4
11,66,282.1,5,4
11,67,287.9,5,4
11,82,280.5,5,4
11,83,285.7,5,4
11,96,278.9,5,4
11,97,278.5,5,4
11,110,285.9,5,4
11,111,279.4,5,4
11,124,280.6,5,4
11,125,282.6,5,4
11,4,285.8,5,1
11,5,283.6,5,1
11,20,286.5,5,1
11,21,279.5,5,1
11,36,280.1,5,1
11,37,282.0,5,1
11,52,278.8,5,1
11,53,280.6,5,1
11,68,284.7,5,1
11,69,281.1,5,1
11,84,274.4,5,1
11,85,283.1,5,1
11,98,286.2,5,1
11,99,277.7,5,1
11,112,275.6,5,1
11,113,275.0,5,1
11,126,286.9,5,1
11,127,277.1,5,1
11,6,280.7,5,2
11,7,287.3,5,2
11,22,289.4,5,2
11,23,287.5,5,2
11,38,276.1,5,2
11,39,279.7,5,2
11,54,279.1,5,2
11,55,278.4,5,2
11,70,277.7,5,2
11,71,281.2,5,2
11,86,286.1,5,2
11,87,275.5,5,2
11,100,278.8,5,2
11,101,281.8,5,2
11,114,281.2,5,2
11,115,288.6,5,2
11,128,285.8,5,2
11,129,279.1,5,2
11,138,278.9,5,2
11,139,278.8,5,2
11,8,277.5,5,3
11,9,286.5,5,3
11,24,284.9,5,3
11,25,286.4,5,3
11,40,280.8,5,3
11,41,276.9,5,3
11,56,276.8,5,3
11,57,273.5,5,3
11,72,272.0,5,3
11,73,273.9,5,3
11,88,276.3,5,3
11,89,271.5,5,3
11,102,273.5,5,3
11,103,277.9,5,3
11,116,276.3,5,3
11,117,276.2,5,3
11,130,276.8,5,3
11,131,279.5,5,3
11,140,272.7,5,3
11,141,278.9,5,3
11,10,60.0,5,5
11,11,0.0,5,5
11,26,61.5,5,5
11,27,63.7,5,5
11,42,70.2,5,5
11,43,86.0,5,5
11,58,81.1,5,5
11,59,79.8,5,5
11,74,82.1,5,5
11,75,79.2,5,5
11,90,82.6,5,5
11,91,78.6,5,5
11,104,77.0,5,5
11,105,68.6,5,5
11,118,92.9,5,5
11,119,88.2,5,5
11,132,84.7,5,5
11,133,82.6,5,5
11,142,91.0,5,5
11,143,83.8,5,5
11,12,86.8,5,6
11,13,89.4,5,6
11,28,93.4,5,6
11,29,80.6,5,6
11,44,74.3,5,6
11,45,91.6,5,6
11,60,93.0,5,6
11,61,93.1,5,6
11,76,89.5,5,6
11,77,89.8,5,6
11,92,88.2,5,6
11,93,89.7,5,6
11,106,98.4,5,6
11,107,93.6,5,6
11,120,89.1,5,6
11,121,86.9,5,6
11,134,88.5,5,6
11,135,99.9,5,6
11,144,100.4,5,6
11,145,96.0,5,6
11,14,102.5,5,7
11,15,101.0,5,7
11,30,94.8,5,7
11,31,87.3,5,7
11,46,94.5,5,7
11,47,96.1,5,7
11,62,96.3,5,7
11,63,91.8,5,7
11,78,93.5,5,7
11,79,98.9,5,7
11,94,96.9,5,7
11,95,86.5,5,7
11,108,91.0,5,7
11,109,92.5,5,7
11,122,93.3,5,7
11,123,95.9,5,7
11,136,93.2,5,7
11,137,83.6,5,7
11,146,91.1,5,7
11,147,95.2,5,7
26,150,75.9,5,9
26,151,84.4,5,9
26,148,81.1,5,8
26,149,79.5,5,8
26,0,83.2,5,0
26,1,83.8,5,0
26,16,88.3,5,0
26,17,83.4,5,0
26,32,81.1,5,0
26,33,83.6,5,0
26,48,78.2,5,0
26,49,83.5,5,0
26,64,69.6,5,0
26,65,80.0,5,0
26,80,75.6,5,0
26,81,81.1,5,0
26,2,273.4,5,4
26,3,280.4,5,4
26,18,281.2,5,4
26,19,281.0,5,4
26,34,274.6,5,4
26,35,281.0,5,4
26,50,279.0,5,4
26,51,280.9,5,4
26,66,283.7,5,4
26,67,289.6,5,4
26,82,283.5,5,4
26,83,287.1,5,4
26,96,280.7,5,4
26,97,280.9,5,4
26,110,287.4,5,4
26,111,282.0,5,4
26,124,282.4,5,4
26,125,284.7,5,4
26,4,288.0,5,1
26,5,285.5,5,1
26,20,287.7,5,1
26,21,282.9,5,1
26,36,282.7,5,1
26,37,284.1,5,1
26,52,280.5,5,1
26,53,283.2,5,1
26,68,288.2,5,1
26,69,284.0,5,1
26,84,278.2,5,1
26,85,285.1,5,1
26,98,288.0,5,1
26,99,280.1,5,1
26,112,278.4,5,1
26,113,277.9,5,1
26,126,288.8,5,1
26,127,280.4,5,1
26,6,283.2,5,2
26,7,289.6,5,2
26,22,291.7,5,2
26,23,288.6,5,2
26,38,278.6,5,2
26,39,281.7,5,2
26,54,281.3,5,2
26,55,280.2,5,2
26,70,280.2,5,2
26,71,283.0,5,2
26,86,287.6,5,2
26,87,278.0,5,2
26,100,280.4,5,2
26,101,283.5,5,2
26,114,283.3,5,2
26,115,290.6,5,2
26,128,287.3,5,2
26,129,283.5,5,2
26,138,281.9,5,2
26,139,282.6,5,2
26,8,280.5,5,3
26,9,288.2,5,3
26,24,285.9,5,3
26,25,288.2,5,3
26,40,283.6,5,3
26,41,279.2,5,3
26,56,278.9,5,3
26,57,274.9,5,3
26,72,275.1,5,3
26,73,276.7,5,3
26,88,278.3,5,3
26,89,274.7,5,3
26,102,275.5,5,3
26,103,280.7,5,3
26,116,278.8,5,3
26,117,278.7,5,3
26,130,279.7,5,3
26,131,281.6,5,3
26,140,275.2,5,3
26,141,280.7,5,3
26,10,58.8,5,5
26,11,61.5,5,5
26,26,0.0,5,5
26,27,66.8,5,5
26,42,72.7,5,5
26,43,82.0,5,5
26,58,75.5,5,5
26,59,77.6,5,5
26,74,89.7,5,5
26,75,73.7,5,5
26,90,79.4,5,5
26,91,72.4,5,5
26,104,74.0,5,5
26,105,71.8,5,5
26,118,86.8,5,5
26,119,87.8,5,5
26,132,84.9,5,5
26,133,84.9,5,5
26,142,85.6,5,5
26,143,80.9,5,5
26,12,88.9,5,6
26,13,89.6,5,6
26,28,92.8,5,6
26,29,80.0,5,6
26,44,87.4,5,6
26,45,90.6,5,6
26,60,82.0,5,6
26,61,86.8,5,6
26,76,79.2,5,6
26,77,90.0,5,6
26,92,87.7,5,6
26,93,87.2,5,6
26,106,93.3,5,6
26,107,88.3,5,6
26,120,77.2,5,6
26,121,84.7,5,6
26,134,85.8,5,6
26,135,93.3,5,6
26,144,93.2,5,6
26,145,96.6,5,6
26,14,87.7,5,7
26,15,90.1,5,7
26,30,86.5,5,7
26,31,88.1,5,7
26,46,87.4,5,7
26,47,95.9,5,7
26,62,92.6,5,7
26,63,86.9,5,7
26,78,91.2,5,7
26,79,96.1,5,7
26,94,91.3,5,7
26,95,83.3,5,7
26,108,86.8,5,7
26,109,90.5,5,7
26,122,91.6,5,7
26,123,90.2,5,7
26,136,89.7,5,7
26,137,82.8,5,7
26,146,84.2,5,7
26,147,87.5,5,7
27,150,86.4,5,9
27,151,96.0,5,9
27,148,87.3,5,8
27,149,84.1,5,8
27,0,84.5,5,0
27,1,84.9,5,0
27,16,88.9,5,0
27,17,85.0,5,0
27,32,83.0,5,0
27,33,85.2,5,0
27,48,90.2,5,0
27,49,88.3,5,0
27,64,87.3,5,0
27,65,85.6,5,0
27,80,77.3,5,0
27,81,85.1,5,0
27,2,271.5,5,4
27,3,278.7,5,4
27,18,278.5,5,4
27,19,278.6,5,4
27,34,272.0,5,4
27,35,279.1,5,4
27,50,278.2,5,4
27,51,279.4,5,4
27,66,281.5,5,4
27,67,288.4,5,4
27,82,281.8,5,4
27,83,285.9,5,4
27,96,279.3,5,4
27,97,278.7,5,4
27,110,286.2,5,4
27,111,280.6,5,4
27,124,281.4,5,4
27,125,283.5,5,4
27,4,285.9,5,1
27,5,283.9,5,1
27,20,286.6,5,1
27,21,281.2,5,1
27,36,280.9,5,1
27,37,281.8,5,1
27,52,279.4,5,1
27,53,280.8,5,1
27,68,286.3,5,1
27,69,280.4,5,1
27,84,275.9,5,1
27,85,283.3,5,1
27,98,287.1,5,1
27,99,277.1,5,1
27,112,276.8,5,1
27,113,274.1,5,1
27,126,287.1,5,1
27,127,277.0,5,1
27,6,281.3,5,2
27,7,287.8,5,2
27,22,290.3,5,2
27,23,287.8,5,2
27,38,275.3,5,2
27,39,280.6,5,2
27,54,280.4,5,2
27,55,279.2,5,2
27,70,278.7,5,2
27,71,281.4,5,2
27,86,286.0,5,2
27,87,275.1,5,2
27,100,279.5,5,2
27,101,282.1,5,2
27,114,281.7,5,2
27,115,289.4,5,2
27,128,286.3,5,2
27,129,280.7,5,2
27,138,279.7,5,2
27,139,279.9,5,2
27,8,278.2,5,3
27,9,286.3,5,3
27,24,284.5,5,3
27,25,285.5,5,3
27,40,281.1,5,3
27,41,276.2,5,3
27,56,276.1,5,3
27,57,271.9,5,3
27,72,272.8,5,3
27,73,271.7,5,3
27,88,276.6,5,3
27,89,272.8,5,3
27,102,272.2,5,3
27,103,278.3,5,3
27,116,276.7,5,3
27,117,276.2,5,3
27,130,277.7,5,3
27,131,279.5,5,3
27,140,273.2,5,3
27,141,278.2,5,3
27,10,65.5,5,5
27,11,63.7,5,5
27,26,66.8,5,5
27,27,0.0,5,5
27,42,71.0,5,5
27,43,77.2,5,5
27,58,79.5,5,5
27,59,72.9,5,5
27,74,90.2,5,5
27,75,78.3,5,5
27,90,82.3,5,5
27,91,76.7,5,5
27,104,76.4,5,5
27,105,75.2,5,5
27,118,91.7,5,5
27,119,85.2,5,5
27,132,83.7,5,5
27,133,81.7,5,5
27,142,90.5,5,5
27,143,87.0,5,5
27,12,94.0,5,6
27,13,92.1,5,6
27,28,98.2,5,6
27,29,73.9,5,6
27,44,89.0,5,6
27,45,94.3,5,6
27,60,91.8,5,6
27,61,94.5,5,6
27,76,91.4,5,6
27,77,87.6,5,6
27,92,89.1,5,6
27,93,94.6,5,6
27,106,99.6,5,6
27,107,98.0,5,6
27,120,80.7,5,6
27,121,91.1,5,6
27,134,92.9,5,6
27,135,96.0,5,6
27,144,94.5,5,6
27,145,96.4,5,6
27,14,99.1,5,7
27,15,97.6,5,7
27,30,90.4,5,7
27,31,90.7,5,7
27,46,93.0,5,7
27,47,99.0,5,7
27,62,95.5,5,7
27,63,90.5,5,7
27,78,91.0,5,7
27,79,100.2,5,7
27,94,98.7,5,7
27,95,90.2,5,7
27,108,81.2,5,7
27,109,92.1,5,7
27,122,97.9,5,7
27,123,92.2,5,7
27,136,91.4,5,7
27,137,91.8,5,7
27,146,89.6,5,7
27,147,93.0,5,7
42,150,86.4,5,9
42,151,95.3,5,9
42,148,87.1,5,8
42,149,80.2,5,8
42,0,88.5,5,0
42,1,95.5,5,0
42,16,87.1,5,0
42,17,88.1,5,0
42,32,79.5,5,0
42,33,75.2,5,0
42,48,86.5,5,0
42,49,79.3,5,0
42,64,79.1,5,0
42,65,88.5,5,0
42,80,84.5,5,0
42,81,83.7,5,0
42,2,274.2,5,4
42,3,280.9,5,4
42,18,282.6,5,4
42,19,282.3,5,4
42,34,276.1,5,4
42,35,282.9,5,4
42,50,282.3,5,4
42,51,283.6,5,4
42,66,285.6,5,4
42,67,291.1,5,4
42,82,284.9,5,4
42,83,288.7,5,4
42,96,282.8,5,4
42,97,283.4,5,4
42,110,289.4,5,4
42,111,283.5,5,4
42,124,284.7,5,4
42,125,285.5,5,4
42,4,288.9,5,1
42,5,286.4,5,1
42,20,288.3,5,1
42,21,284.3,5,1
42,36,285.1,5,1
42,37,285.0,5,1
42,52,281.2,5,1
42,53,283.6,5,1
42,68,287.6,5,1
42,69,284.5,5,1
42,84,277.5,5,1
42,85,285.7,5,1
42,98,288.5,5,1
42,99,281.4,5,1
42,112,280.3,5,1
42,113,278.6,5,1
42,126,289.4,5,1
42,127,281.8,5,1
42,6,286.2,5,2
42,7,290.4,5,2
42,22,293.2,5,2
42,23,290.6,5,2
42,38,280.2,5,2
42,39,282.5,5,2
42,54,282.3,5,2
42,55,281.7,5,2
42,70,282.4,5,2
42,71,284.4,5,2
42,86,287.2,5,2
42,87,280.4,5,2
42,100,282.0,5,2
42,101,285.0,5,2
42,114,285.0,5,2
42,115,291.7,5,2
42,128,289.1,5,2
42,129,284.4,5,2
42,138,283.5,5,2
42,139,282.2,5,2
42,8,281.3,5,3
42,9,286.6,5,3
42,24,288.1,5,3
42,25,289.3,5,3
42,40,284.6,5,3
42,41,278.7,5,3
42,56,279.8,5,3
42,57,276.8,5,3
42,72,276.9,5,3
42,73,278.4,5,3
42,88,280.5,5,3
42,89,276.4,5,3
42,102,277.8,5,3
42,103,281.5,5,3
42,116,280.4,5,3
42,117,280.3,5,3
42,130,281.8,5,3
42,131,283.1,5,3
42,140,277.0,5,3
42,141,282.2,5,3
42,10,69.3,5,5
42,11,70.2,5,5
42,26,72.7,5,5
42,27,71.0,5,5
42,42,0.0,5,5
42,43,81.9,5,5
42,58,70.0,5,5
42,59,71.1,5,5
42,74,81.2,5,5
42,75,67.6,5,5
42,90,69.3,5,5
42,91,74.5,5,5
42,104,67.0,5,5
42,105,72.7,5,5
42,118,79.7,5,5
42,119,76.4,5,5
42,132,74.5,5,5
42,133,72.6,5,5
42,142,78.1,5,5
42,143,68.3,5,5
42,12,82.9,5,6
42,13,82.5,5,6
42,28,73.8,5,6
42,29,76.2,5,6
42,44,85.1,5,6
42,45,89.3,5,6
42,60,92.9,5,6
42,61,92.8,5,6
42,76,82.4,5,6
42,77,92.6,5,6
42,92,88.9,5,6
42,93,93.2,5,6
42,106,91.8,5,6
42,107,95.0,5,6
42,120,89.5,5,6
42,121,86.4,5,6
42,134,84.9,5,6
42,135,97.2,5,6
42,144,87.8,5,6
42,145,105.7,5,6
42,14,101.9,5,7
42,15,100.1,5,7
42,30,94.4,5,7
42,31,91.4,5,7
42,46,91.8,5,7
42,47,96.3,5,7
42,62,94.1,5,7
42,63,91.1,5,7
42,78,91.7,5,7
42,79,96.8,5,7
42,94,93.5,5,7
42,95,90.3,5,7
42,108,98.2,5,7
42,109,102.7,5,7
42,122,92.3,5,7
42,123,95.5,5,7
42,136,88.2,5,7
42,137,95.8,5,7
42,146,91.2,5,7
42,147,100.2,5,7
43,150,89.4,5,9
43,151,96.2,5,9
43,148,83.2,5,8
43,149,86.2,5,8
43,0,90.9,5,0
43,1,87.4,5,0
43,16,94.7,5,0
43,17,90.5,5,0
43,32,85.5,5,0
43,33,88.8,5,0
43,48,89.4,5,0
43,49,90.7,5,0
43,64,82.1,5,0
43,65,86.1,5,0
43,80,97.6,5,0
43,81,88.3,5,0
43,2,275.2,5,4
43,3,282.7,5,4
43,18,282.7,5,4
43,19,283.9,5,4
43,34,276.7,5,4
43,35,281.0,5,4
43,50,280.5,5,4
43,51,281.6,5,4
43,66,284.1,5,4
43,67,290.7,5,4
43,82,284.1,5,4
43,83,287.3,5,4
43,96,281.4,5,4
43,97,281.1,5,4
43,110,288.9,5,4
43,111,283.1,5,4
43,124,283.3,5,4
43,125,285.5,5,4
43,4,288.9,5,1
43,5,286.2,5,1
43,20,289.8,5,1
43,21,285.0,5,1
43,36,284.4,5,1
43,37,285.4,5,1
43,52,281.8,5,1
43,53,285.0,5,1
43,68,289.5,5,1
43,69,285.9,5,1
43,84,277.8,5,1
43,85,286.4,5,1
43,98,289.7,5,1
43,99,281.4,5,1
43,112,281.0,5,1
43,113,278.2,5,1
43,126,290.7,5,1
43,127,282.1,5,1
43,6,286.6,5,2
43,7,290.8,5,2
43,22,293.7,5,2
43,23,290.5,5,2
43,38,280.3,5,2
43,39,282.6,5,2
43,54,281.9,5,2
43,55,281.7,5,2
43,70,284.1,5,2
43,71,284.5,5,2
43,86,288.4,5,2
43,87,281.1,5,2
43,100,281.5,5,2
43,101,286.2,5,2
43,114,284.8,5,2
43,115,292.7,5,2
43,128,288.8,5,2
43,129,286.5,5,2
43,138,284.9,5,2
43,139,283.8,5,2
43,8,282.0,5,3
43,9,287.5,5,3
43,24,288.1,5,3
43,25,290.1,5,3
43,40,284.9,5,3
43,41,280.2,5,3
43,56,280.0,5,3
43,57,276.8,5,3
43,72,276.8,5,3
43,73,277.3,5,3
43,88,279.9,5,3
43,89,276.8,5,3
43,102,277.0,5,3
43,103,281.6,5,3
43,116,280.2,5,3
43,117,280.1,5,3
43,130,282.6,5,3
43,131,283.5,5,3
43,140,277.7,5,3
43,141,280.8,5,3
43,10,84.1,5,5
43,11,86.0,5,5
43,26,82.0,5,5
43,27,77.2,5,5
43,42,81.9,5,5
43,43,0.0,5,5
43,58,64.6,5,5
43,59,72.2,5,5
43,74,88.8,5,5
43,75,74.8,5,5
43,90,77.4,5,5
43,91,75.0,5,5
43,104,76.2,5,5
43,105,90.3,5,5
43,118,90.1,5,5
43,119,80.4,5,5
43,132,88.9,5,5
43,133,85.6,5,5
43,142,89.9,5,5
43,143,82.3,5,5
43,12,91.9,5,6
43,13,91.2,5,6
43,28,96.6,5,6
43,29,84.8,5,6
43,44,97.1,5,6
43,45,102.5,5,6
43,60,102.9,5,6
43,61,103.9,5,6
43,76,104.5,5,6
43,77,103.2,5,6
43,92,100.2,5,6
43,93,104.8,5,6
43,106,106.1,5,6
43,107,102.7,5,6
43,120,94.1,5,6
43,121,94.9,5,6
43,134,93.5,5,6
43,135,101.0,5,6
43,144,94.0,5,6
43,145,103.7,5,6
43,14,90.4,5,7
43,15,99.4,5,7
43,30,82.9,5,7
43,31,87.3,5,7
43,46,97.0,5,7
43,47,105.4,5,7
43,62,98.4,5,7
43,63,85.7,5,7
43,78,85.2,5,7
43,79,98.3,5,7
43,94,98.3,5,7
43,95,90.1,5,7
43,108,95.0,5,7
43,109,108.2,5,7
43,122,96.0,5,7
43,123,103.5,5,7
43,136,97.6,5,7
43,137,94.1,5,7
43,146,94.0,5,7
43,147,84.5,5,7
58,150,83.5,5,9
58,151,89.8,5,9
58,148,67.9,5,8
58,149,79.5,5,8
58,0,90.3,5,0
58,1,93.8,5,0
58,16,89.7,5,0
58,17,84.3,5,0
58,32,77.6,5,0
58,33,79.1,5,0
58,48,80.0,5,0
58,49,77.3,5,0
58,64,80.5,5,0
58,65,74.1,5,0
58,80,88.0,5,0
58,81,84.6,5,0
58,2,279.4,5,4
58,3,286.1,5,4
58,18,286.6,5,4
58,19,286.9,5,4
58,34,280.3,5,4
58,35,286.4,5,4
58,50,284.7,5,4
58,51,287.1,5,4
58,66,288.9,5,4
58,67,294.0,5,4
58,82,288.4,5,4
58,83,291.8,5,4
58,96,285.7,5,4
58,97,287.0,5,4
58,110,292.8,5,4
58,111,286.8,5,4
58,124,287.5,5,4
58,125,289.4,5,4
58,4,291.9,5,1
58,5,289.7,5,1
58,20,292.1,5,1
58,21,288.1,5,1
58,36,288.4,5,1
58,37,288.7,5,1
58,52,285.4,5,1
58,53,287.1,5,1
58,68,292.7,5,1
58,69,288.3,5,1
58,84,282.9,5,1
58,85,289.0,5,1
58,98,292.1,5,1
58,99,285.0,5,1
58,112,284.3,5,1
58,113,282.6,5,1
58,126,292.1,5,1
58,127,286.1,5,1
58,6,289.2,5,2
58,7,294.0,5,2
58,22,296.0,5,2
58,23,294.1,5,2
58,38,284.4,5,2
58,39,286.2,5,2
58,54,286.4,5,2
58,55,286.3,5,2
58,70,287.3,5,2
58,71,289.2,5,2
58,86,291.1,5,2
58,87,285.2,5,2
58,100,284.3,5,2
58,101,288.5,5,2
58,114,289.2,5,2
58,115,295.2,5,2
58,128,292.8,5,2
58,129,289.5,5,2
58,138,287.6,5,2
58,139,287.3,5,2
58,8,285.9,5,3
58,9,291.2,5,3
58,24,291.1,5,3
58,25,293.3,5,3
58,40,288.7,5,3
58,41,283.8,5,3
58,56,283.6,5,3
58,57,281.3,5,3
58,72,281.1,5,3
58,73,282.1,5,3
58,88,284.2,5,3
58,89,280.8,5,3
58,102,281.7,5,3
58,103,285.7,5,3
58,116,283.8,5,3
58,117,284.5,5,3
58,130,285.9,5,3
58,131,287.3,5,3
58,140,281.8,5,3
58,141,286.2,5,3
58,10,79.5,5,5
58,11,81.1,5,5
58,26,75.5,5,5
58,27,79.5,5,5
58,42,70.0,5,5
58,43,64.6,5,5
58,58,0.0,5,5
58,59,66.9,5,5
58,74,84.5,5,5
58,75,62.5,5,5
58,90,62.3,5,5
58,91,65.1,5,5
58,104,63.9,5,5
58,105,76.4,5,5
58,118,80.4,5,5
58,119,83.4,5,5
58,132,78.7,5,5
58,133,80.1,5,5
58,142,79.7,5,5
58,143,75.0,5,5
58,12,83.2,5,6
58,13,85.4,5,6
58,28,85.4,5,6
58,29,78.6,5,6
58,44,88.0,5,6
58,45,94.3,5,6
58,60,94.4,5,6
58,61,98.6,5,6
58,76,96.2,5,6
58,77,95.6,5,6
58,92,92.9,5,6
58,93,94.9,5,6
58,106,90.1,5,6
58,107,90.3,5,6
58,120,90.2,5,6
58,121,85.2,5,6
58,134,83.6,5,6
58,135,97.3,5,6
58,144,86.2,5,6
58,145,104.4,5,6
58,14,96.9,5,7
58,15,91.3,5,7
58,30,91.7,5,7
58,31,89.0,5,7
58,46,89.5,5,7
58,47,98.6,5,7
58,62,91.5,5,7
58,63,93.3,5,7
58,78,91.6,5,7
58,79,96.8,5,7
58,94,92.3,5,7
58,95,89.0,5,7
58,108,94.6,5,7
58,109,105.7,5,7
58,122,97.1,5,7
58,123,97.9,5,7
58,136,84.7,5,7
58,137,81.2,5,7
58,146,88.9,5,7
58,147,90.9,5,7
59,150,86.0,5,9
59,151,96.6,5,9
59,148,86.7,5,8
59,149,85.3,5,8
59,0,86.0,5,0
59,1,89.8,5,0
59,16,88.2,5,0
59,17,90.8,5,0
59,32,74.9,5,0
59,33,86.3,5,0
59,48,87.9,5,0
59,49,82.3,5,0
59,64,81.2,5,0
59,65,81.0,5,0
59,80,85.2,5,0
59,81,86.2,5,0
59,2,273.0,5,4
59,3,280.3,5,4
59,18,280.2,5,4
59,19,280.9,5,4
59,34,273.6,5,4
59,35,280.4,5,4
59,50,279.7,5,4
59,51,280.9,5,4
59,66,283.7,5,4
59,67,289.4,5,4
59,82,281.3,5,4
59,83,286.3,5,4
59,96,280.2,5,4
59,97,281.3,5,4
59,110,286.5,5,4
59,111,281.9,5,4
59,124,281.8,5,4
59,125,284.3,5,4
59,4,285.6,5,1
59,5,284.5,5,1
59,20,287.2,5,1
59,21,283.1,5,1
59,36,282.4,5,1
59,37,283.0,5,1
59,52,278.6,5,1
59,53,282.5,5,1
59,68,286.8,5,1
59,69,282.6,5,1
59,84,275.8,5,1
59,85,283.3,5,1
59,98,287.0,5,1
59,99,280.2,5,1
59,112,278.2,5,1
59,113,276.1,5,1
59,126,288.0,5,1
59,127,279.6,5,1
59,6,285.2,5,2
59,7,288.6,5,2
59,22,291.5,5,2
59,23,288.6,5,2
59,38,278.8,5,2
59,39,281.1,5,2
59,54,280.7,5,2
59,55,280.7,5,2
59,70,281.6,5,2
59,71,284.0,5,2
59,86,286.4,5,2
59,87,278.6,5,2
59,100,280.1,5,2
59,101,283.2,5,2
59,114,281.7,5,2
59,115,290.1,5,2
59,128,287.4,5,2
59,129,283.0,5,2
59,138,282.2,5,2
59,139,280.7,5,2
59,8,279.9,5,3
59,9,286.2,5,3
59,24,286.3,5,3
59,25,288.2,5,3
59,40,282.3,5,3
59,41,278.5,5,3
59,56,278.5,5,3
59,57,275.5,5,3
59,72,276.2,5,3
59,73,276.6,5,3
59,88,279.0,5,3
59,89,274.9,5,3
59,102,275.7,5,3
59,103,280.4,5,3
59,116,278.7,5,3
59,117,278.5,5,3
59,130,280.9,5,3
59,131,281.2,5,3
59,140,276.3,5,3
59,141,280.7,5,3
59,10,78.1,5,5
59,11,79.8,5,5
59,26,77.6,5,5
59,27,72.9,5,5
59,42,71.1,5,5
59,43,72.2,5,5
59,58,66.9,5,5
59,59,0.0,5,5
59,74,74.6,5,5
59,75,63.8,5,5
59,90,72.5,5,5
59,91,69.4,5,5
59,104,62.6,5,5
59,105,78.2,5,5
59,118,82.2,5,5
59,119,78.4,5,5
59,132,77.5,5,5
59,133,76.6,5,5
59,142,80.6,5,5
59,143,79.9,5,5
59,12,85.3,5,6
59,13,86.0,5,6
59,28,86.0,5,6
59,29,83.5,5,6
59,44,88.2,5,6
59,45,94.7,5,6
59,60,95.4,5,6
59,61,92.4,5,6
59,76,92.7,5,6
59,77,85.4,5,6
59,92,82.6,5,6
59,93,93.0,5,6
59,106,96.0,5,6
59,107,98.5,5,6
59,120,87.5,5,6
59,121,88.1,5,6
59,134,84.9,5,6
59,135,88.0,5,6
59,144,91.9,5,6
59,145,98.8,5,6
59,14,94.9,5,7
59,15,90.1,5,7
59,30,87.7,5,7
59,31,85.5,5,7
59,46,87.9,5,7
59,47,99.7,5,7
59,62,96.7,5,7
59,63,92.8,5,7
59,78,95.9,5,7
59,79,97.0,5,7
59,94,89.5,5,7
59,95,87.1,5,7
59,108,96.5,5,7
59,109,105.3,5,7
59,122,99.2,5,7
59,123,90.7,5,7
59,136,94.0,5,7
59,137,91.7,5,7
59,146,93.3,5,7
59,147,96.8,5,7
74,150,107.7,5,9
74,151,108.5,5,9
74,148,101.3,5,8
74,149,84.6,5,8
74,0,80.6,5,0
74,1,100.9,5,0
74,16,84.4,5,0
74,17,103.2,5,0
74,32,97.4,5,0
74,33,93.4,5,0
74,48,103.3,5,0
74,49,100.2,5,0
74,64,98.5,5,0
74,65,99.7,5,0
74,80,98.1,5,0
74,81,94.9,5,0
74,2,267.3,5,4
74,3,275.5,5,4
74,18,277.0,5,4
74,19,276.3,5,4
74,34,267.4,5,4
74,35,275.1,5,4
74,50,274.9,5,4
74,51,275.7,5,4
74,66,279.2,5,4
74,67,285.0,5,4
74,82,274.7,5,4
74,83,282.6,5,4
74,96,276.0,5,4
74,97,276.6,5,4
74,110,282.4,5,4
74,111,275.8,5,4
74,124,277.2,5,4
74,125,279.6,5,4
74,4,283.1,5,1
74,5,280.1,5,1
74,20,282.9,5,1
74,21,277.3,5,1
74,36,278.5,5,1
74,37,278.2,5,1
74,52,274.2,5,1
74,53,277.9,5,1
74,68,280.1,5,1
74,69,278.2,5,1
74,84,267.5,5,1
74,85,279.9,5,1
74,98,281.6,5,1
74,99,275.3,5,1
74,112,272.7,5,1
74,113,270.4,5,1
74,126,283.8,5,1
74,127,274.4,5,1
74,6,280.3,5,2
74,7,284.6,5,2
74,22,287.6,5,2
74,23,284.9,5,2
74,38,273.0,5,2
74,39,275.9,5,2
74,54,273.3,5,2
74,55,274.9,5,2
74,70,275.5,5,2
74,71,278.1,5,2
74,86,282.1,5,2
74,87,273.0,5,2
74,100,274.9,5,2
74,101,279.1,5,2
74,114,278.0,5,2
74,115,285.3,5,2
74,128,282.9,5,2
74,129,276.5,5,2
74,138,276.5,5,2
74,139,274.1,5,2
74,8,273.6,5,3
74,9,281.4,5,3
74,24,282.8,5,3
74,25,285.0,5,3
74,40,277.4,5,3
74,41,272.5,5,3
74,56,273.5,5,3
74,57,269.2,5,3
74,72,268.4,5,3
74,73,270.8,5,3
74,88,273.8,5,3
74,89,268.5,5,3
74,102,271.3,5,3
74,103,274.5,5,3
74,116,273.4,5,3
74,117,273.1,5,3
74,130,274.3,5,3
74,131,274.8,5,3
74,140,268.2,5,3
74,141,275.9,5,3
74,10,92.7,5,5
74,11,82.1,5,5
74,26,89.7,5,5
74,27,90.2,5,5
74,42,81.2,5,5
74,43,88.8,5,5
74,58,84.5,5,5
74,59,74.6,5,5
74,74,0.0,5,5
74,75,83.0,5,5
74,90,85.4,5,5
74,91,92.6,5,5
74,104,81.1,5,5
74,105,85.8,5,5
74,118,95.5,5,5
74,119,89.6,5,5
74,132,89.2,5,5
74,133,95.2,5,5
74,142,96.6,5,5
74,143,88.7,5,5
74,12,89.8,5,6
74,13,92.0,5,6
74,28,89.2,5,6
74,29,95.6,5,6
74,44,89.6,5,6
74,45,93.4,5,6
74,60,100.3,5,6
74,61,104.3,5,6
74,76,102.4,5,6
74,77,102.3,5,6
74,92,95.8,5,6
74,93,113.4,5,6
74,106,109.0,5,6
74,107,107.1,5,6
74,120,105.7,5,6
74,121,106.8,5,6
74,134,96.0,5,6
74,135,106.6,5,6
74,144,106.1,5,6
74,145,99.4,5,6
74,14,107.8,5,7
74,15,106.1,5,7
74,30,103.6,5,7
74,31,99.2,5,7
74,46,104.7,5,7
74,47,99.1,5,7
74,62,103.2,5,7
74,63,98.4,5,7
74,78,101.7,5,7
74,79,101.6,5,7
74,94,101.3,5,7
74,95,96.7,5,7
74,108,111.2,5,7
74,109,116.4,5,7
74,122,92.2,5,7
74,123,114.3,5,7
74,136,107.0,5,7
74,137,108.1,5,7
74,146,109.7,5,7
74,147,111.3,5,7
75,150,80.5,5,9
75,151,88.7,5,9
75,148,76.4,5,8
75,149,82.9,5,8
75,0,87.8,5,0
75,1,93.3,5,0
75,16,89.6,5,0
75,17,84.6,5,0
75,32,75.5,5,0
75,33,80.0,5,0
75,48,87.3,5,0
75,49,79.1,5,0
75,64,78.3,5,0
75,65,80.4,5,0
75,80,86.7,5,0
75,81,89.1,5,0
75,2,276.7,5,4
75,3,283.6,5,4
75,18,284.9,5,4
75,19,285.5,5,4
75,34,278.0,5,4
75,35,284.3,5,4
75,50,283.8,5,4
75,51,285.1,5,4
75,66,287.6,5,4
75,67,293.3,5,4
75,82,287.2,5,4
75,83,289.8,5,4
75,96,283.9,5,4
75,97,285.6,5,4
75,110,291.3,5,4
75,111,285.2,5,4
75,124,286.2,5,4
75,125,287.5,5,4
75,4,291.1,5,1
75,5,288.4,5,1
75,20,290.8,5,1
75,21,287.1,5,1
75,36,286.9,5,1
75,37,287.3,5,1
75,52,283.9,5,1
75,53,286.4,5,1
75,68,290.5,5,1
75,69,287.4,5,1
75,84,281.1,5,1
75,85,288.1,5,1
75,98,291.2,5,1
75,99,284.2,5,1
75,112,283.2,5,1
75,113,281.8,5,1
75,126,291.9,5,1
75,127,284.9,5,1
75,6,288.9,5,2
75,7,292.7,5,2
75,22,295.0,5,2
75,23,292.7,5,2
75,38,283.4,5,2
75,39,283.7,5,2
75,54,285.0,5,2
75,55,284.3,5,2
75,70,286.7,5,2
75,71,287.7,5,2
75,86,289.8,5,2
75,87,284.0,5,2
75,100,283.2,5,2
75,101,287.5,5,2
75,114,288.0,5,2
75,115,294.2,5,2
75,128,291.4,5,2
75,129,288.2,5,2
75,138,286.1,5,2
75,139,285.2,5,2
75,8,284.6,5,3
75,9,290.2,5,3
75,24,290.2,5,3
75,25,292.2,5,3
75,40,287.6,5,3
75,41,282.2,5,3
75,56,282.4,5,3
75,57,279.4,5,3
75,72,279.2,5,3
75,73,280.5,5,3
75,88,282.4,5,3
75,89,278.9,5,3
75,102,280.2,5,3
75,103,284.7,5,3
75,116,281.6,5,3
75,117,283.1,5,3
75,130,284.9,5,3
75,131,285.1,5,3
75,140,280.3,5,3
75,141,284.7,5,3
75,10,74.1,5,5
75,11,79.2,5,5
75,26,73.7,5,5
75,27,78.3,5,5
75,42,67.6,5,5
75,43,74.8,5,5
75,58,62.5,5,5
75,59,63.8,5,5
75,74,83.0,5,5
75,75,0.0,5,5
75,90,62.9,5,5
75,91,65.0,5,5
75,104,64.1,5,5
75,105,74.0,5,5
75,118,79.6,5,5
75,119,78.3,5,5
75,132,76.5,5,5
75,133,74.5,5,5
75,142,75.4,5,5
75,143,68.8,5,5
75,12,81.3,5,6
75,13,82.8,5,6
75,28,82.2,5,6
75,29,80.8,5,6
75,44,83.2,5,6
75,45,91.5,5,6
75,60,93.6,5,6
75,61,97.3,5,6
75,76,91.2,5,6
75,77,92.1,5,6
75,92,87.2,5,6
75,93,91.2,5,6
75,106,86.0,5,6
75,107,91.2,5,6
75,120,88.8,5,6
75,121,85.4,5,6
75,134,82.0,5,6
75,135,93.1,5,6
75,144,81.9,5,6
75,145,105.0,5,6
75,14,91.1,5,7
75,15,94.2,5,7
75,30,85.5,5,7
75,31,82.1,5,7
75,46,83.4,5,7
75,47,97.6,5,7
75,62,90.4,5,7
75,63,93.0,5,7
75,78,85.6,5,7
75,79,97.5,5,7
75,94,90.4,5,7
75,95,85.7,5,7
75,108,95.4,5,7
75,109,101.4,5,7
75,122,96.6,5,7
75,123,94.8,5,7
75,136,86.6,5,7
75,137,84.8,5,7
75,146,77.7,5,7
75,147,91.5,5,7
90,150,80.0,5,9
90,151,84.5,5,9
90,148,83.1,5,8
90,149,79.0,5,8
90,0,88.0,5,0
90,1,96.6,5,0
90,16,87.1,5,0
90,17,87.6,5,0
90,32,78.2,5,0
90,33,79.3,5,0
90,48,84.4,5,0
90,49,77.3,5,0
90,64,81.7,5,0
90,65,81.3,5,0
90,80,88.8,5,0
90,81,79.3,5,0
90,2,275.2,5,4
90,3,281.1,5,4
90,18,281.9,5,4
90,19,283.4,5,4
90,34,276.4,5,4
90,35,283.1,5,4
90,50,282.9,5,4
90,51,285.0,5,4
90,66,286.8,5,4
90,67,291.7,5,4
90,82,285.3,5,4
90,83,289.1,5,4
90,96,282.0,5,4
90,97,284.6,5,4
90,110,290.2,5,4
90,111,282.6,5,4
90,124,283.3,5,4
90,125,285.8,5,4
90,4,289.0,5,1
90,5,286.6,5,1
90,20,288.7,5,1
90,21,283.7,5,1
90,36,285.9,5,1
90,37,285.5,5,1
90,52,281.5,5,1
90,53,284.5,5,1
90,68,288.5,5,1
90,69,285.3,5,1
90,84,278.2,5,1
90,85,285.8,5,1
90,98,288.8,5,1
90,99,281.2,5,1
90,112,281.7,5,1
90,113,279.3,5,1
90,126,289.8,5,1
90,127,282.6,5,1
90,6,287.2,5,2
90,7,290.5,5,2
90,22,293.0,5,2
90,23,290.4,5,2
90,38,280.7,5,2
90,39,282.3,5,2
90,54,281.3,5,2
90,55,281.7,5,2
90,70,284.0,5,2
90,71,284.3,5,2
90,86,287.0,5,2
90,87,281.8,5,2
90,100,280.5,5,2
90,101,284.3,5,2
90,114,285.2,5,2
90,115,291.6,5,2
90,128,288.2,5,2
90,129,285.9,5,2
90,138,284.7,5,2
90,139,282.2,5,2
90,8,281.6,5,3
90,9,287.4,5,3
90,24,288.3,5,3
90,25,289.8,5,3
90,40,284.7,5,3
90,41,280.5,5,3
90,56,280.4,5,3
90,57,278.4,5,3
90,72,276.1,5,3
90,73,280.2,5,3
90,88,280.7,5,3
90,89,275.1,5,3
90,102,278.5,5,3
90,103,283.1,5,3
90,116,280.6,5,3
90,117,281.6,5,3
90,130,281.8,5,3
90,131,284.1,5,3
90,140,277.9,5,3
90,141,282.7,5,3
90,10,83.8,5,5
90,11,82.6,5,5
90,26,79.4,5,5
90,27,82.3,5,5
90,42,69.3,5,5
90,43,77.4,5,5
90,58,62.3,5,5
90,59,72.5,5,5
90,74,85.4,5,5
90,75,62.9,5,5
90,90,0.0,5,5
90,91,69.6,5,5
90,104,68.7,5,5
90,105,64.9,5,5
90,118,75.5,5,5
90,119,65.8,5,5
90,132,78.2,5,5
90,133,79.2,5,5
90,142,73.7,5,5
90,143,63.6,5,5
90,12,80.8,5,6
90,13,84.2,5,6
90,28,86.1,5,6
90,29,84.4,5,6
90,44,86.2,5,6
90,45,84.9,5,6
90,60,95.2,5,6
90,61,95.3,5,6
90,76,94.2,5,6
90,77,95.1,5,6
90,92,88.7,5,6
90,93,92.7,5,6
90,106,83.0,5,6
90,107,84.2,5,6
90,120,91.6,5,6
90,121,89.4,5,6
90,134,85.1,5,6
90,135,92.7,5,6
90,144,84.4,5,6
90,145,107.4,5,6
90,14,90.8,5,7
90,15,98.0,5,7
90,30,88.0,5,7
90,31,89.1,5,7
90,46,89.5,5,7
90,47,89.5,5,7
90,62,82.2,5,7
90,63,97.3,5,7
90,78,93.3,5,7
90,79,96.8,5,7
90,94,90.0,5,7
90,95,93.4,5,7
90,108,99.2,5,7
90,109,104.3,5,7
90,122,93.4,5,7
90,123,94.3,5,7
90,136,83.8,5,7
90,137,89.2,5,7
90,146,92.6,5,7
90,147,98.5,5,7
91,150,77.2,5,9
91,151,82.5,5,9
91,148,73.5,5,8
91,149,83.5,5,8
91,0,92.3,5,0
91,1,89.6,5,0
91,16,83.0,5,0
91,17,87.0,5,0
91,32,75.8,5,0
91,33,85.9,5,0
91,48,84.1,5,0
91,49,81.7,5,0
91,64,76.7,5,0
91,65,77.2,5,0
91,80,82.4,5,0
91,81,87.0,5,0
91,2,280.0,5,4
91,3,286.3,5,4
91,18,285.4,5,4
91,19,286.8,5,4
91,34,280.9,5,4
91,35,285.9,5,4
91,50,286.1,5,4
91,51,287.7,5,4
91,66,289.6,5,4
91,67,294.9,5,4
91,82,289.0,5,4
91,83,291.5,5,4
91,96,286.0,5,4
91,97,286.6,5,4
91,110,292.4,5,4
91,111,288.2,5,4
91,124,287.2,5,4
91,125,289.8,5,4
91,4,292.1,5,1
91,5,289.9,5,1
91,20,292.3,5,1
91,21,289.2,5,1
91,36,288.5,5,1
91,37,287.9,5,1
91,52,284.5,5,1
91,53,288.2,5,1
91,68,292.7,5,1
91,69,288.8,5,1
91,84,283.5,5,1
91,85,287.7,5,1
91,98,292.3,5,1
91,99,284.9,5,1
91,112,284.2,5,1
91,113,282.8,5,1
91,126,293.0,5,1
91,127,286.3,5,1
91,6,290.4,5,2
91,7,294.1,5,2
91,22,296.3,5,2
91,23,293.7,5,2
91,38,284.3,5,2
91,39,286.8,5,2
91,54,287.3,5,2
91,55,286.4,5,2
91,70,288.4,5,2
91,71,289.6,5,2
91,86,290.8,5,2
91,87,285.2,5,2
91,100,286.4,5,2
91,101,288.4,5,2
91,114,289.5,5,2
91,115,295.4,5,2
91,128,293.3,5,2
91,129,290.2,5,2
91,138,288.0,5,2
91,139,288.3,5,2
91,8,285.8,5,3
91,9,292.6,5,3
91,24,290.9,5,3
91,25,292.6,5,3
91,40,289.3,5,3
91,41,284.7,5,3
91,56,283.8,5,3
91,57,281.6,5,3
91,72,282.1,5,3
91,73,282.9,5,3
91,88,285.0,5,3
91,89,281.7,5,3
91,102,280.7,5,3
91,103,286.3,5,3
91,116,284.7,5,3
91,117,285.8,5,3
91,130,287.5,5,3
91,131,287.5,5,3
91,140,282.9,5,3
91,141,287.5,5,3
91,10,74.8,5,5
91,11,78.6,5,5
91,26,72.4,5,5
91,27,76.7,5,5
91,42,74.5,5,5
91,43,75.0,5,5
91,58,65.1,5,5
91,59,69.4,5,5
91,74,92.6,5,5
91,75,65.0,5,5
91,90,69.6,5,5
91,91,0.0,5,5
91,104,62.9,5,5
91,105,72.6,5,5
91,118,84.3,5,5
91,119,81.1,5,5
91,132,72.4,5,5
91,133,77.5,5,5
91,142,78.5,5,5
91,143,72.4,5,5
91,12,86.6,5,6
91,13,86.5,5,6
91,28,88.3,5,6
91,29,77.3,5,6
91,44,88.8,5,6
91,45,96.1,5,6
91,60,88.7,5,6
91,61,94.5,5,6
91,76,93.4,5,6
91,77,85.9,5,6
91,92,89.6,5,6
91,93,86.1,5,6
91,106,94.5,5,6
91,107,94.1,5,6
91,120,88.4,5,6
91,121,81.4,5,6
91,134,83.2,5,6
91,135,96.4,5,6
91,144,89.9,5,6
91,145,110.1,5,6
91,14,93.2,5,7
91,15,92.8,5,7
91,30,88.5,5,7
91,31,79.2,5,7
91,46,89.6,5,7
91,47,100.9,5,7
91,62,93.7,5,7
91,63,95.6,5,7
91,78,84.7,5,7
91,79,97.9,5,7
91,94,89.2,5,7
91,95,86.0,5,7
91,108,87.0,5,7
91,109,96.0,5,7
91,122,97.3,5,7
91,123,88.4,5,7
91,136,89.0,5,7
91,137,83.3,5,7
91,146,83.9,5,7
91,147,88.2,5,7
104,150,85.0,5,9
104,151,90.0,5,9
104,148,81.0,5,8
104,149,82.6,5,8
104,0,89.9,5,0
104,1,92.2,5,0
104,16,89.3,5,0
104,17,87.2,5,0
104,32,71.6,5,0
104,33,84.7,5,0
104,48,75.4,5,0
104,49,78.4,5,0
104,64,78.3,5,0
104,65,72.4,5,0
104,80,83.7,5,0
104,81,82.7,5,0
104,2,277.8,5,4
104,3,285.0,5,4
104,18,284.9,5,4
104,19,285.8,5,4
104,34,279.1,5,4
104,35,285.7,5,4
104,50,284.8,5,4
104,51,286.1,5,4
104,66,288.5,5,4
104,67,293.6,5,4
104,82,287.1,5,4
104,83,291.3,5,4
104,96,285.1,5,4
104,97,286.3,5,4
104,110,291.4,5,4
104,111,287.0,5,4
104,124,286.8,5,4
104,125,288.3,5,4
104,4,291.0,5,1
104,5,289.2,5,1
104,20,290.8,5,1
104,21,287.9,5,1
104,36,286.9,5,1
104,37,286.9,5,1
104,52,282.7,5,1
104,53,286.1,5,1
104,68,289.6,5,1
104,69,286.7,5,1
104,84,281.5,5,1
104,85,287.7,5,1
104,98,290.4,5,1
104,99,283.9,5,1
104,112,282.3,5,1
104,113,280.7,5,1
104,126,291.7,5,1
104,127,284.9,5,1
104,6,289.2,5,2
104,7,293.1,5,2
104,22,294.9,5,2
104,23,293.1,5,2
104,38,283.7,5,2
104,39,285.8,5,2
104,54,286.2,5,2
104,55,285.4,5,2
104,70,285.7,5,2
104,71,288.8,5,2
104,86,290.5,5,2
104,87,283.6,5,2
104,100,285.1,5,2
104,101,287.1,5,2
104,114,288.2,5,2
104,115,294.4,5,2
104,128,292.1,5,2
104,129,287.6,5,2
104,138,286.2,5,2
104,139,286.9,5,2
104,8,284.4,5,3
104,9,290.9,5,3
104,24,290.3,5,3
104,25,292.5,5,3
104,40,287.7,5,3
104,41,283.1,5,3
104,56,282.6,5,3
104,57,280.4,5,3
104,72,281.1,5,3
104,73,282.7,5,3
104,88,284.1,5,3
104,89,280.4,5,3
104,102,280.4,5,3
104,103,284.7,5,3
104,116,283.7,5,3
104,117,283.6,5,3
104,130,285.2,5,3
104,131,285.4,5,3
104,140,281.4,5,3
104,141,286.1,5,3
104,10,75.0,5,5
104,11,77.0,5,5
104,26,74.0,5,5
104,27,76.4,5,5
104,42,67.0,5,5
104,43,76.2,5,5
104,58,63.9,5,5
104,59,62.6,5,5
104,74,81.1,5,5
104,75,64.1,5,5
104,90,68.7,5,5
104,91,62.9,5,5
104,104,0.0,5,5
104,105,72.7,5,5
104,118,82.9,5,5
104,119,80.2,5,5
104,132,75.5,5,5
104,133,75.0,5,5
104,142,77.0,5,5
104,143,72.6,5,5
104,12,75.9,5,6
104,13,79.9,5,6
104,28,73.2,5,6
104,29,74.9,5,6
104,44,83.2,5,6
104,45,95.8,5,6
104,60,96.3,5,6
104,61,90.0,5,6
104,76,90.1,5,6
104,77,90.7,5,6
104,92,90.3,5,6
104,93,91.1,5,6
104,106,95.9,5,6
104,107,93.7,5,6
104,120,91.9,5,6
104,121,82.3,5,6
104,134,74.4,5,6
104,135,97.2,5,6
104,144,91.7,5,6
104,145,108.4,5,6
104,14,99.7,5,7
104,15,98.7,5,7
104,30,90.0,5,7
104,31,89.9,5,7
104,46,88.6,5,7
104,47,91.6,5,7
104,62,95.5,5,7
104,63,92.6,5,7
104,78,94.6,5,7
104,79,94.6,5,7
104,94,91.0,5,7
104,95,79.8,5,7
104,108,92.1,5,7
104,109,102.6,5,7
104,122,90.8,5,7
104,123,96.6,5,7
104,136,88.3,5,7
104,137,88.4,5,7
104,146,92.8,5,7
104,147,92.4,5,7
105,150,76.8,5,9
105,151,82.2,5,9
105,148,81.3,5,8
105,149,70.9,5,8
105,0,81.2,5,0
105,1,89.7,5,0
105,16,78.2,5,0
105,17,85.7,5,0
105,32,77.1,5,0
105,33,68.5,5,0
105,48,82.2,5,0
105,49,80.2,5,0
105,64,84.2,5,0
105,65,87.5,5,0
105,80,68.6,5,0
105,81,80.3,5,0
105,2,274.0,5,4
105,3,279.9,5,4
105,18,280.8,5,4
105,19,280.5,5,4
105,34,274.5,5,4
105,35,281.1,5,4
105,50,280.9,5,4
105,51,283.2,5,4
105,66,285.0,5,4
105,67,290.5,5,4
105,82,283.9,5,4
105,83,288.0,5,4
105,96,281.8,5,4
105,97,282.4,5,4
105,110,288.8,5,4
105,111,281.6,5,4
105,124,282.6,5,4
105,125,285.5,5,4
105,4,288.2,5,1
105,5,285.6,5,1
105,20,287.7,5,1
105,21,282.1,5,1
105,36,283.6,5,1
105,37,283.9,5,1
105,52,279.8,5,1
105,53,282.5,5,1
105,68,287.1,5,1
105,69,283.2,5,1
105,84,276.7,5,1
105,85,284.4,5,1
105,98,287.1,5,1
105,99,279.2,5,1
105,112,278.7,5,1
105,113,277.6,5,1
105,126,288.5,5,1
105,127,280.2,5,1
105,6,284.1,5,2
105,7,289.1,5,2
105,22,291.5,5,2
105,23,288.6,5,2
105,38,279.3,5,2
105,39,281.7,5,2
105,54,281.1,5,2
105,55,280.7,5,2
105,70,280.7,5,2
105,71,281.6,5,2
105,86,286.9,5,2
105,87,278.5,5,2
105,100,280.6,5,2
105,101,282.9,5,2
105,114,283.8,5,2
105,115,290.7,5,2
105,128,287.7,5,2
105,129,282.0,5,2
105,138,281.9,5,2
105,139,280.9,5,2
105,8,279.7,5,3
105,9,287.6,5,3
105,24,286.9,5,3
105,25,287.6,5,3
105,40,283.1,5,3
105,41,279.7,5,3
105,56,279.4,5,3
105,57,275.9,5,3
105,72,275.0,5,3
105,73,277.0,5,3
105,88,279.5,5,3
105,89,274.5,5,3
105,102,276.7,5,3
105,103,281.1,5,3
105,116,279.0,5,3
105,117,279.4,5,3
105,130,279.5,5,3
105,131,283.0,5,3
105,140,275.9,5,3
105,141,281.7,5,3
105,10,75.1,5,5
105,11,68.6,5,5
105,26,71.8,5,5
105,27,75.2,5,5
105,42,72.7,5,5
105,43,90.3,5,5
105,58,76.4,5,5
105,59,78.2,5,5
105,74,85.8,5,5
105,75,74.0,5,5
105,90,64.9,5,5
105,91,72.6,5,5
105,104,72.7,5,5
105,105,0.0,5,5
105,118,79.9,5,5
105,119,80.6,5,5
105,132,72.1,5,5
105,133,86.0,5,5
105,142,81.2,5,5
105,143,73.7,5,5
105,12,86.7,5,6
105,13,77.2,5,6
105,28,89.0,5,6
105,29,75.8,5,6
105,44,78.3,5,6
105,45,80.2,5,6
105,60,87.9,5,6
105,61,92.3,5,6
105,76,76.3,5,6
105,77,85.9,5,6
105,92,87.4,5,6
105,93,88.5,5,6
105,106,86.6,5,6
105,107,92.8,5,6
105,120,87.9,5,6
105,121,90.2,5,6
105,134,88.4,5,6
105,135,96.2,5,6
105,144,91.9,5,6
105,145,97.9,5,6
105,14,98.2,5,7
105,15,97.5,5,7
105,30,94.9,5,7
105,31,92.4,5,7
105,46,91.4,5,7
105,47,90.8,5,7
105,62,88.7,5,7
105,63,95.1,5,7
105,78,88.0,5,7
105,79,99.4,5,7
105,94,94.0,5,7
105,95,89.5,5,7
105,108,90.8,5,7
105,109,95.5,5,7
105,122,93.5,5,7
105,123,89.5,5,7
105,136,76.5,5,7
105,137,90.9,5,7
105,146,88.4,5,7
105,147,94.2,5,7
118,150,91.5,5,9
118,151,91.1,5,9
118,148,90.3,5,8
118,149,83.3,5,8
118,0,94.6,5,0
118,1,94.0,5,0
118,16,88.8,5,0
118,17,83.0,5,0
118,32,80.5,5,0
118,33,72.3,5,0
118,48,80.2,5,0
118,49,82.1,5,0
118,64,87.1,5,0
118,65,86.7,5,0
118,80,86.6,5,0
118,81,85.7,5,0
118,2,276.8,5,4
118,3,282.3,5,4
118,18,282.6,5,4
118,19,283.3,5,4
118,34,276.5,5,4
118,35,282.5,5,4
118,50,283.5,5,4
118,51,286.1,5,4
118,66,287.1,5,4
118,67,292.4,5,4
118,82,285.4,5,4
118,83,290.1,5,4
118,96,284.3,5,4
118,97,284.7,5,4
118,110,290.6,5,4
118,111,284.0,5,4
118,124,283.9,5,4
118,125,288.7,5,4
118,4,289.2,5,1
118,5,287.5,5,1
118,20,290.0,5,1
118,21,285.2,5,1
118,36,286.7,5,1
118,37,285.3,5,1
118,52,280.6,5,1
118,53,285.3,5,1
118,68,288.6,5,1
118,69,285.6,5,1
118,84,278.2,5,1
118,85,285.9,5,1
118,98,288.7,5,1
118,99,282.3,5,1
118,112,281.7,5,1
118,113,279.2,5,1
118,126,290.3,5,1
118,127,283.1,5,1
118,6,287.6,5,2
118,7,291.0,5,2
118,22,293.7,5,2
118,23,289.0,5,2
118,38,280.9,5,2
118,39,283.3,5,2
118,54,279.7,5,2
118,55,282.2,5,2
118,70,284.4,5,2
118,71,284.1,5,2
118,86,288.4,5,2
118,87,281.9,5,2
118,100,281.7,5,2
118,101,285.4,5,2
118,114,285.7,5,2
118,115,292.7,5,2
118,128,289.5,5,2
118,129,287.1,5,2
118,138,285.8,5,2
118,139,283.1,5,2
118,8,282.1,5,3
118,9,287.9,5,3
118,24,289.4,5,3
118,25,290.7,5,3
118,40,286.3,5,3
118,41,282.2,5,3
118,56,282.1,5,3
118,57,279.4,5,3
118,72,278.2,5,3
118,73,279.7,5,3
118,88,282.3,5,3
118,89,277.7,5,3
118,102,279.5,5,3
118,103,283.5,5,3
118,116,281.6,5,3
118,117,282.9,5,3
118,130,283.5,5,3
118,131,286.7,5,3
118,140,279.5,5,3
118,141,283.8,5,3
118,10,89.8,5,5
118,11,92.9,5,5
118,26,86.8,5,5
118,27,91.7,5,5
118,42,79.7,5,5
118,43,90.1,5,5
118,58,80.4,5,5
118,59,82.2,5,5
118,74,95.5,5,5
118,75,79.6,5,5
118,90,75.5,5,5
118,91,84.3,5,5
118,104,82.9,5,5
118,105,79.9,5,5
118,118,0.0,5,5
118,119,67.2,5,5
118,132,67.9,5,5
118,133,69.1,5,5
118,142,67.9,5,5
118,143,74.1,5,5
118,12,76.3,5,6
118,13,75.1,5,6
118,28,81.0,5,6
118,29,84.8,5,6
118,44,86.7,5,6
118,45,90.8,5,6
118,60,92.8,5,6
118,61,94.3,5,6
118,76,86.0,5,6
118,77,92.3,5,6
118,92,88.8,5,6
118,93,89.9,5,6
118,106,91.1,5,6
118,107,93.8,5,6
118,120,93.9,5,6
118,121,90.3,5,6
118,134,90.4,5,6
118,135,95.5,5,6
118,144,91.0,5,6
118,145,110.2,5,6
118,14,95.2,5,7
118,15,96.7,5,7
118,30,92.3,5,7
118,31,90.5,5,7
118,46,94.6,5,7
118,47,100.9,5,7
118,62,91.0,5,7
118,63,100.0,5,7
118,78,94.6,5,7
118,79,99.3,5,7
118,94,91.0,5,7
118,95,97.7,5,7
118,108,102.1,5,7
118,109,104.1,5,7
118,122,100.0,5,7
118,123,95.6,5,7
118,136,89.7,5,7
118,137,96.1,5,7
118,146,96.1,5,7
118,147,94.4,5,7
119,150,89.8,5,9
119,151,93.7,5,9
119,148,88.7,5,8
119,149,84.4,5,8
119,0,89.4,5,0
119,1,93.6,5,0
119,16,89.3,5,0
119,17,84.5,5,0
119,32,82.3,5,0
119,33,82.4,5,0
119,48,91.1,5,0
119,49,88.1,5,0
119,64,84.3,5,0
119,65,87.1,5,0
119,80,92.4,5,0
119,81,87.2,5,0
119,2,276.7,5,4
119,3,282.7,5,4
119,18,282.1,5,4
119,19,284.4,5,4
119,34,277.3,5,4
119,35,283.2,5,4
119,50,283.8,5,4
119,51,284.8,5,4
119,66,287.6,5,4
119,67,293.2,5,4
119,82,285.9,5,4
119,83,290.6,5,4
119,96,283.4,5,4
119,97,285.2,5,4
119,110,290.8,5,4
119,111,284.3,5,4
119,124,285.1,5,4
119,125,288.0,5,4
119,4,290.1,5,1
119,5,287.7,5,1
119,20,291.2,5,1
119,21,285.4,5,1
119,36,287.7,5,1
119,37,286.5,5,1
119,52,282.4,5,1
119,53,286.3,5,1
119,68,290.3,5,1
119,69,286.8,5,1
119,84,278.6,5,1
119,85,287.6,5,1
119,98,290.5,5,1
119,99,283.0,5,1
119,112,283.5,5,1
119,113,279.8,5,1
119,126,291.9,5,1
119,127,283.9,5,1
119,6,289.0,5,2
119,7,292.2,5,2
119,22,294.7,5,2
119,23,291.0,5,2
119,38,281.9,5,2
119,39,284.1,5,2
119,54,282.0,5,2
119,55,282.8,5,2
119,70,285.4,5,2
119,71,286.0,5,2
119,86,288.5,5,2
119,87,283.5,5,2
119,100,283.2,5,2
119,101,286.9,5,2
119,114,285.9,5,2
119,115,293.6,5,2
119,128,290.5,5,2
119,129,287.7,5,2
119,138,286.9,5,2
119,139,283.4,5,2
119,8,282.8,5,3
119,9,288.0,5,3
119,24,290.0,5,3
119,25,291.7,5,3
119,40,286.8,5,3
119,41,282.2,5,3
119,56,282.0,5,3
119,57,280.1,5,3
119,72,278.1,5,3
119,73,281.5,5,3
119,88,282.7,5,3
119,89,277.8,5,3
119,102,279.8,5,3
119,103,283.6,5,3
119,116,283.0,5,3
119,117,283.1,5,3
119,130,283.9,5,3
119,131,284.8,5,3
119,140,279.3,5,3
119,141,284.1,5,3
119,10,86.0,5,5
119,11,88.2,5,5
119,26,87.8,5,5
119,27,85.2,5,5
119,42,76.4,5,5
119,43,80.4,5,5
119,58,83.4,5,5
119,59,78.4,5,5
119,74,89.6,5,5
119,75,78.3,5,5
119,90,65.8,5,5
119,91,81.1,5,5
119,104,80.2,5,5
119,105,80.6,5,5
119,118,67.2,5,5
119,119,0.0,5,5
119,132,71.0,5,5
119,133,72.4,5,5
119,142,72.3,5,5
119,143,59.6,5,5
119,12,85.0,5,6
119,13,83.8,5,6
119,28,84.1,5,6
119,29,82.3,5,6
119,44,87.0,5,6
119,45,88.2,5,6
119,60,96.0,5,6
119,61,93.3,5,6
119,76,92.3,5,6
119,77,94.9,5,6
119,92,88.9,5,6
119,93,93.0,5,6
119,106,91.5,5,6
119,107,91.6,5,6
119,120,94.9,5,6
119,121,92.6,5,6
119,134,88.8,5,6
119,135,93.8,5,6
119,144,91.3,5,6
119,145,106.9,5,6
119,14,89.5,5,7
119,15,103.7,5,7
119,30,84.8,5,7
119,31,82.6,5,7
119,46,96.1,5,7
119,47,96.0,5,7
119,62,93.7,5,7
119,63,98.3,5,7
119,78,94.3,5,7
119,79,97.4,5,7
119,94,94.6,5,7
119,95,96.3,5,7
119,108,102.3,5,7
119,109,110.2,5,7
119,122,91.7,5,7
119,123,99.2,5,7
119,136,92.3,5,7
119,137,100.2,5,7
119,146,96.4,5,7
119,147,98.2,5,7
132,150,87.7,5,9
132,151,92.5,5,9
132,148,82.7,5,8
132,149,81.8,5,8
132,0,88.1,5,0
132,1,90.5,5,0
132,16,86.5,5,0
132,17,81.2,5,0
132,32,75.8,5,0
132,33,76.0,5,0
132,48,83.3,5,0
132,49,80.6,5,0
132,64,82.6,5,0
132,65,79.4,5,0
132,80,83.0,5,0
132,81,83.8,5,0
132,2,276.2,5,4
132,3,282.1,5,4
132,18,282.6,5,4
132,19,282.7,5,4
132,34,276.2,5,4
132,35,283.4,5,4
132,50,283.5,5,4
132,51,286.1,5,4
132,66,287.7,5,4
132,67,292.9,5,4
132,82,285.7,5,4
132,83,290.7,5,4
132,96,284.6,5,4
132,97,284.8,5,4
132,110,290.5,5,4
132,111,284.4,5,4
132,124,284.7,5,4
132,125,289.0,5,4
132,4,290.4,5,1
132,5,288.2,5,1
132,20,290.6,5,1
132,21,285.9,5,1
132,36,287.2,5,1
132,37,286.3,5,1
132,52,281.8,5,1
132,53,286.1,5,1
132,68,289.7,5,1
132,69,286.2,5,1
132,84,279.3,5,1
132,85,286.2,5,1
132,98,290.1,5,1
132,99,283.5,5,1
132,112,282.3,5,1
132,113,280.2,5,1
132,126,291.4,5,1
132,127,283.4,5,1
132,6,287.7,5,2
132,7,291.9,5,2
132,22,294.0,5,2
132,23,290.9,5,2
132,38,281.6,5,2
132,39,283.6,5,2
132,54,282.6,5,2
132,55,282.9,5,2
132,70,284.1,5,2
132,71,285.1,5,2
132,86,288.6,5,2
132,87,281.1,5,2
132,100,282.8,5,2
132,101,285.9,5,2
132,114,285.6,5,2
132,115,292.6,5,2
132,128,289.6,5,2
132,129,285.8,5,2
132,138,285.9,5,2
132,139,283.3,5,2
132,8,282.5,5,3
132,9,289.5,5,3
132,24,289.9,5,3
132,25,291.5,5,3
132,40,286.3,5,3
132,41,282.8,5,3
132,56,282.6,5,3
132,57,279.6,5,3
132,72,278.5,5,3
132,73,279.6,5,3
132,88,282.6,5,3
132,89,278.4,5,3
132,102,280.0,5,3
132,103,283.8,5,3
132,116,282.3,5,3
132,117,282.7,5,3
132,130,283.6,5,3
132,131,286.8,5,3
132,140,280.3,5,3
132,141,285.1,5,3
132,10,83.3,5,5
132,11,84.7,5,5
132,26,84.9,5,5
132,27,83.7,5,5
132,42,74.5,5,5
132,43,88.9,5,5
132,58,78.7,5,5
132,59,77.5,5,5
132,74,89.2,5,5
132,75,76.5,5,5
132,90,78.2,5,5
132,91,72.4,5,5
132,104,75.5,5,5
132,105,72.1,5,5
132,118,67.9,5,5
132,119,71.0,5,5
132,132,0.0,5,5
132,133,66.2,5,5
132,142,66.9,5,5
132,143,71.3,5,5
132,12,74.8,5,6
132,13,64.9,5,6
132,28,74.3,5,6
132,29,73.4,5,6
132,44,80.4,5,6
132,45,83.8,5,6
132,60,79.3,5,6
132,61,81.3,5,6
132,76,71.8,5,6
132,77,83.6,5,6
132,92,81.2,5,6
132,93,84.4,5,6
132,106,86.5,5,6
132,107,90.3,5,6
132,120,86.9,5,6
132,121,81.7,5,6
132,134,81.7,5,6
132,135,86.7,5,6
132,144,83.9,5,6
132,145,96.2,5,6
132,14,92.6,5,7
132,15,90.3,5,7
132,30,88.9,5,7
132,31,84.6,5,7
132,46,88.5,5,7
132,47,91.3,5,7
132,62,82.0,5,7
132,63,95.1,5,7
132,78,91.6,5,7
132,79,93.4,5,7
132,94,85.7,5,7
132,95,87.2,5,7
132,108,93.7,5,7
132,109,99.1,5,7
132,122,93.6,5,7
132,123,89.0,5,7
132,136,73.7,5,7
132,137,93.9,5,7
132,146,92.1,5,7
132,147,90.9,5,7
133,150,89.5,5,9
133,151,90.1,5,9
133,148,85.8,5,8
133,149,87.6,5,8
133,0,90.1,5,0
133,1,91.6,5,0
133,16,93.4,5,0
133,17,77.8,5,0
133,32,75.2,5,0
133,33,80.5,5,0
133,48,86.0,5,0
133,49,76.0,5,0
133,64,81.7,5,0
133,65,81.6,5,0
133,80,89.4,5,0
133,81,88.8,5,0
133,2,282.9,5,4
133,3,288.9,5,4
133,18,288.8,5,4
133,19,288.8,5,4
133,34,282.8,5,4
133,35,289.1,5,4
133,50,289.2,5,4
133,51,291.7,5,4
133,66,292.7,5,4
133,67,298.1,5,4
133,82,291.1,5,4
133,83,295.6,5,4
133,96,290.3,5,4
133,97,290.5,5,4
133,110,296.0,5,4
133,111,291.2,5,4
133,124,290.7,5,4
133,125,294.2,5,4
133,4,295.8,5,1
133,5,293.8,5,1
133,20,296.7,5,1
133,21,292.4,5,1
133,36,292.9,5,1
133,37,291.5,5,1
133,52,287.4,5,1
133,53,291.6,5,1
133,68,294.4,5,1
133,69,291.6,5,1
133,84,285.8,5,1
133,85,292.2,5,1
133,98,294.8,5,1
133,99,289.0,5,1
133,112,288.5,5,1
133,113,285.5,5,1
133,126,296.8,5,1
133,127,289.0,5,1
133,6,293.3,5,2
133,7,296.8,5,2
133,22,299.6,5,2
133,23,296.6,5,2
133,38,287.3,5,2
133,39,290.3,5,2
133,54,289.1,5,2
133,55,288.1,5,2
133,70,291.5,5,2
133,71,292.1,5,2
133,86,295.3,5,2
133,87,287.9,5,2
133,100,288.8,5,2
133,101,292.0,5,2
133,114,291.6,5,2
133,115,298.0,5,2
133,128,295.1,5,2
133,129,292.9,5,2
133,138,291.9,5,2
133,139,290.4,5,2
133,8,289.0,5,3
133,9,294.9,5,3
133,24,295.3,5,3
133,25,297.4,5,3
133,40,292.3,5,3
133,41,288.3,5,3
133,56,288.8,5,3
133,57,286.7,5,3
133,72,286.4,5,3
133,73,286.6,5,3
133,88,288.3,5,3
133,89,285.8,5,3
133,102,286.3,5,3
133,103,290.2,5,3
133,116,288.8,5,3
133,117,289.5,5,3
133,130,290.8,5,3
133,131,292.6,5,3
133,140,287.5,5,3
133,141,290.3,5,3
133,10,79.6,5,5
133,11,82.6,5,5
133,26,84.9,5,5
133,27,81.7,5,5
133,42,72.6,5,5
133,43,85.6,5,5
133,58,80.1,5,5
133,59,76.6,5,5
133,74,95.2,5,5
133,75,74.5,5,5
133,90,79.2,5,5
133,91,77.5,5,5
133,104,75.0,5,5
133,105,86.0,5,5
133,118,69.1,5,5
133,119,72.4,5,5
133,132,66.2,5,5
133,133,0.0,5,5
133,142,66.1,5,5
133,143,68.2,5,5
133,12,73.3,5,6
133,13,81.1,5,6
133,28,80.2,5,6
133,29,76.5,5,6
133,44,75.2,5,6
133,45,93.1,5,6
133,60,89.1,5,6
133,61,87.2,5,6
133,76,88.0,5,6
133,77,86.2,5,6
133,92,79.3,5,6
133,93,82.4,5,6
133,106,89.5,5,6
133,107,87.3,5,6
133,120,86.8,5,6
133,121,79.9,5,6
133,134,74.6,5,6
133,135,91.3,5,6
133,144,86.4,5,6
133,145,110.7,5,6
133,14,92.5,5,7
133,15,95.9,5,7
133,30,86.6,5,7
133,31,87.7,5,7
133,46,86.5,5,7
133,47,100.2,5,7
133,62,94.1,5,7
133,63,94.8,5,7
133,78,95.4,5,7
133,79,99.1,5,7
133,94,87.8,5,7
133,95,89.1,5,7
133,108,94.5,5,7
133,109,97.6,5,7
133,122,99.6,5,7
133,123,89.7,5,7
133,136,86.5,5,7
133,137,87.9,5,7
133,146,84.5,5,7
133,147,91.1,5,7
142,150,89.2,5,9
142,151,81.2,5,9
142,148,78.4,5,8
142,149,83.7,5,8
142,0,94.6,5,0
142,1,83.3,5,0
142,16,87.7,5,0
142,17,82.0,5,0
142,32,77.1,5,0
142,33,80.3,5,0
142,48,77.0,5,0
142,49,78.1,5,0
142,64,81.3,5,0
142,65,79.4,5,0
142,80,87.2,5,0
142,81,82.6,5,0
142,2,279.6,5,4
142,3,284.5,5,4
142,18,285.7,5,4
142,19,286.3,5,4
142,34,279.2,5,4
142,35,286.7,5,4
142,50,286.4,5,4
142,51,289.0,5,4
142,66,289.6,5,4
142,67,295.2,5,4
142,82,288.6,5,4
142,83,292.5,5,4
142,96,286.8,5,4
142,97,288.5,5,4
142,110,293.6,5,4
142,111,287.9,5,4
142,124,287.8,5,4
142,125,291.3,5,4
142,4,293.0,5,1
142,5,290.9,5,1
142,20,293.1,5,1
142,21,288.7,5,1
142,36,289.6,5,1
142,37,288.9,5,1
142,52,284.4,5,1
142,53,288.5,5,1
142,68,292.6,5,1
142,69,289.1,5,1
142,84,282.9,5,1
142,85,289.2,5,1
142,98,292.4,5,1
142,99,285.7,5,1
142,112,284.8,5,1
142,113,283.2,5,1
142,126,293.5,5,1
142,127,286.3,5,1
142,6,290.6,5,2
142,7,294.4,5,2
142,22,296.5,5,2
142,23,294.2,5,2
142,38,284.6,5,2
142,39,285.8,5,2
142,54,285.1,5,2
142,55,285.6,5,2
142,70,287.4,5,2
142,71,287.5,5,2
142,86,291.1,5,2
142,87,284.5,5,2
142,100,284.8,5,2
142,101,287.1,5,2
142,114,287.5,5,2
142,115,295.0,5,2
142,128,291.9,5,2
142,129,290.1,5,2
142,138,288.9,5,2
142,139,287.1,5,2
142,8,285.7,5,3
142,9,292.5,5,3
142,24,292.4,5,3
142,25,293.4,5,3
142,40,289.5,5,3
142,41,285.7,5,3
142,56,285.6,5,3
142,57,282.4,5,3
142,72,282.5,5,3
142,73,283.8,5,3
142,88,285.5,5,3
142,89,280.9,5,3
142,102,283.3,5,3
142,103,287.3,5,3
142,116,284.6,5,3
142,117,286.0,5,3
142,130,286.8,5,3
142,131,289.2,5,3
142,140,282.8,5,3
142,141,287.4,5,3
142,10,80.7,5,5
142,11,91.0,5,5
142,26,85.6,5,5
142,27,90.5,5,5
142,42,78.1,5,5
142,43,89.9,5,5
142,58,79.7,5,5
142,59,80.6,5,5
142,74,96.6,5,5
142,75,75.4,5,5
142,90,73.7,5,5
142,91,78.5,5,5
142,104,77.0,5,5
142,105,81.2,5,5
142,118,67.9,5,5
142,119,72.3,5,5
142,132,66.9,5,5
142,133,66.1,5,5
142,142,0.0,5,5
142,143,70.4,5,5
142,12,70.1,5,6
142,13,78.9,5,6
142,28,84.5,5,6
142,29,81.6,5,6
142,44,79.5,5,6
142,45,83.4,5,6
142,60,90.5,5,6
142,61,85.5,5,6
142,76,85.3,5,6
142,77,89.6,5,6
142,92,84.9,5,6
142,93,83.5,5,6
142,106,80.7,5,6
142,107,83.2,5,6
142,120,86.8,5,6
142,121,83.3,5,6
142,134,79.0,5,6
142,135,86.5,5,6
142,144,82.5,5,6
142,145,107.7,5,6
142,14,91.1,5,7
142,15,97.9,5,7
142,30,89.2,5,7
142,31,93.0,5,7
142,46,83.9,5,7
142,47,93.9,5,7
142,62,92.7,5,7
142,63,96.7,5,7
142,78,94.2,5,7
142,79,87.8,5,7
142,94,87.6,5,7
142,95,85.7,5,7
142,108,92.3,5,7
142,109,95.6,5,7
142,122,92.4,5,7
142,123,88.3,5,7
142,136,81.5,5,7
142,137,92.1,5,7
142,146,92.2,5,7
142,147,85.2,5,7
143,150,81.5,5,9
143,151,76.9,5,9
143,148,79.3,5,8
143,149,75.1,5,8
143,0,77.1,5,0
143,1,91.2,5,0
143,16,84.7,5,0
143,17,83.5,5,0
143,32,74.0,5,0
143,33,73.8,5,0
143,48,81.3,5,0
143,49,72.8,5,0
143,64,76.5,5,0
143,65,81.3,5,0
143,80,85.3,5,0
143,81,82.8,5,0
143,2,281.6,5,4
143,3,286.9,5,4
143,18,288.7,5,4
143,19,289.2,5,4
143,34,282.8,5,4
143,35,288.5,5,4
143,50,288.9,5,4
143,51,290.1,5,4
143,66,292.8,5,4
143,67,297.0,5,4
143,82,291.0,5,4
143,83,294.7,5,4
143,96,288.4,5,4
143,97,290.2,5,4
143,110,295.8,5,4
143,111,289.4,5,4
143,124,290.0,5,4
143,125,292.4,5,4
143,4,295.3,5,1
143,5,292.1,5,1
143,20,295.1,5,1
143,21,290.8,5,1
143,36,292.0,5,1
143,37,290.9,5,1
143,52,287.5,5,1
143,53,290.5,5,1
143,68,294.6,5,1
143,69,291.0,5,1
143,84,284.0,5,1
143,85,291.7,5,1
143,98,294.4,5,1
143,99,287.9,5,1
143,112,288.1,5,1
143,113,285.7,5,1
143,126,296.1,5,1
143,127,288.3,5,1
143,6,292.7,5,2
143,7,295.7,5,2
143,22,298.3,5,2
143,23,296.2,5,2
143,38,287.2,5,2
143,39,288.8,5,2
143,54,288.2,5,2
143,55,287.6,5,2
143,70,290.5,5,2
143,71,291.1,5,2
143,86,292.9,5,2
143,87,288.1,5,2
143,100,287.7,5,2
143,101,291.1,5,2
143,114,291.8,5,2
143,115,297.6,5,2
143,128,294.5,5,2
143,129,292.1,5,2
143,138,291.5,5,2
143,139,289.0,5,2
143,8,288.1,5,3
143,9,293.8,5,3
143,24,294.3,5,3
143,25,295.8,5,3
143,40,291.4,5,3
143,41,287.2,5,3
143,56,286.8,5,3
143,57,285.1,5,3
143,72,284.1,5,3
143,73,286.9,5,3
143,88,287.0,5,3
143,89,283.3,5,3
143,102,285.2,5,3
143,103,288.5,5,3
143,116,287.1,5,3
143,117,288.0,5,3
143,130,289.1,5,3
143,131,289.7,5,3
143,140,284.6,5,3
143,141,289.1,5,3
143,10,79.2,5,5
143,11,83.8,5,5
143,26,80.9,5,5
143,27,87.0,5,5
143,42,68.3,5,5
143,43,82.3,5,5
143,58,75.0,5,5
143,59,79.9,5,5
143,74,88.7,5,5
143,75,68.8,5,5
143,90,63.6,5,5
143,91,72.4,5,5
143,104,72.6,5,5
143,105,73.7,5,5
143,118,74.1,5,5
143,119,59.6,5,5
143,132,71.3,5,5
143,133,68.2,5,5
143,142,70.4,5,5
143,143,0.0,5,5
143,12,77.3,5,6
143,13,81.1,5,6
143,28,79.6,5,6
143,29,78.0,5,6
143,44,75.6,5,6
143,45,84.9,5,6
143,60,87.2,5,6
143,61,88.1,5,6
143,76,85.7,5,6
143,77,89.3,5,6
143,92,81.0,5,6
143,93,83.3,5,6
143,106,83.8,5,6
143,107,84.9,5,6
143,120,89.6,5,6
143,121,82.1,5,6
143,134,78.6,5,6
143,135,89.8,5,6
143,144,81.4,5,6
143,145,105.0,5,6
143,14,92.2,5,7
143,15,100.3,5,7
143,30,82.0,5,7
143,31,81.1,5,7
143,46,87.2,5,7
143,47,92.8,5,7
143,62,86.6,5,7
143,63,93.8,5,7
143,78,86.8,5,7
143,79,89.4,5,7
143,94,83.4,5,7
143,95,87.6,5,7
143,108,94.8,5,7
143,109,101.7,5,7
143,122,86.0,5,7
143,123,86.0,5,7
143,136,81.9,5,7
143,137,90.9,5,7
143,146,89.4,5,7
143,147,92.2,5,7
12,150,95.4,6,9
12,151,94.7,6,9
12,148,90.6,6,8
12,149,87.3,6,8
12,0,94.1,6,0
12,1,91.5,6,0
12,16,90.5,6,0
12,17,88.3,6,0
12,32,79.6,6,0
12,33,85.2,6,0
12,48,79.3,6,0
12,49,81.0,6,0
12,64,83.0,6,0
12,65,87.3,6,0
12,80,94.5,6,0
12,81,89.9,6,0
12,2,280.3,6,4
12,3,286.1,6,4
12,18,287.0,6,4
12,19,287.4,6,4
12,34,278.7,6,4
12,35,286.4,6,4
12,50,286.9,6,4
12,51,289.4,6,4
12,66,291.1,6,4
12,67,296.2,6,4
12,82,287.7,6,4
12,83,294.0,6,4
12,96,287.3,6,4
12,97,288.1,6,4
12,110,293.5,6,4
12,111,287.8,6,4
12,124,287.6,6,4
12,125,292.1,6,4
12,4,294.1,6,1
12,5,292.2,6,1
12,20,294.1,6,1
12,21,289.7,6,1
12,36,290.8,6,1
12,37,290.9,6,1
12,52,285.2,6,1
12,53,290.0,6,1
12,68,292.3,6,1
12,69,290.0,6,1
12,84,283.1,6,1
12,85,290.6,6,1
12,98,293.2,6,1
12,99,286.8,6,1
12,112,285.8,6,1
12,113,284.1,6,1
12,126,295.0,6,1
12,127,287.6,6,1
12,6,290.1,6,2
12,7,294.9,6,2
12,22,296.9,6,2
12,23,294.3,6,2
12,38,285.0,6,2
12,39,287.1,6,2
12,54,285.0,6,2
12,55,286.1,6,2
12,70,287.6,6,2
12,71,288.5,6,2
12,86,292.1,6,2
12,87,284.9,6,2
12,100,285.3,6,2
12,101,287.4,6,2
12,114,288.3,6,2
12,115,294.6,6,2
12,128,292.4,6,2
12,129,289.7,6,2
12,138,288.7,6,2
12,139,286.6,6,2
12,8,286.5,6,3
12,9,293.4,6,3
12,24,294.0,6,3
12,25,295.3,6,3
12,40,291.0,6,3
12,41,287.5,6,3
12,56,287.9,6,3
12,57,285.7,6,3
12,72,283.9,6,3
12,73,286.5,6,3
12,88,288.1,6,3
12,89,282.8,6,3
12,102,285.0,6,3
12,103,289.6,6,3
12,116,287.2,6,3
12,117,288.5,6,3
12,130,288.8,6,3
12,131,290.6,6,3
12,140,285.1,6,3
12,141,289.7,6,3
12,10,84.0,6,5
12,11,86.8,6,5
12,26,88.9,6,5
12,27,94.0,6,5
12,42,82.9,6,5
12,43,91.9,6,5
12,58,83.2,6,5
12,59,85.3,6,5
12,74,89.8,6,5
12,75,81.3,6,5
12,90,80.8,6,5
12,91,86.6,6,5
12,104,75.9,6,5
12,105,86.7,6,5
12,118,76.3,6,5
12,119,85.0,6,5
12,132,74.8,6,5
12,133,73.3,6,5
12,142,70.1,6,5
12,143,77.3,6,5
12,12,0.0,6,6
12,13,63.7,6,6
12,28,67.2,6,6
12,29,74.0,6,6
12,44,73.0,6,6
12,45,86.7,6,6
12,60,92.0,6,6
12,61,84.4,6,6
12,76,82.2,6,6
12,77,89.4,6,6
12,92,84.6,6,6
12,93,78.8,6,6
12,106,85.3,6,6
12,107,84.5,6,6
12,120,84.6,6,6
12,121,75.5,6,6
12,134,68.6,6,6
12,135,90.5,6,6
12,144,85.8,6,6
12,145,104.5,6,6
12,14,96.5,6,7
12,15,98.4,6,7
12,30,90.4,6,7
12,31,88.2,6,7
12,46,82.2,6,7
12,47,88.5,6,7
12,62,88.9,6,7
12,63,87.6,6,7
12,78,91.6,6,7
12,79,86.6,6,7
12,94,83.6,6,7
12,95,77.2,6,7
12,108,89.1,6,7
12,109,90.7,6,7
12,122,87.8,6,7
12,123,88.7,6,7
12,136,78.1,6,7
12,137,82.5,6,7
12,146,93.0,6,7
12,147,83.2,6,7
13,150,94.6,6,9
13,151,99.4,6,9
13,148,88.8,6,8
13,149,83.9,6,8
13,0,94.3,6,0
13,1,92.7,6,0
13,16,88.4,6,0
13,17,87.2,6,0
13,32,80.3,6,0
13,33,82.2,6,0
13,48,81.5,6,0
13,49,88.6,6,0
13,64,88.2,6,0
13,65,85.0,6,0
13,80,91.6,6,0
13,81,88.0,6,0
13,2,278.4,6,4
13,3,283.9,6,4
13,18,284.2,6,4
13,19,284.5,6,4
13,34,277.8,6,4
13,35,283.7,6,4
13,50,284.6,6,4
13,51,287.5,6,4
13,66,288.9,6,4
13,67,294.2,6,4
13,82,286.8,6,4
13,83,292.1,6,4
13,96,285.9,6,4
13,97,284.8,6,4
13,110,292.2,6,4
13,111,285.6,6,4
13,124,286.1,6,4
13,125,290.2,6,4
13,4,292.6,6,1
13,5,289.9,6,1
13,20,292.5,6,1
13,21,287.7,6,1
13,36,289.2,6,1
13,37,289.2,6,1
13,52,283.5,6,1
13,53,288.4,6,1
13,68,291.6,6,1
13,69,288.6,6,1
13,84,280.9,6,1
13,85,289.4,6,1
13,98,291.9,6,1
13,99,285.4,6,1
13,112,284.5,6,1
13,113,282.4,6,1
13,126,293.7,6,1
13,127,286.0,6,1
13,6,288.8,6,2
13,7,293.6,6,2
13,22,295.5,6,2
13,23,292.3,6,2
13,38,283.0,6,2
13,39,284.9,6,2
13,54,282.3,6,2
13,55,283.8,6,2
13,70,285.1,6,2
13,71,285.5,6,2
13,86,289.9,6,2
13,87,282.5,6,2
13,100,283.9,6,2
13,101,286.6,6,2
13,114,285.6,6,2
13,115,293.9,6,2
13,128,291.0,6,2
13,129,286.8,6,2
13,138,286.7,6,2
13,139,284.0,6,2
13,8,283.6,6,3
13,9,290.8,6,3
13,24,292.0,6,3
13,25,293.0,6,3
13,40,288.6,6,3
13,41,286.0,6,3
13,56,285.9,6,3
13,57,282.5,6,3
13,72,281.6,6,3
13,73,283.0,6,3
13,88,285.3,6,3
13,89,281.0,6,3
13,102,282.5,6,3
13,103,285.8,6,3
13,116,285.1,6,3
13,117,285.0,6,3
13,130,285.9,6,3
13,131,288.6,6,3
13,140,282.4,6,3
13,141,287.1,6,3
13,10,89.0,6,5
13,11,89.4,6,5
13,26,89.6,6,5
13,27,92.1,6,5
13,42,82.5,6,5
13,43,91.2,6,5
13,58,85.4,6,5
13,59,86.0,6,5
13,74,92.0,6,5
13,75,82.8,6,5
13,90,84.2,6,5
13,91,86.5,6,5
13,104,79.9,6,5
13,105,77.2,6,5
13,118,75.1,6,5
13,119,83.8,6,5
13,132,64.9,6,5
13,133,81.1,6,5
13,142,78.9,6,5
13,143,81.1,6,5
13,12,63.7,6,6
13,13,0.0,6,6
13,28,60.4,6,6
13,29,67.9,6,6
13,44,78.2,6,6
13,45,83.7,6,6
13,60,91.9,6,6
13,61,74.1,6,6
13,76,73.9,6,6
13,77,89.2,6,6
13,92,84.6,6,6
13,93,84.8,6,6
13,106,88.1,6,6
13,107,91.5,6,6
13,120,81.2,6,6
13,121,81.2,6,6
13,134,79.4,6,6
13,135,94.0,6,6
13,144,87.7,6,6
13,145,103.5,6,6
13,14,99.9,6,7
13,15,89.0,6,7
13,30,93.1,6,7
13,31,89.3,6,7
13,46,87.6,6,7
13,47,90.4,6,7
13,62,85.1,6,7
13,63,92.9,6,7
13,78,89.6,6,7
13,79,94.3,6,7
13,94,87.7,6,7
13,95,86.3,6,7
13,108,91.0,6,7
13,109,97.3,6,7
13,122,88.7,6,7
13,123,91.7,6,7
13,136,70.4,6,7
13,137,91.1,6,7
13,146,92.6,6,7
13,147,84.5,6,7
28,150,96.9,6,9
28,151,102.9,6,9
28,148,94.8,6,8
28,149,89.3,6,8
28,0,99.5,6,0
28,1,104.7,6,0
28,16,94.1,6,0
28,17,89.3,6,0
28,32,83.4,6,0
28,33,85.1,6,0
28,48,90.6,6,0
28,49,86.1,6,0
28,64,86.6,6,0
28,65,93.2,6,0
28,80,97.0,6,0
28,81,96.1,6,0
28,2,280.9,6,4
28,3,288.3,6,4
28,18,288.8,6,4
28,19,288.9,6,4
28,34,281.7,6,4
28,35,288.7,6,4
28,50,288.7,6,4
28,51,291.5,6,4
28,66,292.7,6,4
28,67,297.9,6,4
28,82,289.5,6,4
28,83,296.0,6,4
28,96,290.0,6,4
28,97,289.2,6,4
28,110,295.3,6,4
28,111,290.0,6,4
28,124,289.4,6,4
28,125,293.5,6,4
28,4,296.1,6,1
28,5,293.9,6,1
28,20,294.9,6,1
28,21,291.9,6,1
28,36,292.9,6,1
28,37,292.2,6,1
28,52,285.5,6,1
28,53,291.0,6,1
28,68,292.1,6,1
28,69,290.9,6,1
28,84,283.4,6,1
28,85,292.1,6,1
28,98,294.4,6,1
28,99,288.7,6,1
28,112,287.5,6,1
28,113,285.3,6,1
28,126,296.2,6,1
28,127,289.6,6,1
28,6,292.9,6,2
28,7,297.1,6,2
28,22,299.1,6,2
28,23,296.3,6,2
28,38,286.9,6,2
28,39,288.8,6,2
28,54,287.2,6,2
28,55,287.9,6,2
28,70,289.1,6,2
28,71,291.1,6,2
28,86,293.4,6,2
28,87,287.1,6,2
28,100,287.7,6,2
28,101,290.8,6,2
28,114,289.6,6,2
28,115,297.4,6,2
28,128,295.3,6,2
28,129,290.9,6,2
28,138,290.1,6,2
28,139,287.9,6,2
28,8,287.2,6,3
28,9,293.2,6,3
28,24,295.6,6,3
28,25,297.7,6,3
28,40,292.6,6,3
28,41,288.7,6,3
28,56,289.2,6,3
28,57,286.6,6,3
28,72,285.4,6,3
28,73,288.5,6,3
28,88,290.0,6,3
28,89,285.4,6,3
28,102,286.7,6,3
28,103,289.6,6,3
28,116,288.9,6,3
28,117,289.9,6,3
28,130,290.4,6,3
28,131,292.3,6,3
28,140,287.0,6,3
28,141,291.0,6,3
28,10,91.5,6,5
28,11,93.4,6,5
28,26,92.8,6,5
28,27,98.2,6,5
28,42,73.8,6,5
28,43,96.6,6,5
28,58,85.4,6,5
28,59,86.0,6,5
28,74,89.2,6,5
28,75,82.2,6,5
28,90,86.1,6,5
28,91,88.3,6,5
28,104,73.2,6,5
28,105,89.0,6,5
28,118,81.0,6,5
28,119,84.1,6,5
28,132,74.3,6,5
28,133,80.2,6,5
28,142,84.5,6,5
28,143,79.6,6,5
28,12,67.2,6,6
28,13,60.4,6,6
28,28,0.0,6,6
28,29,72.5,6,6
28,44,76.7,6,6
28,45,89.0,6,6
28,60,96.5,6,6
28,61,78.1,6,6
28,76,79.4,6,6
28,77,94.3,6,6
28,92,86.3,6,6
28,93,88.1,6,6
28,106,89.1,6,6
28,107,94.8,6,6
28,120,83.8,6,6
28,121,80.4,6,6
28,134,79.2,6,6
28,135,97.9,6,6
28,144,91.0,6,6
28,145,111.1,6,6
28,14,102.8,6,7
28,15,88.4,6,7
28,30,97.7,6,7
28,31,88.1,6,7
28,46,88.3,6,7
28,47,90.3,6,7
28,62,89.7,6,7
28,63,95.0,6,7
28,78,94.4,6,7
28,79,99.2,6,7
28,94,83.9,6,7
28,95,88.0,6,7
28,108,99.1,6,7
28,109,106.8,6,7
28,122,92.0,6,7
28,123,99.0,6,7
28,136,86.9,6,7
28,137,92.7,6,7
28,146,96.4,6,7
28,147,98.5,6,7
29,150,83.6,6,9
29,151,90.3,6,9
29,148,82.6,6,8
29,149,79.7,6,8
29,0,86.1,6,0
29,1,87.9,6,0
29,16,85.3,6,0
29,17,81.0,6,0
29,32,75.6,6,0
29,33,80.8,6,0
29,48,84.8,6,0
29,49,83.2,6,0
29,64,85.3,6,0
29,65,84.0,6,0
29,80,81.1,6,0
29,81,85.6,6,0
29,2,282.3,6,4
29,3,288.7,6,4
29,18,288.4,6,4
29,19,287.6,6,4
29,34,282.2,6,4
29,35,288.4,6,4
29,50,287.6,6,4
29,51,290.0,6,4
29,66,290.8,6,4
29,67,297.0,6,4
29,82,290.7,6,4
29,83,295.2,6,4
29,96,289.2,6,4
29,97,288.2,6,4
29,110,295.2,6,4
29,111,290.1,6,4
29,124,290.3,6,4
29,125,292.8,6,4
29,4,296.0,6,1
29,5,293.6,6,1
29,20,296.3,6,1
29,21,291.5,6,1
29,36,291.9,6,1
29,37,292.8,6,1
29,52,288.8,6,1
29,53,291.2,6,1
29,68,295.6,6,1
29,69,291.9,6,1
29,84,286.4,6,1
29,85,292.7,6,1
29,98,295.7,6,1
29,99,287.7,6,1
29,112,287.6,6,1
29,113,285.5,6,1
29,126,296.3,6,1
29,127,288.4,6,1
29,6,291.2,6,2
29,7,296.7,6,2
29,22,298.7,6,2
29,23,296.3,6,2
29,38,286.1,6,2
29,39,289.4,6,2
29,54,288.5,6,2
29,55,287.3,6,2
29,70,287.9,6,2
29,71,290.9,6,2
29,86,294.0,6,2
29,87,285.8,6,2
29,100,288.3,6,2
29,101,290.6,6,2
29,114,290.5,6,2
29,115,297.7,6,2
29,128,294.9,6,2
29,129,290.0,6,2
29,138,289.7,6,2
29,139,289.4,6,2
29,8,288.4,6,3
29,9,295.1,6,3
29,24,295.0,6,3
29,25,295.7,6,3
29,40,291.4,6,3
29,41,288.7,6,3
29,56,288.6,6,3
29,57,285.3,6,3
29,72,285.5,6,3
29,73,286.3,6,3
29,88,289.0,6,3
29,89,285.3,6,3
29,102,286.0,6,3
29,103,289.9,6,3
29,116,288.8,6,3
29,117,288.4,6,3
29,130,289.9,6,3
29,131,291.7,6,3
29,140,286.6,6,3
29,141,290.9,6,3
29,10,77.8,6,5
29,11,80.6,6,5
29,26,80.0,6,5
29,27,73.9,6,5
29,42,76.2,6,5
29,43,84.8,6,5
29,58,78.6,6,5
29,59,83.5,6,5
29,74,95.6,6,5
29,75,80.8,6,5
29,90,84.4,6,5
29,91,77.3,6,5
29,104,74.9,6,5
29,105,75.8,6,5
29,118,84.8,6,5
29,119,82.3,6,5
29,132,73.4,6,5
29,133,76.5,6,5
29,142,81.6,6,5
29,143,78.0,6,5
29,12,74.0,6,6
29,13,67.9,6,6
29,28,72.5,6,6
29,29,0.0,6,6
29,44,75.4,6,6
29,45,85.4,6,6
29,60,84.7,6,6
29,61,80.0,6,6
29,76,75.5,6,6
29,77,82.4,6,6
29,92,79.6,6,6
29,93,83.1,6,6
29,106,88.0,6,6
29,107,87.9,6,6
29,120,74.7,6,6
29,121,76.0,6,6
29,134,76.4,6,6
29,135,90.0,6,6
29,144,83.2,6,6
29,145,97.5,6,6
29,14,93.1,6,7
29,15,90.0,6,7
29,30,84.3,6,7
29,31,83.2,6,7
29,46,82.3,6,7
29,47,82.5,6,7
29,62,84.5,6,7
29,63,85.9,6,7
29,78,82.3,6,7
29,79,94.9,6,7
29,94,85.8,6,7
29,95,80.0,6,7
29,108,75.5,6,7
29,109,87.4,6,7
29,122,90.2,6,7
29,123,85.8,6,7
29,136,71.8,6,7
29,137,83.7,6,7
29,146,82.8,6,7
29,147,81.4,6,7
44,150,95.1,6,9
44,151,96.5,6,9
44,148,91.7,6,8
44,149,84.6,6,8
44,0,82.2,6,0
44,1,92.2,6,0
44,16,81.2,6,0
44,17,90.0,6,0
44,32,81.2,6,0
44,33,78.9,6,0
44,48,88.5,6,0
44,49,85.1,6,0
44,64,88.0,6,0
44,65,94.8,6,0
44,80,90.7,6,0
44,81,91.9,6,0
44,2,276.6,6,4
44,3,283.3,6,4
44,18,283.7,6,4
44,19,283.4,6,4
44,34,276.4,6,4
44,35,281.7,6,4
44,50,281.9,6,4
44,51,284.5,6,4
44,66,286.9,6,4
44,67,292.3,6,4
44,82,283.7,6,4
44,83,290.0,6,4
44,96,283.6,6,4
44,97,283.5,6,4
44,110,290.2,6,4
44,111,284.1,6,4
44,124,283.9,6,4
44,125,288.3,6,4
44,4,290.6,6,1
44,5,288.3,6,1
44,20,290.9,6,1
44,21,285.5,6,1
44,36,286.2,6,1
44,37,285.8,6,1
44,52,281.4,6,1
44,53,285.8,6,1
44,68,287.8,6,1
44,69,286.0,6,1
44,84,278.6,6,1
44,85,286.7,6,1
44,98,289.8,6,1
44,99,283.0,6,1
44,112,281.4,6,1
44,113,280.1,6,1
44,126,291.8,6,1
44,127,283.6,6,1
44,6,286.7,6,2
44,7,291.3,6,2
44,22,294.0,6,2
44,23,291.3,6,2
44,38,281.1,6,2
44,39,283.0,6,2
44,54,282.0,6,2
44,55,281.8,6,2
44,70,283.8,6,2
44,71,285.9,6,2
44,86,289.3,6,2
44,87,280.4,6,2
44,100,282.3,6,2
44,101,285.5,6,2
44,114,285.7,6,2
44,115,292.7,6,2
44,128,289.5,6,2
44,129,284.8,6,2
44,138,284.4,6,2
44,139,283.1,6,2
44,8,283.2,6,3
44,9,290.3,6,3
44,24,290.1,6,3
44,25,292.4,6,3
44,40,287.0,6,3
44,41,283.9,6,3
44,56,284.2,6,3
44,57,280.5,6,3
44,72,279.4,6,3
44,73,281.0,6,3
44,88,282.6,6,3
44,89,278.6,6,3
44,102,280.8,6,3
44,103,285.1,6,3
44,116,282.7,6,3
44,117,284.3,6,3
44,130,284.5,6,3
44,131,287.0,6,3
44,140,280.8,6,3
44,141,286.0,6,3
44,10,89.1,6,5
44,11,74.3,6,5
44,26,87.4,6,5
44,27,89.0,6,5
44,42,85.1,6,5
44,43,97.1,6,5
44,58,88.0,6,5
44,59,88.2,6,5
44,74,89.6,6,5
44,75,83.2,6,5
44,90,86.2,6,5
44,91,88.8,6,5
44,104,83.2,6,5
44,105,78.3,6,5
44,118,86.7,6,5
44,119,87.0,6,5
44,132,80.4,6,5
44,133,75.2,6,5
44,142,79.5,6,5
44,143,75.6,6,5
44,12,73.0,6,6
44,13,78.2,6,6
44,28,76.7,6,6
44,29,75.4,6,6
44,44,0.0,6,6
44,45,78.5,6,6
44,60,87.2,6,6
44,61,89.2,6,6
44,76,82.5,6,6
44,77,83.8,6,6
44,92,84.5,6,6
44,93,86.0,6,6
44,106,85.3,6,6
44,107,89.9,6,6
44,120,87.2,6,6
44,121,81.9,6,6
44,134,80.0,6,6
44,135,98.8,6,6
44,144,94.7,6,6
44,145,98.3,6,6
44,14,102.5,6,7
44,15,103.6,6,7
44,30,95.3,6,7
44,31,84.0,6,7
44,46,91.1,6,7
44,47,94.0,6,7
44,62,92.4,6,7
44,63,93.7,6,7
44,78,85.9,6,7
44,79,94.4,6,7
44,94,83.3,6,7
44,95,82.4,6,7
44,108,90.2,6,7
44,109,95.3,6,7
44,122,85.2,6,7
44,123,89.2,6,7
44,136,83.1,6,7
44,137,83.8,6,7
44,146,89.9,6,7
44,147,90.8,6,7
45,150,88.3,6,9
45,151,89.0,6,9
45,148,87.2,6,8
45,149,75.7,6,8
45,0,85.5,6,0
45,1,91.7,6,0
45,16,78.5,6,0
45,17,89.1,6,0
45,32,85.6,6,0
45,33,80.0,6,0
45,48,85.0,6,0
45,49,87.1,6,0
45,64,87.7,6,0
45,65,93.9,6,0
45,80,84.2,6,0
45,81,83.2,6,0
45,2,279.7,6,4
45,3,284.2,6,4
45,18,285.5,6,4
45,19,286.0,6,4
45,34,278.8,6,4
45,35,286.8,6,4
45,50,286.1,6,4
45,51,288.1,6,4
45,66,290.9,6,4
45,67,295.9,6,4
45,82,288.6,6,4
45,83,293.2,6,4
45,96,286.6,6,4
45,97,287.9,6,4
45,110,294.1,6,4
45,111,285.6,6,4
45,124,287.8,6,4
45,125,291.7,6,4
45,4,294.4,6,1
45,5,291.9,6,1
45,20,294.6,6,1
45,21,288.2,6,1
45,36,290.4,6,1
45,37,291.6,6,1
45,52,287.6,6,1
45,53,290.5,6,1
45,68,295.1,6,1
45,69,291.0,6,1
45,84,283.0,6,1
45,85,291.5,6,1
45,98,294.4,6,1
45,99,287.4,6,1
45,112,286.7,6,1
45,113,285.4,6,1
45,126,295.5,6,1
45,127,286.9,6,1
45,6,290.4,6,2
45,7,294.7,6,2
45,22,296.2,6,2
45,23,294.5,6,2
45,38,284.2,6,2
45,39,286.0,6,2
45,54,284.7,6,2
45,55,285.4,6,2
45,70,286.2,6,2
45,71,287.5,6,2
45,86,291.3,6,2
45,87,283.3,6,2
45,100,284.4,6,2
45,101,288.1,6,2
45,114,287.5,6,2
45,115,295.2,6,2
45,128,292.0,6,2
45,129,288.1,6,2
45,138,288.1,6,2
45,139,284.9,6,2
45,8,285.2,6,3
45,9,294.2,6,3
45,24,293.8,6,3
45,25,294.5,6,3
45,40,290.1,6,3
45,41,287.2,6,3
45,56,287.0,6,3
45,57,283.7,6,3
45,72,282.4,6,3
45,73,284.1,6,3
45,88,286.4,6,3
45,89,281.7,6,3
45,102,284.8,6,3
45,103,288.3,6,3
45,116,286.3,6,3
45,117,286.6,6,3
45,130,286.1,6,3
45,131,290.3,6,3
45,140,282.3,6,3
45,141,288.3,6,3
45,10,91.0,6,5
45,11,91.6,6,5
45,26,90.6,6,5
45,27,94.3,6,5
45,42,89.3,6,5
45,43,102.5,6,5
45,58,94.3,6,5
45,59,94.7,6,5
45,74,93.4,6,5
45,75,91.5,6,5
45,90,84.9,6,5
45,91,96.1,6,5
45,104,95.8,6,5
45,105,80.2,6,5
45,118,90.8,6,5
45,119,88.2,6,5
45,132,83.8,6,5
45,133,93.1,6,5
45,142,83.4,6,5
45,143,84.9,6,5
45,12,86.7,6,6
45,13,83.7,6,6
45,28,89.0,6,6
45,29,85.4,6,6
45,44,78.5,6,6
45,45,0.0,6,6
45,60,68.7,6,6
45,61,69.5,6,6
45,76,72.4,6,6
45,77,75.3,6,6
45,92,72.5,6,6
45,93,75.1,6,6
45,106,59.7,6,6
45,107,77.0,6,6
45,120,76.7,6,6
45,121,78.1,6,6
45,134,77.5,6,6
45,135,85.4,6,6
45,144,83.3,6,6
45,145,87.7,6,6
45,14,89.2,6,7
45,15,91.6,6,7
45,30,88.5,6,7
45,31,91.2,6,7
45,46,86.3,6,7
45,47,86.5,6,7
45,62,76.5,6,7
45,63,86.6,6,7
45,78,81.6,6,7
45,79,88.9,6,7
45,94,82.2,6,7
45,95,86.1,6,7
45,108,89.2,6,7
45,109,88.7,6,7
45,122,76.8,6,7
45,123,78.8,6,7
45,136,76.5,6,7
45,137,96.9,6,7
45,146,91.8,6,7
45,147,92.8,6,7
60,150,80.0,6,9
60,151,80.2,6,9
60,148,83.9,6,8
60,149,81.4,6,8
60,0,85.7,6,0
60,1,87.9,6,0
60,16,90.2,6,0
60,17,86.1,6,0
60,32,85.7,6,0
60,33,84.3,6,0
60,48,78.9,6,0
60,49,86.3,6,0
60,64,86.0,6,0
60,65,88.7,6,0
60,80,79.7,6,0
60,81,82.9,6,0
60,2,278.6,6,4
60,3,284.4,6,4
60,18,284.9,6,4
60,19,285.2,6,4
60,34,278.3,6,4
60,35,285.8,6,4
60,50,284.3,6,4
60,51,287.5,6,4
60,66,289.9,6,4
60,67,295.0,6,4
60,82,287.8,6,4
60,83,292.7,6,4
60,96,286.4,6,4
60,97,286.7,6,4
60,110,292.9,6,4
60,111,286.7,6,4
60,124,287.1,6,4
60,125,291.3,6,4
60,4,293.5,6,1
60,5,291.1,6,1
60,20,293.8,6,1
60,21,288.2,6,1
60,36,289.8,6,1
60,37,290.7,6,1
60,52,287.1,6,1
60,53,290.1,6,1
60,68,294.8,6,1
60,69,290.4,6,1
60,84,284.4,6,1
60,85,290.0,6,1
60,98,293.7,6,1
60,99,286.8,6,1
60,112,285.9,6,1
60,113,283.7,6,1
60,126,294.7,6,1
60,127,286.2,6,1
60,6,289.1,6,2
60,7,294.1,6,2
60,22,295.8,6,2
60,23,293.5,6,2
60,38,282.6,6,2
60,39,286.7,6,2
60,54,284.9,6,2
60,55,285.3,6,2
60,70,285.7,6,2
60,71,288.1,6,2
60,86,291.8,6,2
60,87,282.9,6,2
60,100,284.4,6,2
60,101,287.8,6,2
60,114,287.3,6,2
60,115,294.6,6,2
60,128,291.3,6,2
60,129,288.7,6,2
60,138,286.8,6,2
60,139,286.3,6,2
60,8,286.1,6,3
60,9,294.2,6,3
60,24,292.8,6,3
60,25,294.1,6,3
60,40,289.6,6,3
60,41,286.6,6,3
60,56,286.2,6,3
60,57,282.4,6,3
60,72,282.4,6,3
60,73,283.4,6,3
60,88,286.4,6,3
60,89,282.1,6,3
60,102,284.1,6,3
60,103,288.1,6,3
60,116,286.4,6,3
60,117,286.5,6,3
60,130,286.8,6,3
60,131,289.8,6,3
60,140,283.1,6,3
60,141,288.5,6,3
60,10,86.9,6,5
60,11,93.0,6,5
60,26,82.0,6,5
60,27,91.8,6,5
60,42,92.9,6,5
60,43,102.9,6,5
60,58,94.4,6,5
60,59,95.4,6,5
60,74,100.3,6,5
60,75,93.6,6,5
60,90,95.2,6,5
60,91,88.7,6,5
60,104,96.3,6,5
60,105,87.9,6,5
60,118,92.8,6,5
60,119,96.0,6,5
60,132,79.3,6,5
60,133,89.1,6,5
60,142,90.5,6,5
60,143,87.2,6,5
60,12,92.0,6,6
60,13,91.9,6,6
60,28,96.5,6,6
60,29,84.7,6,6
60,44,87.2,6,6
60,45,68.7,6,6
60,60,0.0,6,6
60,61,75.7,6,6
60,76,70.7,6,6
60,77,75.4,6,6
60,92,68.0,6,6
60,93,73.0,6,6
60,106,74.5,6,6
60,107,72.4,6,6
60,120,66.8,6,6
60,121,76.1,6,6
60,134,78.8,6,6
60,135,81.2,6,6
60,144,79.8,6,6
60,145,88.7,6,6
60,14,82.2,6,7
60,15,89.8,6,7
60,30,85.9,6,7
60,31,84.1,6,7
60,46,83.7,6,7
60,47,88.4,6,7
60,62,78.2,6,7
60,63,87.3,6,7
60,78,85.1,6,7
60,79,89.5,6,7
60,94,80.6,6,7
60,95,83.5,6,7
60,108,81.6,6,7
60,109,80.6,6,7
60,122,89.2,6,7
60,123,72.9,6,7
60,136,79.6,6,7
60,137,88.9,6,7
60,146,83.2,6,7
60,147,82.7,6,7
61,150,96.2,6,9
61,151,90.4,6,9
61,148,91.0,6,8
61,149,87.7,6,8
61,0,95.6,6,0
61,1,91.4,6,0
61,16,90.9,6,0
61,17,86.2,6,0
61,32,82.1,6,0
61,33,87.0,6,0
61,48,84.5,6,0
61,49,84.8,6,0
61,64,85.0,6,0
61,65,87.2,6,0
61,80,87.2,6,0
61,81,86.5,6,0
61,2,284.1,6,4
61,3,288.5,6,4
61,18,289.7,6,4
61,19,289.6,6,4
61,34,283.2,6,4
61,35,291.1,6,4
61,50,289.7,6,4
61,51,292.8,6,4
61,66,295.0,6,4
61,67,299.6,6,4
61,82,292.6,6,4
61,83,297.4,6,4
61,96,291.1,6,4
61,97,291.3,6,4
61,110,297.5,6,4
61,111,291.8,6,4
61,124,292.3,6,4
61,125,295.9,6,4
61,4,298.0,6,1
61,5,295.9,6,1
61,20,298.8,6,1
61,21,293.9,6,1
61,36,294.8,6,1
61,37,295.6,6,1
61,52,291.2,6,1
61,53,294.8,6,1
61,68,299.4,6,1
61,69,294.6,6,1
61,84,289.2,6,1
61,85,295.4,6,1
61,98,299.1,6,1
61,99,292.1,6,1
61,112,291.0,6,1
61,113,289.0,6,1
61,126,299.4,6,1
61,127,290.9,6,1
61,6,293.9,6,2
61,7,298.6,6,2
61,22,300.6,6,2
61,23,298.2,6,2
61,38,288.4,6,2
61,39,291.5,6,2
61,54,290.1,6,2
61,55,290.1,6,2
61,70,290.1,6,2
61,71,292.2,6,2
61,86,295.9,6,2
61,87,286.8,6,2
61,100,289.5,6,2
61,101,291.6,6,2
61,114,290.3,6,2
61,115,298.9,6,2
61,128,295.7,6,2
61,129,292.6,6,2
61,138,292.4,6,2
61,139,290.7,6,2
61,8,289.8,6,3
61,9,298.4,6,3
61,24,297.7,6,3
61,25,298.6,6,3
61,40,294.1,6,3
61,41,292.0,6,3
61,56,291.5,6,3
61,57,289.3,6,3
61,72,288.8,6,3
61,73,289.7,6,3
61,88,291.5,6,3
61,89,287.0,6,3
61,102,289.3,6,3
61,103,291.5,6,3
61,116,291.6,6,3
61,117,291.1,6,3
61,130,291.0,6,3
61,131,295.0,6,3
61,140,288.9,6,3
61,141,293.3,6,3
61,10,88.3,6,5
61,11,93.1,6,5
61,26,86.8,6,5
61,27,94.5,6,5
61,42,92.8,6,5
61,43,103.9,6,5
61,58,98.6,6,5
61,59,92.4,6,5
61,74,104.3,6,5
61,75,97.3,6,5
61,90,95.3,6,5
61,91,94.5,6,5
61,104,90.0,6,5
61,105,92.3,6,5
61,118,94.3,6,5
61,119,93.3,6,5
61,132,81.3,6,5
61,133,87.2,6,5
61,142,85.5,6,5
61,143,88.1,6,5
61,12,84.4,6,6
61,13,74.1,6,6
61,28,78.1,6,6
61,29,80.0,6,6
61,44,89.2,6,6
61,45,69.5,6,6
61,60,75.7,6,6
61,61,0.0,6,6
61,76,71.0,6,6
61,77,74.8,6,6
61,92,68.5,6,6
61,93,68.6,6,6
61,106,67.4,6,6
61,107,74.0,6,6
61,120,68.3,6,6
61,121,69.7,6,6
61,134,66.2,6,6
61,135,78.1,6,6
61,144,82.9,6,6
61,145,94.9,6,6
61,14,91.0,6,7
61,15,78.9,6,7
61,30,86.0,6,7
61,31,90.6,6,7
61,46,74.6,6,7
61,47,81.0,6,7
61,62,81.5,6,7
61,63,88.0,6,7
61,78,91.9,6,7
61,79,89.1,6,7
61,94,77.1,6,7
61,95,84.5,6,7
61,108,87.5,6,7
61,109,88.5,6,7
61,122,83.4,6,7
61,123,81.6,6,7
61,136,77.1,6,7
61,137,93.9,6,7
61,146,93.1,6,7
61,147,90.0,6,7
76,150,89.1,6,9
76,151,87.2,6,9
76,148,84.5,6,8
76,149,82.8,6,8
76,0,88.0,6,0
76,1,89.1,6,0
76,16,85.2,6,0
76,17,91.4,6,0
76,32,81.0,6,0
76,33,83.4,6,0
76,48,83.8,6,0
76,49,84.9,6,0
76,64,75.8,6,0
76,65,89.3,6,0
76,80,79.3,6,0
76,81,88.1,6,0
76,2,281.0,6,4
76,3,287.0,6,4
76,18,288.4,6,4
76,19,287.8,6,4
76,34,281.4,6,4
76,35,289.3,6,4
76,50,288.7,6,4
76,51,291.2,6,4
76,66,293.3,6,4
76,67,298.4,6,4
76,82,291.5,6,4
76,83,296.3,6,4
76,96,290.4,6,4
76,97,290.6,6,4
76,110,296.0,6,4
76,111,290.3,6,4
76,124,290.9,6,4
76,125,295.0,6,4
76,4,296.7,6,1
76,5,294.6,6,1
76,20,296.8,6,1
76,21,292.2,6,1
76,36,293.1,6,1
76,37,293.1,6,1
76,52,288.6,6,1
76,53,292.7,6,1
76,68,296.7,6,1
76,69,293.2,6,1
76,84,286.8,6,1
76,85,293.4,6,1
76,98,296.9,6,1
76,99,290.1,6,1
76,112,288.7,6,1
76,113,287.4,6,1
76,126,297.9,6,1
76,127,289.3,6,1
76,6,292.8,6,2
76,7,297.7,6,2
76,22,299.7,6,2
76,23,296.7,6,2
76,38,287.2,6,2
76,39,290.4,6,2
76,54,289.3,6,2
76,55,288.9,6,2
76,70,289.2,6,2
76,71,290.5,6,2
76,86,295.1,6,2
76,87,286.0,6,2
76,100,288.7,6,2
76,101,291.3,6,2
76,114,290.6,6,2
76,115,297.9,6,2
76,128,295.0,6,2
76,129,291.3,6,2
76,138,291.0,6,2
76,139,289.1,6,2
76,8,288.9,6,3
76,9,296.8,6,3
76,24,296.0,6,3
76,25,296.9,6,3
76,40,292.7,6,3
76,41,289.6,6,3
76,56,289.5,6,3
76,57,285.8,6,3
76,72,285.4,6,3
76,73,285.9,6,3
76,88,289.1,6,3
76,89,284.3,6,3
76,102,286.3,6,3
76,103,291.0,6,3
76,116,289.0,6,3
76,117,289.2,6,3
76,130,289.8,6,3
76,131,293.4,6,3
76,140,286.6,6,3
76,141,291.1,6,3
76,10,87.3,6,5
76,11,89.5,6,5
76,26,79.2,6,5
76,27,91.4,6,5
76,42,82.4,6,5
76,43,104.5,6,5
76,58,96.2,6,5
76,59,92.7,6,5
76,74,102.4,6,5
76,75,91.2,6,5
76,90,94.2,6,5
76,91,93.4,6,5
76,104,90.1,6,5
76,105,76.3,6,5
76,118,86.0,6,5
76,119,92.3,6,5
76,132,71.8,6,5
76,133,88.0,6,5
76,142,85.3,6,5
76,143,85.7,6,5
76,12,82.2,6,6
76,13,73.9,6,6
76,28,79.4,6,6
76,29,75.5,6,6
76,44,82.5,6,6
76,45,72.4,6,6
76,60,70.7,6,6
76,61,71.0,6,6
76,76,0.0,6,6
76,77,73.7,6,6
76,92,71.3,6,6
76,93,71.3,6,6
76,106,75.2,6,6
76,107,81.1,6,6
76,120,75.6,6,6
76,121,71.6,6,6
76,134,74.3,6,6
76,135,78.7,6,6
76,144,80.1,6,6
76,145,88.4,6,6
76,14,92.9,6,7
76,15,91.9,6,7
76,30,84.8,6,7
76,31,86.7,6,7
76,46,81.9,6,7
76,47,85.7,6,7
76,62,84.6,6,7
76,63,93.4,6,7
76,78,88.3,6,7
76,79,92.7,6,7
76,94,81.6,6,7
76,95,84.4,6,7
76,108,83.2,6,7
76,109,86.0,6,7
76,122,91.0,6,7
76,123,82.2,6,7
76,136,69.0,6,7
76,137,87.1,6,7
76,146,87.2,6,7
76,147,83.4,6,7
77,150,89.9,6,9
77,151,90.4,6,9
77,148,88.4,6,8
77,149,89.4,6,8
77,0,90.6,6,0
77,1,83.8,6,0
77,16,76.9,6,0
77,17,89.3,6,0
77,32,81.6,6,0
77,33,86.8,6,0
77,48,86.2,6,0
77,49,84.4,6,0
77,64,87.4,6,0
77,65,88.2,6,0
77,80,83.1,6,0
77,81,91.6,6,0
77,2,281.7,6,4
77,3,287.7,6,4
77,18,287.6,6,4
77,19,287.7,6,4
77,34,280.7,6,4
77,35,288.9,6,4
77,50,288.5,6,4
77,51,291.1,6,4
77,66,294.1,6,4
77,67,298.8,6,4
77,82,290.5,6,4
77,83,296.3,6,4
77,96,289.5,6,4
77,97,289.6,6,4
77,110,295.9,6,4
77,111,290.7,6,4
77,124,290.0,6,4
77,125,294.2,6,4
77,4,295.8,6,1
77,5,294.2,6,1
77,20,297.2,6,1
77,21,292.2,6,1
77,36,292.9,6,1
77,37,292.5,6,1
77,52,287.6,6,1
77,53,293.1,6,1
77,68,297.4,6,1
77,69,293.6,6,1
77,84,287.5,6,1
77,85,292.1,6,1
77,98,297.3,6,1
77,99,290.4,6,1
77,112,288.8,6,1
77,113,286.3,6,1
77,126,298.0,6,1
77,127,288.6,6,1
77,6,292.8,6,2
77,7,297.5,6,2
77,22,299.5,6,2
77,23,296.6,6,2
77,38,286.6,6,2
77,39,290.1,6,2
77,54,290.0,6,2
77,55,289.8,6,2
77,70,290.7,6,2
77,71,292.3,6,2
77,86,295.9,6,2
77,87,285.5,6,2
77,100,289.2,6,2
77,101,291.5,6,2
77,114,289.7,6,2
77,115,298.2,6,2
77,128,295.1,6,2
77,129,290.7,6,2
77,138,290.3,6,2
77,139,289.3,6,2
77,8,287.8,6,3
77,9,298.0,6,3
77,24,296.5,6,3
77,25,297.6,6,3
77,40,292.6,6,3
77,41,290.0,6,3
77,56,289.3,6,3
77,57,286.0,6,3
77,72,286.8,6,3
77,73,284.8,6,3
77,88,289.3,6,3
77,89,285.6,6,3
77,102,286.3,6,3
77,103,291.8,6,3
77,116,288.7,6,3
77,117,290.0,6,3
77,130,290.8,6,3
77,131,293.0,6,3
77,140,287.9,6,3
77,141,292.5,6,3
77,10,88.4,6,5
77,11,89.8,6,5
77,26,90.0,6,5
77,27,87.6,6,5
77,42,92.6,6,5
77,43,103.2,6,5
77,58,95.6,6,5
77,59,85.4,6,5
77,74,102.3,6,5
77,75,92.1,6,5
77,90,95.1,6,5
77,91,85.9,6,5
77,104,90.7,6,5
77,105,85.9,6,5
77,118,92.3,6,5
77,119,94.9,6,5
77,132,83.6,6,5
77,133,86.2,6,5
77,142,89.6,6,5
77,143,89.3,6,5
77,12,89.4,6,6
77,13,89.2,6,6
77,28,94.3,6,6
77,29,82.4,6,6
77,44,83.8,6,6
77,45,75.3,6,6
77,60,75.4,6,6
77,61,74.8,6,6
77,76,73.7,6,6
77,77,0.0,6,6
77,92,67.0,6,6
77,93,71.4,6,6
77,106,79.0,6,6
77,107,85.2,6,6
77,120,79.0,6,6
77,121,65.3,6,6
77,134,77.0,6,6
77,135,83.2,6,6
77,144,85.3,6,6
77,145,93.0,6,6
77,14,96.2,6,7
77,15,89.5,6,7
77,30,86.7,6,7
77,31,87.4,6,7
77,46,90.1,6,7
77,47,96.0,6,7
77,62,87.9,6,7
77,63,95.6,6,7
77,78,88.8,6,7
77,79,97.9,6,7
77,94,80.4,6,7
77,95,82.3,6,7
77,108,79.5,6,7
77,109,83.8,6,7
77,122,95.2,6,7
77,123,76.4,6,7
77,136,79.9,6,7
77,137,86.1,6,7
77,146,81.4,6,7
77,147,85.9,6,7
92,150,85.9,6,9
92,151,84.6,6,9
92,148,83.4,6,8
92,149,82.6,6,8
92,0,80.5,6,0
92,1,88.7,6,0
92,16,89.7,6,0
92,17,82.0,6,0
92,32,75.6,6,0
92,33,82.8,6,0
92,48,83.8,6,0
92,49,78.6,6,0
92,64,81.3,6,0
92,65,86.4,6,0
92,80,83.0,6,0
92,81,83.8,6,0
92,2,283.1,6,4
92,3,289.2,6,4
92,18,289.7,6,4
92,19,289.9,6,4
92,34,283.2,6,4
92,35,290.6,6,4
92,50,289.7,6,4
92,51,291.9,6,4
92,66,294.3,6,4
92,67,299.0,6,4
92,82,291.2,6,4
92,83,297.0,6,4
92,96,291.1,6,4
92,97,291.7,6,4
92,110,296.8,6,4
92,111,291.8,6,4
92,124,292.1,6,4
92,125,295.3,6,4
92,4,297.7,6,1
92,5,295.6,6,1
92,20,298.5,6,1
92,21,293.7,6,1
92,36,294.7,6,1
92,37,294.4,6,1
92,52,291.4,6,1
92,53,294.3,6,1
92,68,299.1,6,1
92,69,294.6,6,1
92,84,288.7,6,1
92,85,294.9,6,1
92,98,298.7,6,1
92,99,291.6,6,1
92,112,291.0,6,1
92,113,287.6,6,1
92,126,299.0,6,1
92,127,290.0,6,1
92,6,294.2,6,2
92,7,298.3,6,2
92,22,300.4,6,2
92,23,298.1,6,2
92,38,288.4,6,2
92,39,292.0,6,2
92,54,290.8,6,2
92,55,290.7,6,2
92,70,291.8,6,2
92,71,293.2,6,2
92,86,296.4,6,2
92,87,288.0,6,2
92,100,289.8,6,2
92,101,292.7,6,2
92,114,291.7,6,2
92,115,299.1,6,2
92,128,296.2,6,2
92,129,292.7,6,2
92,138,292.4,6,2
92,139,290.8,6,2
92,8,290.6,6,3
92,9,298.5,6,3
92,24,297.2,6,3
92,25,298.6,6,3
92,40,292.7,6,3
92,41,291.3,6,3
92,56,291.3,6,3
92,57,289.0,6,3
92,72,288.3,6,3
92,73,289.5,6,3
92,88,291.6,6,3
92,89,287.4,6,3
92,102,288.9,6,3
92,103,292.5,6,3
92,116,291.1,6,3
92,117,291.3,6,3
92,130,291.9,6,3
92,131,294.1,6,3
92,140,289.0,6,3
92,141,293.2,6,3
92,10,79.0,6,5
92,11,88.2,6,5
92,26,87.7,6,5
92,27,89.1,6,5
92,42,88.9,6,5
92,43,100.2,6,5
92,58,92.9,6,5
92,59,82.6,6,5
92,74,95.8,6,5
92,75,87.2,6,5
92,90,88.7,6,5
92,91,89.6,6,5
92,104,90.3,6,5
92,105,87.4,6,5
92,118,88.8,6,5
92,119,88.9,6,5
92,132,81.2,6,5
92,133,79.3,6,5
92,142,84.9,6,5
92,143,81.0,6,5
92,12,84.6,6,6
92,13,84.6,6,6
92,28,86.3,6,6
92,29,79.6,6,6
92,44,84.5,6,6
92,45,72.5,6,6
92,60,68.0,6,6
92,61,68.5,6,6
92,76,71.3,6,6
92,77,67.0,6,6
92,92,0.0,6,6
92,93,65.7,6,6
92,106,72.7,6,6
92,107,75.0,6,6
92,120,70.6,6,6
92,121,65.4,6,6
92,134,70.0,6,6
92,135,78.3,6,6
92,144,73.5,6,6
92,145,93.7,6,6
92,14,91.1,6,7
92,15,87.2,6,7
92,30,83.8,6,7
92,31,82.4,6,7
92,46,76.2,6,7
92,47,92.2,6,7
92,62,76.4,6,7
92,63,91.1,6,7
92,78,91.7,6,7
92,79,92.7,6,7
92,94,81.2,6,7
92,95,83.2,6,7
92,108,82.9,6,7
92,109,85.0,6,7
92,122,90.4,6,7
92,123,70.7,6,7
92,136,78.7,6,7
92,137,84.3,6,7
92,146,79.6,6,7
92,147,84.0,6,7
93,150,90.6,6,9
93,151,82.5,6,9
93,148,84.1,6,8
93,149,86.5,6,8
93,0,96.2,6,0
93,1,85.7,6,0
93,16,89.9,6,0
93,17,83.7,6,0
93,32,75.3,6,0
93,33,82.4,6,0
93,48,77.6,6,0
93,49,78.9,6,0
93,64,72.8,6,0
93,65,84.2,6,0
93,80,83.8,6,0
93,81,87.5,6,0
93,2,288.5,6,4
93,3,293.0,6,4
93,18,293.9,6,4
93,19,294.7,6,4
93,34,287.4,6,4
93,35,294.5,6,4
93,50,293.9,6,4
93,51,296.1,6,4
93,66,298.7,6,4
93,67,303.3,6,4
93,82,296.7,6,4
93,83,300.2,6,4
93,96,293.5,6,4
93,97,295.6,6,4
93,110,300.6,6,4
93,111,295.4,6,4
93,124,295.5,6,4
93,125,299.6,6,4
93,4,300.5,6,1
93,5,299.1,6,1
93,20,302.0,6,1
93,21,297.6,6,1
93,36,298.4,6,1
93,37,298.9,6,1
93,52,294.5,6,1
93,53,298.3,6,1
93,68,303.6,6,1
93,69,298.6,6,1
93,84,294.0,6,1
93,85,298.2,6,1
93,98,302.2,6,1
93,99,294.6,6,1
93,112,294.1,6,1
93,113,293.4,6,1
93,126,302.7,6,1
93,127,295.2,6,1
93,6,297.6,6,2
93,7,301.9,6,2
93,22,303.8,6,2
93,23,302.1,6,2
93,38,292.9,6,2
93,39,294.5,6,2
93,54,294.9,6,2
93,55,294.5,6,2
93,70,296.2,6,2
93,71,296.4,6,2
93,86,299.3,6,2
93,87,292.6,6,2
93,100,293.2,6,2
93,101,294.8,6,2
93,114,295.2,6,2
93,115,302.9,6,2
93,128,299.9,6,2
93,129,297.7,6,2
93,138,296.8,6,2
93,139,295.7,6,2
93,8,294.6,6,3
93,9,302.6,6,3
93,24,300.9,6,3
93,25,302.1,6,3
93,40,298.7,6,3
93,41,296.3,6,3
93,56,295.1,6,3
93,57,294.3,6,3
93,72,292.9,6,3
93,73,294.1,6,3
93,88,295.3,6,3
93,89,291.7,6,3
93,102,292.5,6,3
93,103,296.7,6,3
93,116,294.5,6,3
93,117,296.0,6,3
93,130,296.2,6,3
93,131,298.4,6,3
93,140,293.4,6,3
93,141,296.6,6,3
93,10,74.8,6,5
93,11,89.7,6,5
93,26,87.2,6,5
93,27,94.6,6,5
93,42,93.2,6,5
93,43,104.8,6,5
93,58,94.9,6,5
93,59,93.0,6,5
93,74,113.4,6,5
93,75,91.2,6,5
93,90,92.7,6,5
93,91,86.1,6,5
93,104,91.1,6,5
93,105,88.5,6,5
93,118,89.9,6,5
93,119,93.0,6,5
93,132,84.4,6,5
93,133,82.4,6,5
93,142,83.5,6,5
93,143,83.3,6,5
93,12,78.8,6,6
93,13,84.8,6,6
93,28,88.1,6,6
93,29,83.1,6,6
93,44,86.0,6,6
93,45,75.1,6,6
93,60,73.0,6,6
93,61,68.6,6,6
93,76,71.3,6,6
93,77,71.4,6,6
93,92,65.7,6,6
93,93,0.0,6,6
93,106,65.1,6,6
93,107,69.5,6,6
93,120,72.1,6,6
93,121,58.1,6,6
93,134,70.0,6,6
93,135,83.2,6,6
93,144,85.1,6,6
93,145,104.1,6,6
93,14,93.5,6,7
93,15,90.6,6,7
93,30,86.0,6,7
93,31,88.0,6,7
93,46,79.6,6,7
93,47,91.4,6,7
93,62,83.7,6,7
93,63,93.0,6,7
93,78,87.9,6,7
93,79,92.5,6,7
93,94,75.9,6,7
93,95,78.3,6,7
93,108,78.5,6,7
93,109,76.1,6,7
93,122,87.0,6,7
93,123,69.7,6,7
93,136,74.3,6,7
93,137,76.7,6,7
93,146,84.0,6,7
93,147,82.8,6,7
106,150,85.6,6,9
106,151,81.2,6,9
106,148,83.5,6,8
106,149,87.0,6,8
106,0,94.4,6,0
106,1,92.0,6,0
106,16,90.7,6,0
106,17,85.2,6,0
106,32,81.5,6,0
106,33,84.9,6,0
106,48,84.7,6,0
106,49,79.5,6,0
106,64,86.5,6,0
106,65,92.4,6,0
106,80,92.2,6,0
106,81,91.1,6,0
106,2,284.4,6,4
106,3,288.3,6,4
106,18,289.9,6,4
106,19,290.7,6,4
106,34,283.8,6,4
106,35,291.3,6,4
106,50,290.1,6,4
106,51,293.8,6,4
106,66,295.4,6,4
106,67,300.1,6,4
106,82,293.4,6,4
106,83,297.2,6,4
106,96,291.1,6,4
106,97,292.7,6,4
106,110,298.4,6,4
106,111,291.4,6,4
106,124,292.3,6,4
106,125,295.9,6,4
106,4,298.4,6,1
106,5,296.0,6,1
106,20,298.7,6,1
106,21,293.6,6,1
106,36,295.3,6,1
106,37,296.2,6,1
106,52,291.9,6,1
106,53,294.9,6,1
106,68,299.8,6,1
106,69,295.6,6,1
106,84,289.5,6,1
106,85,295.5,6,1
106,98,299.0,6,1
106,99,292.0,6,1
106,112,291.6,6,1
106,113,289.7,6,1
106,126,299.5,6,1
106,127,291.8,6,1
106,6,294.2,6,2
106,7,298.8,6,2
106,22,300.9,6,2
106,23,298.6,6,2
106,38,288.8,6,2
106,39,290.4,6,2
106,54,290.0,6,2
106,55,290.3,6,2
106,70,292.2,6,2
106,71,292.1,6,2
106,86,295.9,6,2
106,87,288.6,6,2
106,100,288.0,6,2
106,101,291.7,6,2
106,114,291.4,6,2
106,115,299.3,6,2
106,128,295.9,6,2
106,129,294.4,6,2
106,138,293.1,6,2
106,139,290.5,6,2
106,8,291.0,6,3
106,9,298.5,6,3
106,24,298.0,6,3
106,25,298.9,6,3
106,40,295.0,6,3
106,41,292.2,6,3
106,56,291.8,6,3
106,57,289.4,6,3
106,72,287.9,6,3
106,73,289.4,6,3
106,88,291.3,6,3
106,89,286.2,6,3
106,102,289.7,6,3
106,103,293.9,6,3
106,116,290.3,6,3
106,117,291.9,6,3
106,130,292.0,6,3
106,131,295.4,6,3
106,140,288.8,6,3
106,141,293.0,6,3
106,10,92.1,6,5
106,11,98.4,6,5
106,26,93.3,6,5
106,27,99.6,6,5
106,42,91.8,6,5
106,43,106.1,6,5
106,58,90.1,6,5
106,59,96.0,6,5
106,74,109.0,6,5
106,75,86.0,6,5
106,90,83.0,6,5
106,91,94.5,6,5
106,104,95.9,6,5
106,105,86.6,6,5
106,118,91.1,6,5
106,119,91.5,6,5
106,132,86.5,6,5
106,133,89.5,6,5
106,142,80.7,6,5
106,143,83.8,6,5
106,12,85.3,6,6
106,13,88.1,6,6
106,28,89.1,6,6
106,29,88.0,6,6
106,44,85.3,6,6
106,45,59.7,6,6
106,60,74.5,6,6
106,61,67.4,6,6
106,76,75.2,6,6
106,77,79.0,6,6
106,92,72.7,6,6
106,93,65.1,6,6
106,106,0.0,6,6
106,107,62.3,6,6
106,120,76.7,6,6
106,121,71.5,6,6
106,134,68.4,6,6
106,135,75.5,6,6
106,144,78.8,6,6
106,145,97.5,6,6
106,14,84.6,6,7
106,15,93.7,6,7
106,30,87.3,6,7
106,31,90.6,6,7
106,46,73.5,6,7
106,47,81.9,6,7
106,62,77.6,6,7
106,63,91.7,6,7
106,78,84.7,6,7
106,79,88.6,6,7
106,94,76.5,6,7
106,95,86.6,6,7
106,108,87.3,6,7
106,109,89.6,6,7
106,122,89.0,6,7
106,123,74.7,6,7
106,136,73.1,6,7
106,137,85.2,6,7
106,146,87.7,6,7
106,147,92.5,6,7
107,150,88.4,6,9
107,151,75.2,6,9
107,148,82.6,6,8
107,149,85.1,6,8
107,0,87.6,6,0
107,1,90.1,6,0
107,16,95.6,6,0
107,17,82.4,6,0
107,32,83.6,6,0
107,33,88.3,6,0
107,48,83.4,6,0
107,49,81.4,6,0
107,64,83.6,6,0
107,65,84.4,6,0
107,80,91.9,6,0
107,81,84.1,6,0
107,2,282.7,6,4
107,3,287.4,6,4
107,18,289.3,6,4
107,19,289.6,6,4
107,34,282.5,6,4
107,35,289.5,6,4
107,50,288.5,6,4
107,51,291.4,6,4
107,66,293.7,6,4
107,67,298.5,6,4
107,82,291.4,6,4
107,83,295.7,6,4
107,96,288.9,6,4
107,97,290.8,6,4
107,110,296.4,6,4
107,111,289.3,6,4
107,124,290.0,6,4
107,125,293.8,6,4
107,4,296.8,6,1
107,5,294.5,6,1
107,20,297.0,6,1
107,21,290.0,6,1
107,36,293.5,6,1
107,37,294.2,6,1
107,52,290.6,6,1
107,53,293.1,6,1
107,68,298.0,6,1
107,69,294.1,6,1
107,84,288.4,6,1
107,85,294.2,6,1
107,98,297.1,6,1
107,99,289.7,6,1
107,112,290.1,6,1
107,113,288.0,6,1
107,126,298.0,6,1
107,127,290.3,6,1
107,6,292.6,6,2
107,7,297.1,6,2
107,22,298.7,6,2
107,23,297.0,6,2
107,38,287.0,6,2
107,39,289.6,6,2
107,54,288.6,6,2
107,55,288.8,6,2
107,70,291.2,6,2
107,71,290.7,6,2
107,86,294.9,6,2
107,87,287.7,6,2
107,100,285.9,6,2
107,101,290.3,6,2
107,114,290.3,6,2
107,115,297.8,6,2
107,128,294.5,6,2
107,129,293.2,6,2
107,138,291.7,6,2
107,139,289.8,6,2
107,8,290.0,6,3
107,9,297.0,6,3
107,24,296.0,6,3
107,25,297.5,6,3
107,40,293.3,6,3
107,41,290.8,6,3
107,56,290.5,6,3
107,57,288.8,6,3
107,72,285.9,6,3
107,73,289.5,6,3
107,88,290.5,6,3
107,89,284.1,6,3
107,102,288.4,6,3
107,103,292.9,6,3
107,116,289.4,6,3
107,117,290.9,6,3
107,130,290.2,6,3
107,131,292.7,6,3
107,140,286.7,6,3
107,141,291.8,6,3
107,10,90.3,6,5
107,11,93.6,6,5
107,26,88.3,6,5
107,27,98.0,6,5
107,42,95.0,6,5
107,43,102.7,6,5
107,58,90.3,6,5
107,59,98.5,6,5
107,74,107.1,6,5
107,75,91.2,6,5
107,90,84.2,6,5
107,91,94.1,6,5
107,104,93.7,6,5
107,105,92.8,6,5
107,118,93.8,6,5
107,119,91.6,6,5
107,132,90.3,6,5
107,133,87.3,6,5
107,142,83.2,6,5
107,143,84.9,6,5
107,12,84.5,6,6
107,13,91.5,6,6
107,28,94.8,6,6
107,29,87.9,6,6
107,44,89.9,6,6
107,45,77.0,6,6
107,60,72.4,6,6
107,61,74.0,6,6
107,76,81.1,6,6
107,77,85.2,6,6
107,92,75.0,6,6
107,93,69.5,6,6
107,106,62.3,6,6
107,107,0.0,6,6
107,120,73.9,6,6
107,121,71.3,6,6
107,134,67.1,6,6
107,135,76.9,6,6
107,144,80.0,6,6
107,145,98.4,6,6
107,14,82.5,6,7
107,15,94.2,6,7
107,30,88.4,6,7
107,31,88.4,6,7
107,46,75.4,6,7
107,47,74.3,6,7
107,62,79.4,6,7
107,63,91.0,6,7
107,78,91.6,6,7
107,79,91.9,6,7
107,94,83.0,6,7
107,95,82.0,6,7
107,108,82.8,6,7
107,109,83.5,6,7
107,122,86.8,6,7
107,123,80.8,6,7
107,136,77.3,6,7
107,137,80.4,6,7
107,146,84.8,6,7
107,147,83.7,6,7
120,150,74.2,6,9
120,151,86.7,6,9
120,148,83.6,6,8
120,149,81.4,6,8
120,0,86.2,6,0
120,1,86.2,6,0
120,16,87.8,6,0
120,17,77.7,6,0
120,32,78.8,6,0
120,33,83.2,6,0
120,48,84.2,6,0
120,49,82.3,6,0
120,64,80.9,6,0
120,65,84.7,6,0
120,80,84.6,6,0
120,81,86.7,6,0
120,2,279.3,6,4
120,3,285.2,6,4
120,18,285.7,6,4
120,19,286.0,6,4
120,34,278.7,6,4
120,35,285.8,6,4
120,50,285.1,6,4
120,51,288.0,6,4
120,66,289.6,6,4
120,67,295.5,6,4
120,82,288.7,6,4
120,83,292.5,6,4
120,96,286.3,6,4
120,97,285.8,6,4
120,110,293.2,6,4
120,111,287.5,6,4
120,124,287.5,6,4
120,125,291.3,6,4
120,4,293.8,6,1
120,5,291.3,6,1
120,20,293.9,6,1
120,21,289.1,6,1
120,36,289.8,6,1
120,37,290.9,6,1
120,52,286.3,6,1
120,53,290.1,6,1
120,68,295.1,6,1
120,69,290.5,6,1
120,84,285.1,6,1
120,85,290.8,6,1
120,98,294.5,6,1
120,99,285.8,6,1
120,112,285.8,6,1
120,113,283.7,6,1
120,126,295.0,6,1
120,127,286.4,6,1
120,6,288.8,6,2
120,7,294.3,6,2
120,22,296.5,6,2
120,23,294.2,6,2
120,38,283.4,6,2
120,39,286.6,6,2
120,54,286.0,6,2
120,55,285.8,6,2
120,70,286.9,6,2
120,71,287.7,6,2
120,86,291.8,6,2
120,87,282.9,6,2
120,100,284.9,6,2
120,101,287.2,6,2
120,114,286.4,6,2
120,115,295.2,6,2
120,128,292.0,6,2
120,129,289.0,6,2
120,138,287.7,6,2
120,139,286.9,6,2
120,8,285.5,6,3
120,9,293.7,6,3
120,24,292.9,6,3
120,25,294.3,6,3
120,40,290.3,6,3
120,41,287.2,6,3
120,56,286.9,6,3
120,57,282.3,6,3
120,72,283.7,6,3
120,73,283.3,6,3
120,88,287.1,6,3
120,89,282.6,6,3
120,102,284.3,6,3
120,103,288.6,6,3
120,116,286.1,6,3
120,117,287.3,6,3
120,130,287.8,6,3
120,131,289.9,6,3
120,140,283.9,6,3
120,141,288.7,6,3
120,10,83.0,6,5
120,11,89.1,6,5
120,26,77.2,6,5
120,27,80.7,6,5
120,42,89.5,6,5
120,43,94.1,6,5
120,58,90.2,6,5
120,59,87.5,6,5
120,74,105.7,6,5
120,75,88.8,6,5
120,90,91.6,6,5
120,91,88.4,6,5
120,104,91.9,6,5
120,105,87.9,6,5
120,118,93.9,6,5
120,119,94.9,6,5
120,132,86.9,6,5
120,133,86.8,6,5
120,142,86.8,6,5
120,143,89.6,6,5
120,12,84.6,6,6
120,13,81.2,6,6
120,28,83.8,6,6
120,29,74.7,6,6
120,44,87.2,6,6
120,45,76.7,6,6
120,60,66.8,6,6
120,61,68.3,6,6
120,76,75.6,6,6
120,77,79.0,6,6
120,92,70.6,6,6
120,93,72.1,6,6
120,106,76.7,6,6
120,107,73.9,6,6
120,120,0.0,6,6
120,121,69.5,6,6
120,134,75.2,6,6
120,135,80.5,6,6
120,144,76.8,6,6
120,145,92.2,6,6
120,14,83.2,6,7
120,15,74.1,6,7
120,30,83.7,6,7
120,31,83.1,6,7
120,46,72.4,6,7
120,47,87.9,6,7
120,62,81.3,6,7
120,63,86.4,6,7
120,78,84.0,6,7
120,79,92.0,6,7
120,94,83.8,6,7
120,95,81.5,6,7
120,108,73.1,6,7
120,109,71.2,6,7
120,122,86.0,6,7
120,123,75.2,6,7
120,136,76.8,6,7
120,137,77.3,6,7
120,146,79.5,6,7
120,147,78.2,6,7
121,150,84.8,6,9
121,151,84.2,6,9
121,148,80.4,6,8
121,149,81.3,6,8
121,0,89.8,6,0
121,1,87.8,6,0
121,16,86.5,6,0
121,17,78.8,6,0
121,32,66.5,6,0
121,33,80.8,6,0
121,48,73.4,6,0
121,49,71.0,6,0
121,64,72.0,6,0
121,65,79.2,6,0
121,80,84.4,6,0
121,81,87.3,6,0
121,2,291.4,6,4
121,3,297.1,6,4
121,18,297.0,6,4
121,19,297.2,6,4
121,34,290.9,6,4
121,35,297.5,6,4
121,50,296.9,6,4
121,51,299.7,6,4
121,66,301.5,6,4
121,67,305.5,6,4
121,82,298.7,6,4
121,83,302.9,6,4
121,96,296.9,6,4
121,97,297.8,6,4
121,110,303.7,6,4
121,111,298.7,6,4
121,124,297.9,6,4
121,125,301.7,6,4
121,4,304.1,6,1
121,5,301.2,6,1
121,20,304.3,6,1
121,21,300.5,6,1
121,36,301.0,6,1
121,37,301.6,6,1
121,52,297.2,6,1
121,53,300.7,6,1
121,68,305.3,6,1
121,69,301.2,6,1
121,84,296.6,6,1
121,85,300.7,6,1
121,98,304.3,6,1
121,99,297.8,6,1
121,112,297.6,6,1
121,113,295.8,6,1
121,126,304.9,6,1
121,127,298.0,6,1
121,6,300.7,6,2
121,7,304.3,6,2
121,22,306.5,6,2
121,23,304.4,6,2
121,38,295.7,6,2
121,39,298.1,6,2
121,54,298.7,6,2
121,55,297.9,6,2
121,70,299.5,6,2
121,71,300.4,6,2
121,86,302.6,6,2
121,87,296.2,6,2
121,100,296.5,6,2
121,101,298.8,6,2
121,114,298.7,6,2
121,115,305.5,6,2
121,128,303.3,6,2
121,129,300.6,6,2
121,138,299.0,6,2
121,139,298.4,6,2
121,8,297.4,6,3
121,9,305.0,6,3
121,24,303.1,6,3
121,25,305.0,6,3
121,40,301.1,6,3
121,41,298.4,6,3
121,56,297.1,6,3
121,57,296.5,6,3
121,72,295.7,6,3
121,73,296.5,6,3
121,88,297.4,6,3
121,89,295.3,6,3
121,102,294.5,6,3
121,103,299.8,6,3
121,116,297.1,6,3
121,117,298.8,6,3
121,130,299.4,6,3
121,131,301.2,6,3
121,140,297.1,6,3
121,141,300.2,6,3
121,10,82.7,6,5
121,11,86.9,6,5
121,26,84.7,6,5
121,27,91.1,6,5
121,42,86.4,6,5
121,43,94.9,6,5
121,58,85.2,6,5
121,59,88.1,6,5
121,74,106.8,6,5
121,75,85.4,6,5
121,90,89.4,6,5
121,91,81.4,6,5
121,104,82.3,6,5
121,105,90.2,6,5
121,118,90.3,6,5
121,119,92.6,6,5
121,132,81.7,6,5
121,133,79.9,6,5
121,142,83.3,6,5
121,143,82.1,6,5
121,12,75.5,6,6
121,13,81.2,6,6
121,28,80.4,6,6
121,29,76.0,6,6
121,44,81.9,6,6
121,45,78.1,6,6
121,60,76.1,6,6
121,61,69.7,6,6
121,76,71.6,6,6
121,77,65.3,6,6
121,92,65.4,6,6
121,93,58.1,6,6
121,106,71.5,6,6
121,107,71.3,6,6
121,120,69.5,6,6
121,121,0.0,6,6
121,134,62.3,6,6
121,135,82.2,6,6
121,144,77.9,6,6
121,145,100.0,6,6
121,14,92.0,6,7
121,15,84.9,6,7
121,30,85.0,6,7
121,31,78.5,6,7
121,46,74.4,6,7
121,47,87.3,6,7
121,62,75.5,6,7
121,63,85.4,6,7
121,78,84.7,6,7
121,79,88.6,6,7
121,94,73.4,6,7
121,95,70.3,6,7
121,108,73.2,6,7
121,109,79.4,6,7
121,122,87.1,6,7
121,123,72.0,6,7
121,136,72.0,6,7
121,137,73.4,6,7
121,146,81.2,6,7
121,147,79.2,6,7
134,150,88.0,6,9
134,151,81.8,6,9
134,148,79.9,6,8
134,149,83.3,6,8
134,0,87.7,6,0
134,1,87.9,6,0
134,16,89.9,6,0
134,17,83.8,6,0
134,32,72.3,6,0
134,33,85.3,6,0
134,48,73.5,6,0
134,49,74.5,6,0
134,64,76.3,6,0
134,65,83.5,6,0
134,80,88.7,6,0
134,81,88.1,6,0
134,2,287.3,6,4
134,3,292.8,6,4
134,18,294.1,6,4
134,19,293.9,6,4
134,34,286.6,6,4
134,35,294.6,6,4
134,50,293.7,6,4
134,51,296.0,6,4
134,66,298.3,6,4
134,67,302.9,6,4
134,82,295.3,6,4
134,83,300.8,6,4
134,96,294.4,6,4
134,97,295.3,6,4
134,110,300.4,6,4
134,111,295.4,6,4
134,124,295.5,6,4
134,125,298.3,6,4
134,4,301.3,6,1
134,5,299.0,6,1
134,20,301.3,6,1
134,21,296.8,6,1
134,36,297.5,6,1
134,37,298.6,6,1
134,52,294.4,6,1
134,53,297.5,6,1
134,68,300.6,6,1
134,69,297.8,6,1
134,84,292.3,6,1
134,85,298.0,6,1
134,98,300.7,6,1
134,99,294.8,6,1
134,112,293.6,6,1
134,113,291.8,6,1
134,126,302.0,6,1
134,127,294.7,6,1
134,6,297.8,6,2
134,7,301.8,6,2
134,22,303.5,6,2
134,23,302.0,6,2
134,38,292.5,6,2
134,39,295.1,6,2
134,54,294.6,6,2
134,55,293.7,6,2
134,70,295.6,6,2
134,71,296.8,6,2
134,86,299.8,6,2
134,87,292.6,6,2
134,100,293.0,6,2
134,101,295.7,6,2
134,114,295.9,6,2
134,115,302.4,6,2
134,128,299.9,6,2
134,129,297.1,6,2
134,138,295.6,6,2
134,139,294.7,6,2
134,8,294.1,6,3
134,9,301.7,6,3
134,24,300.7,6,3
134,25,302.4,6,3
134,40,297.9,6,3
134,41,294.2,6,3
134,56,294.8,6,3
134,57,292.7,6,3
134,72,291.7,6,3
134,73,294.0,6,3
134,88,295.1,6,3
134,89,289.9,6,3
134,102,292.5,6,3
134,103,296.7,6,3
134,116,294.4,6,3
134,117,295.0,6,3
134,130,296.1,6,3
134,131,296.6,6,3
134,140,292.7,6,3
134,141,297.1,6,3
134,10,86.5,6,5
134,11,88.5,6,5
134,26,85.8,6,5
134,27,92.9,6,5
134,42,84.9,6,5
134,43,93.5,6,5
134,58,83.6,6,5
134,59,84.9,6,5
134,74,96.0,6,5
134,75,82.0,6,5
134,90,85.1,6,5
134,91,83.2,6,5
134,104,74.4,6,5
134,105,88.4,6,5
134,118,90.4,6,5
134,119,88.8,6,5
134,132,81.7,6,5
134,133,74.6,6,5
134,142,79.0,6,5
134,143,78.6,6,5
134,12,68.6,6,6
134,13,79.4,6,6
134,28,79.2,6,6
134,29,76.4,6,6
134,44,80.0,6,6
134,45,77.5,6,6
134,60,78.8,6,6
134,61,66.2,6,6
134,76,74.3,6,6
134,77,77.0,6,6
134,92,70.0,6,6
134,93,70.0,6,6
134,106,68.4,6,6
134,107,67.1,6,6
134,120,75.2,6,6
134,121,62.3,6,6
134,134,0.0,6,6
134,135,77.7,6,6
134,144,78.1,6,6
134,145,95.5,6,6
134,14,87.2,6,7
134,15,91.8,6,7
134,30,83.5,6,7
134,31,83.8,6,7
134,46,68.9,6,7
134,47,80.1,6,7
134,62,81.1,6,7
134,63,83.4,6,7
134,78,86.9,6,7
134,79,82.6,6,7
134,94,77.4,6,7
134,95,69.1,6,7
134,108,82.0,6,7
134,109,87.4,6,7
134,122,86.1,6,7
134,123,80.5,6,7
134,136,73.8,6,7
134,137,79.1,6,7
134,146,80.8,6,7
134,147,81.2,6,7
135,150,83.1,6,9
135,151,80.8,6,9
135,148,85.0,6,8
135,149,87.5,6,8
135,0,86.4,6,0
135,1,90.9,6,0
135,16,94.0,6,0
135,17,94.5,6,0
135,32,83.7,6,0
135,33,94.3,6,0
135,48,92.2,6,0
135,49,86.0,6,0
135,64,89.2,6,0
135,65,85.0,6,0
135,80,86.2,6,0
135,81,91.2,6,0
135,2,276.2,6,4
135,3,281.3,6,4
135,18,285.0,6,4
135,19,285.2,6,4
135,34,277.0,6,4
135,35,285.7,6,4
135,50,285.7,6,4
135,51,287.6,6,4
135,66,289.6,6,4
135,67,295.6,6,4
135,82,288.4,6,4
135,83,291.8,6,4
135,96,286.0,6,4
135,97,288.0,6,4
135,110,291.9,6,4
135,111,286.5,6,4
135,124,287.6,6,4
135,125,290.7,6,4
135,4,292.8,6,1
135,5,291.4,6,1
135,20,292.8,6,1
135,21,288.8,6,1
135,36,289.7,6,1
135,37,289.6,6,1
135,52,286.7,6,1
135,53,289.5,6,1
135,68,294.4,6,1
135,69,290.3,6,1
135,84,284.0,6,1
135,85,290.1,6,1
135,98,294.9,6,1
135,99,287.1,6,1
135,112,286.2,6,1
135,113,283.6,6,1
135,126,294.6,6,1
135,127,285.6,6,1
135,6,290.2,6,2
135,7,293.9,6,2
135,22,296.4,6,2
135,23,294.2,6,2
135,38,283.7,6,2
135,39,286.8,6,2
135,54,287.0,6,2
135,55,285.0,6,2
135,70,287.0,6,2
135,71,287.9,6,2
135,86,291.5,6,2
135,87,283.4,6,2
135,100,284.9,6,2
135,101,287.6,6,2
135,114,285.9,6,2
135,115,294.6,6,2
135,128,291.4,6,2
135,129,289.3,6,2
135,138,288.3,6,2
135,139,284.6,6,2
135,8,285.5,6,3
135,9,292.9,6,3
135,24,293.1,6,3
135,25,293.4,6,3
135,40,289.4,6,3
135,41,284.8,6,3
135,56,284.3,6,3
135,57,281.0,6,3
135,72,280.9,6,3
135,73,281.5,6,3
135,88,285.4,6,3
135,89,278.3,6,3
135,102,282.7,6,3
135,103,287.3,6,3
135,116,284.8,6,3
135,117,285.4,6,3
135,130,285.9,6,3
135,131,288.0,6,3
135,140,281.9,6,3
135,141,287.6,6,3
135,10,97.7,6,5
135,11,99.9,6,5
135,26,93.3,6,5
135,27,96.0,6,5
135,42,97.2,6,5
135,43,101.0,6,5
135,58,97.3,6,5
135,59,88.0,6,5
135,74,106.6,6,5
135,75,93.1,6,5
135,90,92.7,6,5
135,91,96.4,6,5
135,104,97.2,6,5
135,105,96.2,6,5
135,118,95.5,6,5
135,119,93.8,6,5
135,132,86.7,6,5
135,133,91.3,6,5
135,142,86.5,6,5
135,143,89.8,6,5
135,12,90.5,6,6
135,13,94.0,6,6
135,28,97.9,6,6
135,29,90.0,6,6
135,44,98.8,6,6
135,45,85.4,6,6
135,60,81.2,6,6
135,61,78.1,6,6
135,76,78.7,6,6
135,77,83.2,6,6
135,92,78.3,6,6
135,93,83.2,6,6
135,106,75.5,6,6
135,107,76.9,6,6
135,120,80.5,6,6
135,121,82.2,6,6
135,134,77.7,6,6
135,135,0.0,6,6
135,144,58.5,6,6
135,145,68.4,6,6
135,14,63.5,6,7
135,15,72.4,6,7
135,30,65.5,6,7
135,31,70.2,6,7
135,46,60.8,6,7
135,47,73.4,6,7
135,62,74.6,6,7
135,63,88.2,6,7
135,78,87.5,6,7
135,79,82.6,6,7
135,94,76.8,6,7
135,95,92.8,6,7
135,108,88.3,6,7
135,109,92.1,6,7
135,122,94.7,6,7
135,123,77.4,6,7
135,136,77.9,6,7
135,137,86.8,6,7
135,146,87.7,6,7
135,147,87.3,6,7
144,150,79.9,6,9
144,151,84.6,6,9
144,148,75.7,6,8
144,149,84.5,6,8
144,0,88.2,6,0
144,1,95.6,6,0
144,16,93.8,6,0
144,17,88.3,6,0
144,32,81.6,6,0
144,33,83.7,6,0
144,48,91.3,6,0
144,49,79.9,6,0
144,64,90.4,6,0
144,65,83.1,6,0
144,80,86.9,6,0
144,81,90.6,6,0
144,2,280.2,6,4
144,3,286.1,6,4
144,18,288.4,6,4
144,19,288.8,6,4
144,34,281.2,6,4
144,35,289.1,6,4
144,50,288.9,6,4
144,51,291.5,6,4
144,66,292.3,6,4
144,67,298.2,6,4
144,82,291.9,6,4
144,83,294.7,6,4
144,96,289.5,6,4
144,97,290.8,6,4
144,110,295.8,6,4
144,111,289.6,6,4
144,124,290.7,6,4
144,125,293.2,6,4
144,4,296.6,6,1
144,5,294.2,6,1
144,20,295.9,6,1
144,21,292.3,6,1
144,36,293.4,6,1
144,37,293.2,6,1
144,52,290.2,6,1
144,53,292.4,6,1
144,68,296.5,6,1
144,69,293.1,6,1
144,84,287.3,6,1
144,85,293.0,6,1
144,98,296.9,6,1
144,99,289.6,6,1
144,112,290.0,6,1
144,113,286.8,6,1
144,126,297.0,6,1
144,127,289.4,6,1
144,6,292.9,6,2
144,7,296.6,6,2
144,22,298.7,6,2
144,23,296.8,6,2
144,38,287.1,6,2
144,39,289.8,6,2
144,54,290.2,6,2
144,55,288.9,6,2
144,70,290.9,6,2
144,71,291.5,6,2
144,86,294.0,6,2
144,87,287.7,6,2
144,100,287.9,6,2
144,101,290.9,6,2
144,114,290.9,6,2
144,115,297.3,6,2
144,128,294.9,6,2
144,129,292.4,6,2
144,138,290.9,6,2
144,139,288.5,6,2
144,8,289.0,6,3
144,9,295.2,6,3
144,24,295.5,6,3
144,25,296.5,6,3
144,40,292.4,6,3
144,41,287.8,6,3
144,56,287.6,6,3
144,57,285.0,6,3
144,72,284.8,6,3
144,73,285.1,6,3
144,88,288.8,6,3
144,89,284.4,6,3
144,102,286.3,6,3
144,103,290.7,6,3
144,116,288.4,6,3
144,117,289.5,6,3
144,130,289.9,6,3
144,131,292.3,6,3
144,140,286.8,6,3
144,141,291.3,6,3
144,10,93.5,6,5
144,11,100.4,6,5
144,26,93.2,6,5
144,27,94.5,6,5
144,42,87.8,6,5
144,43,94.0,6,5
144,58,86.2,6,5
144,59,91.9,6,5
144,74,106.1,6,5
144,75,81.9,6,5
144,90,84.4,6,5
144,91,89.9,6,5
144,104,91.7,6,5
144,105,91.9,6,5
144,118,91.0,6,5
144,119,91.3,6,5
144,132,83.9,6,5
144,133,86.4,6,5
144,142,82.5,6,5
144,143,81.4,6,5
144,12,85.8,6,6
144,13,87.7,6,6
144,28,91.0,6,6
144,29,83.2,6,6
144,44,94.7,6,6
144,45,83.3,6,6
144,60,79.8,6,6
144,61,82.9,6,6
144,76,80.1,6,6
144,77,85.3,6,6
144,92,73.5,6,6
144,93,85.1,6,6
144,106,78.8,6,6
144,107,80.0,6,6
144,120,76.8,6,6
144,121,77.9,6,6
144,134,78.1,6,6
144,135,58.5,6,6
144,144,0.0,6,6
144,145,75.3,6,6
144,14,72.4,6,7
144,15,70.7,6,7
144,30,66.7,6,7
144,31,67.8,6,7
144,46,61.5,6,7
144,47,80.1,6,7
144,62,67.3,6,7
144,63,86.6,6,7
144,78,82.7,6,7
144,79,85.8,6,7
144,94,77.6,6,7
144,95,91.8,6,7
144,108,84.3,6,7
144,109,91.9,6,7
144,122,95.0,6,7
144,123,78.2,6,7
144,136,76.1,6,7
144,137,81.5,6,7
144,146,77.1,6,7
144,147,79.9,6,7
145,150,100.4,6,9
145,151,107.2,6,9
145,148,95.3,6,8
145,149,92.2,6,8
145,0,83.7,6,0
145,1,88.2,6,0
145,16,94.5,6,0
145,17,106.9,6,0
145,32,99.8,6,0
145,33,99.5,6,0
145,48,102.5,6,0
145,49,102.2,6,0
145,64,95.8,6,0
145,65,102.4,6,0
145,80,92.9,6,0
145,81,98.8,6,0
145,2,270.8,6,4
145,3,278.9,6,4
145,18,281.4,6,4
145,19,279.8,6,4
145,34,271.1,6,4
145,35,279.9,6,4
145,50,279.4,6,4
145,51,280.3,6,4
145,66,283.8,6,4
145,67,291.3,6,4
145,82,282.8,6,4
145,83,287.0,6,4
145,96,281.0,6,4
145,97,281.5,6,4
145,110,287.6,6,4
145,111,279.3,6,4
145,124,282.2,6,4
145,125,285.9,6,4
145,4,288.8,6,1
145,5,287.1,6,1
145,20,289.1,6,1
145,21,282.6,6,1
145,36,283.6,6,1
145,37,285.1,6,1
145,52,282.6,6,1
145,53,285.2,6,1
145,68,289.3,6,1
145,69,285.3,6,1
145,84,276.9,6,1
145,85,285.9,6,1
145,98,290.8,6,1
145,99,281.7,6,1
145,112,279.0,6,1
145,113,277.7,6,1
145,126,290.2,6,1
145,127,279.8,6,1
145,6,284.1,6,2
145,7,289.6,6,2
145,22,292.8,6,2
145,23,289.9,6,2
145,38,277.8,6,2
145,39,281.7,6,2
145,54,281.2,6,2
145,55,279.7,6,2
145,70,279.9,6,2
145,71,283.1,6,2
145,86,287.8,6,2
145,87,275.8,6,2
145,100,280.0,6,2
145,101,283.8,6,2
145,114,281.6,6,2
145,115,290.9,6,2
145,128,287.0,6,2
145,129,281.7,6,2
145,138,281.2,6,2
145,139,278.0,6,2
145,8,279.1,6,3
145,9,289.4,6,3
145,24,288.8,6,3
145,25,290.1,6,3
145,40,284.5,6,3
145,41,278.9,6,3
145,56,279.0,6,3
145,57,273.7,6,3
145,72,272.9,6,3
145,73,272.6,6,3
145,88,278.8,6,3
145,89,272.4,6,3
145,102,276.7,6,3
145,103,281.0,6,3
145,116,279.3,6,3
145,117,277.7,6,3
145,130,279.0,6,3
145,131,282.7,6,3
145,140,274.8,6,3
145,141,282.4,6,3
145,10,103.4,6,5
145,11,96.0,6,5
145,26,96.6,6,5
145,27,96.4,6,5
145,42,105.7,6,5
145,43,103.7,6,5
145,58,104.4,6,5
145,59,98.8,6,5
145,74,99.4,6,5
145,75,105.0,6,5
145,90,107.4,6,5
145,91,110.1,6,5
145,104,108.4,6,5
145,105,97.9,6,5
145,118,110.2,6,5
145,119,106.9,6,5
145,132,96.2,6,5
145,133,110.7,6,5
145,142,107.7,6,5
145,143,105.0,6,5
145,12,104.5,6,6
145,13,103.5,6,6
145,28,111.1,6,6
145,29,97.5,6,6
145,44,98.3,6,6
145,45,87.7,6,6
145,60,88.7,6,6
145,61,94.9,6,6
145,76,88.4,6,6
145,77,93.0,6,6
145,92,93.7,6,6
145,93,104.1,6,6
145,106,97.5,6,6
145,107,98.4,6,6
145,120,92.2,6,6
145,121,100.0,6,6
145,134,95.5,6,6
145,135,68.4,6,6
145,144,75.3,6,6
145,145,0.0,6,6
145,14,84.7,6,7
145,15,84.7,6,7
145,30,77.9,6,7
145,31,83.9,6,7
145,46,86.0,6,7
145,47,85.0,6,7
145,62,82.9,6,7
145,63,78.1,6,7
145,78,91.2,6,7
145,79,78.1,6,7
145,94,91.2,6,7
145,95,90.9,6,7
145,108,93.7,6,7
145,109,100.3,6,7
145,122,97.6,6,7
145,123,95.6,6,7
145,136,92.8,6,7
145,137,102.4,6,7
145,146,98.6,6,7
145,147,92.2,6,7
14,150,80.8,7,9
14,151,82.1,7,9
14,148,89.7,7,8
14,149,91.8,7,8
14,0,90.3,7,0
14,1,90.1,7,0
14,16,100.1,7,0
14,17,92.4,7,0
14,32,93.8,7,0
14,33,96.3,7,0
14,48,95.1,7,0
14,49,94.0,7,0
14,64,90.1,7,0
14,65,90.8,7,0
14,80,92.5,7,0
14,81,95.8,7,0
14,2,272.7,7,4
14,3,279.5,7,4
14,18,281.5,7,4
14,19,282.7,7,4
14,34,274.7,7,4
14,35,281.5,7,4
14,50,280.7,7,4
14,51,281.5,7,4
14,66,285.0,7,4
14,67,291.8,7,4
14,82,284.6,7,4
14,83,287.7,7,4
14,96,281.8,7,4
14,97,282.4,7,4
14,110,287.9,7,4
14,111,282.2,7,4
14,124,282.8,7,4
14,125,286.1,7,4
14,4,290.4,7,1
14,5,288.2,7,1
14,20,289.6,7,1
14,21,285.0,7,1
14,36,285.7,7,1
14,37,285.9,7,1
14,52,283.2,7,1
14,53,286.6,7,1
14,68,289.8,7,1
14,69,286.9,7,1
14,84,279.9,7,1
14,85,287.0,7,1
14,98,290.8,7,1
14,99,282.8,7,1
14,112,282.0,7,1
14,113,279.5,7,1
14,126,291.4,7,1
14,127,282.7,7,1
14,6,286.6,7,2
14,7,290.8,7,2
14,22,293.3,7,2
14,23,290.4,7,2
14,38,279.9,7,2
14,39,282.4,7,2
14,54,281.5,7,2
14,55,280.0,7,2
14,70,283.1,7,2
14,71,284.5,7,2
14,86,288.5,7,2
14,87,280.3,7,2
14,100,280.6,7,2
14,101,284.6,7,2
14,114,283.6,7,2
14,115,291.9,7,2
14,128,287.8,7,2
14,129,286.3,7,2
14,138,284.6,7,2
14,139,283.2,7,2
14,8,282.8,7,3
14,9,289.0,7,3
14,24,289.3,7,3
14,25,290.7,7,3
14,40,286.0,7,3
14,41,281.1,7,3
14,56,279.7,7,3
14,57,276.2,7,3
14,72,275.6,7,3
14,73,277.9,7,3
14,88,281.0,7,3
14,89,275.1,7,3
14,102,278.6,7,3
14,103,283.7,7,3
14,116,280.9,7,3
14,117,281.2,7,3
14,130,282.4,7,3
14,131,283.9,7,3
14,140,277.4,7,3
14,141,282.8,7,3
14,10,98.8,7,5
14,11,102.5,7,5
14,26,87.7,7,5
14,27,99.1,7,5
14,42,101.9,7,5
14,43,90.4,7,5
14,58,96.9,7,5
14,59,94.9,7,5
14,74,107.8,7,5
14,75,91.1,7,5
14,90,90.8,7,5
14,91,93.2,7,5
14,104,99.7,7,5
14,105,98.2,7,5
14,118,95.2,7,5
14,119,89.5,7,5
14,132,92.6,7,5
14,133,92.5,7,5
14,142,91.1,7,5
14,143,92.2,7,5
14,12,96.5,7,6
14,13,99.9,7,6
14,28,102.8,7,6
14,29,93.1,7,6
14,44,102.5,7,6
14,45,89.2,7,6
14,60,82.2,7,6
14,61,91.0,7,6
14,76,92.9,7,6
14,77,96.2,7,6
14,92,91.1,7,6
14,93,93.5,7,6
14,106,84.6,7,6
14,107,82.5,7,6
14,120,83.2,7,6
14,121,92.0,7,6
14,134,87.2,7,6
14,135,63.5,7,6
14,144,72.4,7,6
14,145,84.7,7,6
14,14,0.0,7,7
14,15,80.4,7,7
14,30,62.6,7,7
14,31,72.3,7,7
14,46,74.8,7,7
14,47,81.5,7,7
14,62,80.9,7,7
14,63,83.0,7,7
14,78,85.6,7,7
14,79,89.8,7,7
14,94,83.3,7,7
14,95,89.1,7,7
14,108,92.2,7,7
14,109,97.9,7,7
14,122,99.2,7,7
14,123,92.1,7,7
14,136,89.7,7,7
14,137,92.7,7,7
14,146,89.0,7,7
14,147,80.7,7,7
15,150,88.4,7,9
15,151,96.6,7,9
15,148,88.2,7,8
15,149,89.2,7,8
15,0,98.6,7,0
15,1,99.7,7,0
15,16,96.3,7,0
15,17,82.5,7,0
15,32,85.3,7,0
15,33,90.9,7,0
15,48,94.5,7,0
15,49,83.5,7,0
15,64,94.9,7,0
15,65,87.1,7,0
15,80,89.1,7,0
15,81,96.5,7,0
15,2,277.5,7,4
15,3,284.3,7,4
15,18,284.8,7,4
15,19,284.4,7,4
15,34,276.7,7,4
15,35,284.2,7,4
15,50,283.6,7,4
15,51,287.0,7,4
15,66,288.4,7,4
15,67,294.3,7,4
15,82,287.3,7,4
15,83,290.2,7,4
15,96,285.1,7,4
15,97,285.1,7,4
15,110,291.7,7,4
15,111,285.5,7,4
15,124,285.2,7,4
15,125,289.8,7,4
15,4,292.1,7,1
15,5,289.9,7,1
15,20,292.3,7,1
15,21,287.8,7,1
15,36,289.1,7,1
15,37,289.2,7,1
15,52,285.1,7,1
15,53,289.4,7,1
15,68,293.4,7,1
15,69,289.5,7,1
15,84,282.9,7,1
15,85,289.2,7,1
15,98,293.3,7,1
15,99,285.1,7,1
15,112,285.0,7,1
15,113,282.4,7,1
15,126,293.1,7,1
15,127,285.1,7,1
15,6,287.7,7,2
15,7,292.1,7,2
15,22,295.2,7,2
15,23,292.3,7,2
15,38,282.6,7,2
15,39,285.4,7,2
15,54,285.8,7,2
15,55,285.0,7,2
15,70,286.4,7,2
15,71,287.6,7,2
15,86,290.8,7,2
15,87,282.8,7,2
15,100,284.0,7,2
15,101,286.2,7,2
15,114,283.9,7,2
15,115,293.9,7,2
15,128,291.1,7,2
15,129,287.4,7,2
15,138,286.2,7,2
15,139,284.4,7,2
15,8,283.2,7,3
15,9,291.5,7,3
15,24,292.1,7,3
15,25,293.4,7,3
15,40,288.8,7,3
15,41,283.8,7,3
15,56,283.2,7,3
15,57,279.8,7,3
15,72,280.4,7,3
15,73,279.5,7,3
15,88,283.5,7,3
15,89,279.8,7,3
15,102,281.4,7,3
15,103,284.9,7,3
15,116,282.6,7,3
15,117,284.2,7,3
15,130,284.6,7,3
15,131,288.3,7,3
15,140,282.6,7,3
15,141,286.2,7,3
15,10,95.6,7,5
15,11,101.0,7,5
15,26,90.1,7,5
15,27,97.6,7,5
15,42,100.1,7,5
15,43,99.4,7,5
15,58,91.3,7,5
15,59,90.1,7,5
15,74,106.1,7,5
15,75,94.2,7,5
15,90,98.0,7,5
15,91,92.8,7,5
15,104,98.7,7,5
15,105,97.5,7,5
15,118,96.7,7,5
15,119,103.7,7,5
15,132,90.3,7,5
15,133,95.9,7,5
15,142,97.9,7,5
15,143,100.3,7,5
15,12,98.4,7,6
15,13,89.0,7,6
15,28,88.4,7,6
15,29,90.0,7,6
15,44,103.6,7,6
15,45,91.6,7,6
15,60,89.8,7,6
15,61,78.9,7,6
15,76,91.9,7,6
15,77,89.5,7,6
15,92,87.2,7,6
15,93,90.6,7,6
15,106,93.7,7,6
15,107,94.2,7,6
15,120,74.1,7,6
15,121,84.9,7,6
15,134,91.8,7,6
15,135,72.4,7,6
15,144,70.7,7,6
15,145,84.7,7,6
15,14,80.4,7,7
15,15,0.0,7,7
15,30,74.6,7,7
15,31,76.0,7,7
15,46,71.5,7,7
15,47,86.0,7,7
15,62,77.5,7,7
15,63,85.8,7,7
15,78,84.7,7,7
15,79,95.4,7,7
15,94,80.0,7,7
15,95,95.6,7,7
15,108,94.1,7,7
15,109,99.3,7,7
15,122,101.9,7,7
15,123,91.4,7,7
15,136,91.4,7,7
15,137,85.9,7,7
15,146,88.8,7,7
15,147,91.9,7,7
30,150,83.7,7,9
30,151,88.6,7,9
30,148,85.6,7,8
30,149,87.3,7,8
30,0,84.2,7,0
30,1,86.2,7,0
30,16,94.0,7,0
30,17,89.9,7,0
30,32,86.6,7,0
30,33,94.0,7,0
30,48,90.8,7,0
30,49,89.0,7,0
30,64,82.3,7,0
30,65,85.3,7,0
30,80,87.4,7,0
30,81,93.0,7,0
30,2,277.8,7,4
30,3,285.1,7,4
30,18,286.3,7,4
30,19,286.6,7,4
30,34,279.2,7,4
30,35,285.8,7,4
30,50,285.2,7,4
30,51,284.8,7,4
30,66,289.4,7,4
30,67,295.4,7,4
30,82,288.5,7,4
30,83,291.8,7,4
30,96,285.4,7,4
30,97,286.8,7,4
30,110,292.3,7,4
30,111,286.9,7,4
30,124,287.4,7,4
30,125,289.8,7,4
30,4,293.8,7,1
30,5,291.7,7,1
30,20,293.7,7,1
30,21,289.8,7,1
30,36,290.1,7,1
30,37,290.3,7,1
30,52,287.9,7,1
30,53,290.7,7,1
30,68,294.9,7,1
30,69,291.1,7,1
30,84,284.6,7,1
30,85,291.2,7,1
30,98,295.1,7,1
30,99,287.2,7,1
30,112,286.7,7,1
30,113,284.3,7,1
30,126,295.2,7,1
30,127,286.8,7,1
30,6,290.9,7,2
30,7,294.6,7,2
30,22,297.2,7,2
30,23,294.0,7,2
30,38,284.5,7,2
30,39,287.4,7,2
30,54,287.5,7,2
30,55,285.3,7,2
30,70,288.2,7,2
30,71,289.8,7,2
30,86,292.1,7,2
30,87,284.7,7,2
30,100,285.8,7,2
30,101,289.2,7,2
30,114,288.5,7,2
30,115,295.9,7,2
30,128,291.4,7,2
30,129,290.3,7,2
30,138,289.0,7,2
30,139,287.7,7,2
30,8,287.2,7,3
30,9,293.6,7,3
30,24,293.3,7,3
30,25,294.6,7,3
30,40,290.2,7,3
30,41,285.6,7,3
30,56,284.2,7,3
30,57,281.7,7,3
30,72,281.4,7,3
30,73,282.8,7,3
30,88,284.9,7,3
30,89,281.5,7,3
30,102,282.9,7,3
30,103,287.3,7,3
30,116,285.7,7,3
30,117,285.3,7,3
30,130,287.1,7,3
30,131,288.3,7,3
30,140,283.4,7,3
30,141,287.4,7,3
30,10,88.7,7,5
30,11,94.8,7,5
30,26,86.5,7,5
30,27,90.4,7,5
30,42,94.4,7,5
30,43,82.9,7,5
30,58,91.7,7,5
30,59,87.7,7,5
30,74,103.6,7,5
30,75,85.5,7,5
30,90,88.0,7,5
30,91,88.5,7,5
30,104,90.0,7,5
30,105,94.9,7,5
30,118,92.3,7,5
30,119,84.8,7,5
30,132,88.9,7,5
30,133,86.6,7,5
30,142,89.2,7,5
30,143,82.0,7,5
30,12,90.4,7,6
30,13,93.1,7,6
30,28,97.7,7,6
30,29,84.3,7,6
30,44,95.3,7,6
30,45,88.5,7,6
30,60,85.9,7,6
30,61,86.0,7,6
30,76,84.8,7,6
30,77,86.7,7,6
30,92,83.8,7,6
30,93,86.0,7,6
30,106,87.3,7,6
30,107,88.4,7,6
30,120,83.7,7,6
30,121,85.0,7,6
30,134,83.5,7,6
30,135,65.5,7,6
30,144,66.7,7,6
30,145,77.9,7,6
30,14,62.6,7,7
30,15,74.6,7,7
30,30,0.0,7,7
30,31,66.8,7,7
30,46,70.5,7,7
30,47,83.0,7,7
30,62,76.9,7,7
30,63,71.8,7,7
30,78,80.5,7,7
30,79,83.8,7,7
30,94,73.1,7,7
30,95,85.3,7,7
30,108,88.3,7,7
30,109,97.6,7,7
30,122,94.0,7,7
30,123,90.4,7,7
30,136,85.7,7,7
30,137,87.6,7,7
30,146,74.8,7,7
30,147,76.6,7,7
31,150,76.4,7,9
31,151,87.3,7,9
31,148,83.4,7,8
31,149,83.4,7,8
31,0,81.2,7,0
31,1,88.6,7,0
31,16,89.3,7,0
31,17,84.0,7,0
31,32,78.4,7,0
31,33,87.8,7,0
31,48,89.6,7,0
31,49,81.9,7,0
31,64,82.7,7,0
31,65,86.6,7,0
31,80,86.6,7,0
31,81,91.8,7,0
31,2,276.2,7,4
31,3,283.2,7,4
31,18,283.4,7,4
31,19,284.4,7,4
31,34,277.2,7,4
31,35,281.8,7,4
31,50,282.4,7,4
31,51,284.6,7,4
31,66,287.1,7,4
31,67,292.8,7,4
31,82,285.3,7,4
31,83,289.7,7,4
31,96,283.6,7,4
31,97,283.8,7,4
31,110,289.7,7,4
31,111,284.5,7,4
31,124,284.5,7,4
31,125,288.4,7,4
31,4,291.3,7,1
31,5,287.7,7,1
31,20,290.9,7,1
31,21,286.9,7,1
31,36,287.1,7,1
31,37,287.4,7,1
31,52,284.2,7,1
31,53,287.7,7,1
31,68,290.5,7,1
31,69,287.7,7,1
31,84,280.8,7,1
31,85,287.5,7,1
31,98,291.6,7,1
31,99,284.0,7,1
31,112,284.3,7,1
31,113,280.9,7,1
31,126,292.2,7,1
31,127,284.1,7,1
31,6,287.6,7,2
31,7,291.4,7,2
31,22,294.1,7,2
31,23,291.6,7,2
31,38,281.7,7,2
31,39,284.6,7,2
31,54,284.5,7,2
31,55,283.4,7,2
31,70,286.1,7,2
31,71,287.2,7,2
31,86,289.5,7,2
31,87,283.2,7,2
31,100,283.4,7,2
31,101,287.1,7,2
31,114,286.2,7,2
31,115,293.0,7,2
31,128,290.4,7,2
31,129,287.4,7,2
31,138,285.9,7,2
31,139,283.8,7,2
31,8,283.7,7,3
31,9,289.6,7,3
31,24,290.3,7,3
31,25,291.7,7,3
31,40,287.7,7,3
31,41,283.7,7,3
31,56,282.7,7,3
31,57,280.2,7,3
31,72,279.4,7,3
31,73,280.9,7,3
31,88,283.2,7,3
31,89,278.9,7,3
31,102,280.4,7,3
31,103,285.2,7,3
31,116,282.7,7,3
31,117,283.9,7,3
31,130,285.2,7,3
31,131,286.1,7,3
31,140,281.1,7,3
31,141,285.7,7,3
31,10,92.3,7,5
31,11,87.3,7,5
31,26,88.1,7,5
31,27,90.7,7,5
31,42,91.4,7,5
31,43,87.3,7,5
31,58,89.0,7,5
31,59,85.5,7,5
31,74,99.2,7,5
31,75,82.1,7,5
31,90,89.1,7,5
31,91,79.2,7,5
31,104,89.9,7,5
31,105,92.4,7,5
31,118,90.5,7,5
31,119,82.6,7,5
31,132,84.6,7,5
31,133,87.7,7,5
31,142,93.0,7,5
31,143,81.1,7,5
31,12,88.2,7,6
31,13,89.3,7,6
31,28,88.1,7,6
31,29,83.2,7,6
31,44,84.0,7,6
31,45,91.2,7,6
31,60,84.1,7,6
31,61,90.6,7,6
31,76,86.7,7,6
31,77,87.4,7,6
31,92,82.4,7,6
31,93,88.0,7,6
31,106,90.6,7,6
31,107,88.4,7,6
31,120,83.1,7,6
31,121,78.5,7,6
31,134,83.8,7,6
31,135,70.2,7,6
31,144,67.8,7,6
31,145,83.9,7,6
31,14,72.3,7,7
31,15,76.0,7,7
31,30,66.8,7,7
31,31,0.0,7,7
31,46,75.2,7,7
31,47,85.8,7,7
31,62,76.3,7,7
31,63,82.2,7,7
31,78,74.9,7,7
31,79,87.2,7,7
31,94,76.9,7,7
31,95,83.6,7,7
31,108,84.4,7,7
31,109,94.2,7,7
31,122,91.0,7,7
31,123,82.0,7,7
31,136,84.4,7,7
31,137,75.9,7,7
31,146,80.4,7,7
31,147,81.7,7,7
46,150,79.1,7,9
46,151,82.1,7,9
46,148,84.2,7,8
46,149,83.2,7,8
46,0,87.9,7,0
46,1,93.8,7,0
46,16,93.8,7,0
46,17,83.7,7,0
46,32,80.7,7,0
46,33,87.7,7,0
46,48,85.2,7,0
46,49,78.3,7,0
46,64,84.7,7,0
46,65,87.0,7,0
46,80,88.7,7,0
46,81,92.5,7,0
46,2,282.1,7,4
46,3,287.2,7,4
46,18,288.9,7,4
46,19,288.8,7,4
46,34,282.4,7,4
46,35,288.4,7,4
46,50,288.3,7,4
46,51,291.2,7,4
46,66,291.9,7,4
46,67,297.7,7,4
46,82,291.3,7,4
46,83,294.1,7,4
46,96,289.0,7,4
46,97,290.2,7,4
46,110,295.9,7,4
46,111,289.6,7,4
46,124,290.1,7,4
46,125,293.7,7,4
46,4,296.5,7,1
46,5,293.8,7,1
46,20,295.8,7,1
46,21,291.6,7,1
46,36,292.8,7,1
46,37,293.6,7,1
46,52,290.2,7,1
46,53,292.2,7,1
46,68,297.5,7,1
46,69,292.4,7,1
46,84,287.5,7,1
46,85,293.4,7,1
46,98,296.7,7,1
46,99,289.1,7,1
46,112,289.2,7,1
46,113,286.9,7,1
46,126,296.8,7,1
46,127,289.7,7,1
46,6,292.4,7,2
46,7,296.3,7,2
46,22,298.5,7,2
46,23,296.8,7,2
46,38,287.3,7,2
46,39,289.5,7,2
46,54,289.2,7,2
46,55,288.5,7,2
46,70,290.0,7,2
46,71,290.8,7,2
46,86,294.1,7,2
46,87,286.8,7,2
46,100,287.4,7,2
46,101,289.8,7,2
46,114,290.1,7,2
46,115,297.5,7,2
46,128,294.6,7,2
46,129,291.9,7,2
46,138,290.6,7,2
46,139,289.2,7,2
46,8,289.2,7,3
46,9,296.1,7,3
46,24,295.5,7,3
46,25,296.6,7,3
46,40,292.5,7,3
46,41,289.0,7,3
46,56,288.2,7,3
46,57,285.9,7,3
46,72,284.9,7,3
46,73,286.4,7,3
46,88,288.8,7,3
46,89,284.2,7,3
46,102,286.7,7,3
46,103,290.3,7,3
46,116,288.2,7,3
46,117,288.9,7,3
46,130,289.4,7,3
46,131,292.9,7,3
46,140,286.6,7,3
46,141,290.9,7,3
46,10,86.9,7,5
46,11,94.5,7,5
46,26,87.4,7,5
46,27,93.0,7,5
46,42,91.8,7,5
46,43,97.0,7,5
46,58,89.5,7,5
46,59,87.9,7,5
46,74,104.7,7,5
46,75,83.4,7,5
46,90,89.5,7,5
46,91,89.6,7,5
46,104,88.6,7,5
46,105,91.4,7,5
46,118,94.6,7,5
46,119,96.1,7,5
46,132,88.5,7,5
46,133,86.5,7,5
46,142,83.9,7,5
46,143,87.2,7,5
46,12,82.2,7,6
46,13,87.6,7,6
46,28,88.3,7,6
46,29,82.3,7,6
46,44,91.1,7,6
46,45,86.3,7,6
46,60,83.7,7,6
46,61,74.6,7,6
46,76,81.9,7,6
46,77,90.1,7,6
46,92,76.2,7,6
46,93,79.6,7,6
46,106,73.5,7,6
46,107,75.4,7,6
46,120,72.4,7,6
46,121,74.4,7,6
46,134,68.9,7,6
46,135,60.8,7,6
46,144,61.5,7,6
46,145,86.0,7,6
46,14,74.8,7,7
46,15,71.5,7,7
46,30,70.5,7,7
46,31,75.2,7,7
46,46,0.0,7,7
46,47,69.9,7,7
46,62,71.2,7,7
46,63,76.6,7,7
46,78,80.1,7,7
46,79,84.4,7,7
46,94,71.4,7,7
46,95,85.1,7,7
46,108,86.1,7,7
46,109,90.7,7,7
46,122,90.7,7,7
46,123,86.8,7,7
46,136,77.2,7,7
46,137,78.6,7,7
46,146,77.5,7,7
46,147,83.1,7,7
47,150,96.8,7,9
47,151,90.8,7,9
47,148,94.9,7,8
47,149,86.6,7,8
47,0,88.3,7,0
47,1,96.1,7,0
47,16,91.7,7,0
47,17,95.0,7,0
47,32,89.9,7,0
47,33,93.7,7,0
47,48,93.3,7,0
47,49,87.9,7,0
47,64,94.9,7,0
47,65,91.9,7,0
47,80,91.3,7,0
47,81,92.0,7,0
47,2,277.0,7,4
47,3,281.9,7,4
47,18,285.1,7,4
47,19,283.9,7,4
47,34,276.7,7,4
47,35,283.9,7,4
47,50,284.2,7,4
47,51,286.7,7,4
47,66,288.2,7,4
47,67,293.8,7,4
47,82,286.2,7,4
47,83,290.6,7,4
47,96,283.5,7,4
47,97,285.9,7,4
47,110,291.6,7,4
47,111,283.0,7,4
47,124,284.6,7,4
47,125,288.9,7,4
47,4,292.9,7,1
47,5,290.0,7,1
47,20,292.2,7,1
47,21,285.3,7,1
47,36,288.6,7,1
47,37,289.3,7,1
47,52,285.7,7,1
47,53,288.6,7,1
47,68,291.1,7,1
47,69,287.8,7,1
47,84,281.0,7,1
47,85,289.4,7,1
47,98,292.4,7,1
47,99,283.4,7,1
47,112,283.9,7,1
47,113,282.5,7,1
47,126,292.9,7,1
47,127,283.9,7,1
47,6,287.8,7,2
47,7,291.9,7,2
47,22,294.9,7,2
47,23,292.6,7,2
47,38,281.8,7,2
47,39,284.6,7,2
47,54,283.3,7,2
47,55,282.5,7,2
47,70,283.3,7,2
47,71,285.2,7,2
47,86,289.9,7,2
47,87,280.6,7,2
47,100,282.4,7,2
47,101,285.2,7,2
47,114,285.2,7,2
47,115,293.0,7,2
47,128,289.9,7,2
47,129,285.6,7,2
47,138,285.7,7,2
47,139,283.1,7,2
47,8,283.8,7,3
47,9,292.1,7,3
47,24,292.0,7,3
47,25,292.4,7,3
47,40,287.4,7,3
47,41,283.8,7,3
47,56,283.2,7,3
47,57,280.2,7,3
47,72,277.0,7,3
47,73,280.6,7,3
47,88,283.5,7,3
47,89,276.0,7,3
47,102,281.8,7,3
47,103,285.1,7,3
47,116,283.0,7,3
47,117,283.8,7,3
47,130,283.3,7,3
47,131,287.2,7,3
47,140,280.1,7,3
47,141,286.2,7,3
47,10,97.7,7,5
47,11,96.1,7,5
47,26,95.9,7,5
47,27,99.0,7,5
47,42,96.3,7,5
47,43,105.4,7,5
47,58,98.6,7,5
47,59,99.7,7,5
47,74,99.1,7,5
47,75,97.6,7,5
47,90,89.5,7,5
47,91,100.9,7,5
47,104,91.6,7,5
47,105,90.8,7,5
47,118,100.9,7,5
47,119,96.0,7,5
47,132,91.3,7,5
47,133,100.2,7,5
47,142,93.9,7,5
47,143,92.8,7,5
47,12,88.5,7,6
47,13,90.4,7,6
47,28,90.3,7,6
47,29,82.5,7,6
47,44,94.0,7,6
47,45,86.5,7,6
47,60,88.4,7,6
47,61,81.0,7,6
47,76,85.7,7,6
47,77,96.0,7,6
47,92,92.2,7,6
47,93,91.4,7,6
47,106,81.9,7,6
47,107,74.3,7,6
47,120,87.9,7,6
47,121,87.3,7,6
47,134,80.1,7,6
47,135,73.4,7,6
47,144,80.1,7,6
47,145,85.0,7,6
47,14,81.5,7,7
47,15,86.0,7,7
47,30,83.0,7,7
47,31,85.8,7,7
47,46,69.9,7,7
47,47,0.0,7,7
47,62,70.3,7,7
47,63,80.7,7,7
47,78,80.5,7,7
47,79,81.5,7,7
47,94,74.1,7,7
47,95,87.1,7,7
47,108,88.3,7,7
47,109,94.1,7,7
47,122,89.5,7,7
47,123,97.1,7,7
47,136,80.3,7,7
47,137,92.2,7,7
47,146,98.1,7,7
47,147,95.4,7,7
62,150,86.2,7,9
62,151,88.4,7,9
62,148,85.5,7,8
62,149,80.1,7,8
62,0,86.9,7,0
62,1,95.1,7,0
62,16,90.2,7,0
62,17,84.2,7,0
62,32,81.0,7,0
62,33,84.4,7,0
62,48,82.3,7,0
62,49,80.7,7,0
62,64,89.1,7,0
62,65,89.9,7,0
62,80,87.1,7,0
62,81,86.7,7,0
62,2,280.2,7,4
62,3,285.6,7,4
62,18,287.2,7,4
62,19,286.6,7,4
62,34,279.6,7,4
62,35,287.1,7,4
62,50,287.0,7,4
62,51,289.8,7,4
62,66,291.0,7,4
62,67,296.1,7,4
62,82,289.3,7,4
62,83,293.1,7,4
62,96,287.2,7,4
62,97,288.3,7,4
62,110,294.6,7,4
62,111,286.8,7,4
62,124,288.0,7,4
62,125,291.9,7,4
62,4,295.0,7,1
62,5,292.0,7,1
62,20,294.0,7,1
62,21,289.1,7,1
62,36,291.8,7,1
62,37,292.4,7,1
62,52,289.1,7,1
62,53,291.4,7,1
62,68,295.5,7,1
62,69,291.2,7,1
62,84,284.6,7,1
62,85,291.8,7,1
62,98,295.3,7,1
62,99,287.4,7,1
62,112,288.4,7,1
62,113,285.6,7,1
62,126,295.2,7,1
62,127,287.6,7,1
62,6,290.9,7,2
62,7,294.3,7,2
62,22,296.8,7,2
62,23,294.3,7,2
62,38,284.8,7,2
62,39,287.6,7,2
62,54,286.7,7,2
62,55,286.7,7,2
62,70,288.5,7,2
62,71,288.9,7,2
62,86,291.4,7,2
62,87,285.3,7,2
62,100,285.5,7,2
62,101,289.0,7,2
62,114,289.1,7,2
62,115,295.4,7,2
62,128,292.7,7,2
62,129,289.5,7,2
62,138,288.8,7,2
62,139,285.4,7,2
62,8,286.8,7,3
62,9,294.1,7,3
62,24,293.3,7,3
62,25,294.8,7,3
62,40,290.1,7,3
62,41,286.7,7,3
62,56,285.8,7,3
62,57,283.8,7,3
62,72,280.0,7,3
62,73,283.9,7,3
62,88,285.7,7,3
62,89,282.0,7,3
62,102,284.4,7,3
62,103,288.0,7,3
62,116,286.6,7,3
62,117,287.1,7,3
62,130,286.7,7,3
62,131,291.3,7,3
62,140,284.5,7,3
62,141,289.5,7,3
62,10,95.2,7,5
62,11,96.3,7,5
62,26,92.6,7,5
62,27,95.5,7,5
62,42,94.1,7,5
62,43,98.4,7,5
62,58,91.5,7,5
62,59,96.7,7,5
62,74,103.2,7,5
62,75,90.4,7,5
62,90,82.2,7,5
62,91,93.7,7,5
62,104,95.5,7,5
62,105,88.7,7,5
62,118,91.0,7,5
62,119,93.7,7,5
62,132,82.0,7,5
62,133,94.1,7,5
62,142,92.7,7,5
62,143,86.6,7,5
62,12,88.9,7,6
62,13,85.1,7,6
62,28,89.7,7,6
62,29,84.5,7,6
62,44,92.4,7,6
62,45,76.5,7,6
62,60,78.2,7,6
62,61,81.5,7,6
62,76,84.6,7,6
62,77,87.9,7,6
62,92,76.4,7,6
62,93,83.7,7,6
62,106,77.6,7,6
62,107,79.4,7,6
62,120,81.3,7,6
62,121,75.5,7,6
62,134,81.1,7,6
62,135,74.6,7,6
62,144,67.3,7,6
62,145,82.9,7,6
62,14,80.9,7,7
62,15,77.5,7,7
62,30,76.9,7,7
62,31,76.3,7,7
62,46,71.2,7,7
62,47,70.3,7,7
62,62,0.0,7,7
62,63,74.6,7,7
62,78,72.7,7,7
62,79,80.2,7,7
62,94,71.9,7,7
62,95,87.6,7,7
62,108,85.8,7,7
62,109,89.2,7,7
62,122,92.3,7,7
62,123,84.4,7,7
62,136,71.7,7,7
62,137,88.7,7,7
62,146,86.7,7,7
62,147,91.5,7,7
63,150,95.4,7,9
63,151,99.6,7,9
63,148,96.0,7,8
63,149,87.2,7,8
63,0,91.0,7,0
63,1,84.3,7,0
63,16,96.7,7,0
63,17,90.1,7,0
63,32,93.6,7,0
63,33,90.7,7,0
63,48,85.0,7,0
63,49,89.8,7,0
63,64,82.2,7,0
63,65,97.3,7,0
63,80,90.7,7,0
63,81,87.5,7,0
63,2,276.2,7,4
63,3,283.9,7,4
63,18,284.8,7,4
63,19,284.1,7,4
63,34,277.3,7,4
63,35,283.3,7,4
63,50,282.0,7,4
63,51,282.7,7,4
63,66,286.5,7,4
63,67,292.6,7,4
63,82,285.4,7,4
63,83,288.7,7,4
63,96,283.3,7,4
63,97,283.5,7,4
63,110,290.6,7,4
63,111,283.8,7,4
63,124,284.8,7,4
63,125,288.0,7,4
63,4,292.2,7,1
63,5,289.1,7,1
63,20,291.7,7,1
63,21,286.6,7,1
63,36,286.9,7,1
63,37,289.4,7,1
63,52,285.8,7,1
63,53,288.3,7,1
63,68,292.7,7,1
63,69,288.2,7,1
63,84,280.3,7,1
63,85,289.5,7,1
63,98,292.6,7,1
63,99,284.5,7,1
63,112,282.7,7,1
63,113,282.2,7,1
63,126,292.4,7,1
63,127,284.5,7,1
63,6,287.4,7,2
63,7,291.5,7,2
63,22,294.6,7,2
63,23,292.0,7,2
63,38,281.8,7,2
63,39,284.3,7,2
63,54,283.0,7,2
63,55,282.6,7,2
63,70,283.4,7,2
63,71,286.0,7,2
63,86,289.5,7,2
63,87,280.6,7,2
63,100,282.3,7,2
63,101,285.3,7,2
63,114,285.0,7,2
63,115,293.2,7,2
63,128,289.3,7,2
63,129,286.2,7,2
63,138,285.1,7,2
63,139,284.6,7,2
63,8,283.7,7,3
63,9,290.7,7,3
63,24,291.2,7,3
63,25,292.4,7,3
63,40,287.8,7,3
63,41,283.4,7,3
63,56,283.2,7,3
63,57,280.7,7,3
63,72,279.2,7,3
63,73,281.4,7,3
63,88,283.3,7,3
63,89,280.0,7,3
63,102,281.2,7,3
63,103,284.3,7,3
63,116,283.6,7,3
63,117,281.5,7,3
63,130,284.2,7,3
63,131,287.1,7,3
63,140,280.7,7,3
63,141,285.3,7,3
63,10,86.6,7,5
63,11,91.8,7,5
63,26,86.9,7,5
63,27,90.5,7,5
63,42,91.1,7,5
63,43,85.7,7,5
63,58,93.3,7,5
63,59,92.8,7,5
63,74,98.4,7,5
63,75,93.0,7,5
63,90,97.3,7,5
63,91,95.6,7,5
63,104,92.6,7,5
63,105,95.1,7,5
63,118,100.0,7,5
63,119,98.3,7,5
63,132,95.1,7,5
63,133,94.8,7,5
63,142,96.7,7,5
63,143,93.8,7,5
63,12,87.6,7,6
63,13,92.9,7,6
63,28,95.0,7,6
63,29,85.9,7,6
63,44,93.7,7,6
63,45,86.6,7,6
63,60,87.3,7,6
63,61,88.0,7,6
63,76,93.4,7,6
63,77,95.6,7,6
63,92,91.1,7,6
63,93,93.0,7,6
63,106,91.7,7,6
63,107,91.0,7,6
63,120,86.4,7,6
63,121,85.4,7,6
63,134,83.4,7,6
63,135,88.2,7,6
63,144,86.6,7,6
63,145,78.1,7,6
63,14,83.0,7,7
63,15,85.8,7,7
63,30,71.8,7,7
63,31,82.2,7,7
63,46,76.6,7,7
63,47,80.7,7,7
63,62,74.6,7,7
63,63,0.0,7,7
63,78,67.1,7,7
63,79,69.7,7,7
63,94,74.1,7,7
63,95,71.2,7,7
63,108,88.7,7,7
63,109,95.9,7,7
63,122,82.9,7,7
63,123,90.8,7,7
63,136,89.7,7,7
63,137,97.5,7,7
63,146,90.2,7,7
63,147,88.8,7,7
78,150,87.7,7,9
78,151,88.9,7,9
78,148,84.5,7,8
78,149,80.1,7,8
78,0,86.1,7,0
78,1,88.4,7,0
78,16,78.7,7,0
78,17,87.7,7,0
78,32,86.3,7,0
78,33,84.3,7,0
78,48,86.3,7,0
78,49,88.3,7,0
78,64,88.3,7,0
78,65,95.8,7,0
78,80,89.1,7,0
78,81,90.0,7,0
78,2,279.1,7,4
78,3,285.2,7,4
78,18,286.2,7,4
78,19,285.8,7,4
78,34,278.9,7,4
78,35,283.9,7,4
78,50,284.8,7,4
78,51,287.4,7,4
78,66,288.6,7,4
78,67,294.9,7,4
78,82,287.9,7,4
78,83,290.5,7,4
78,96,285.8,7,4
78,97,285.5,7,4
78,110,293.3,7,4
78,111,286.0,7,4
78,124,286.4,7,4
78,125,290.5,7,4
78,4,293.8,7,1
78,5,290.2,7,1
78,20,293.1,7,1
78,21,288.1,7,1
78,36,289.4,7,1
78,37,289.6,7,1
78,52,286.4,7,1
78,53,290.1,7,1
78,68,293.7,7,1
78,69,289.9,7,1
78,84,281.4,7,1
78,85,290.3,7,1
78,98,293.6,7,1
78,99,285.0,7,1
78,112,285.3,7,1
78,113,283.2,7,1
78,126,294.0,7,1
78,127,285.9,7,1
78,6,288.6,7,2
78,7,293.3,7,2
78,22,296.1,7,2
78,23,293.7,7,2
78,38,283.3,7,2
78,39,285.4,7,2
78,54,285.4,7,2
78,55,285.2,7,2
78,70,286.9,7,2
78,71,287.5,7,2
78,86,291.1,7,2
78,87,282.7,7,2
78,100,284.9,7,2
78,101,288.3,7,2
78,114,287.9,7,2
78,115,295.3,7,2
78,128,292.1,7,2
78,129,288.3,7,2
78,138,287.3,7,2
78,139,285.7,7,2
78,8,285.1,7,3
78,9,292.1,7,3
78,24,292.3,7,3
78,25,293.7,7,3
78,40,289.4,7,3
78,41,285.4,7,3
78,56,284.9,7,3
78,57,281.3,7,3
78,72,280.9,7,3
78,73,280.4,7,3
78,88,284.5,7,3
78,89,280.9,7,3
78,102,281.9,7,3
78,103,286.0,7,3
78,116,283.5,7,3
78,117,285.2,7,3
78,130,286.3,7,3
78,131,289.3,7,3
78,140,282.7,7,3
78,141,287.6,7,3
78,10,90.7,7,5
78,11,93.5,7,5
78,26,91.2,7,5
78,27,91.0,7,5
78,42,91.7,7,5
78,43,85.2,7,5
78,58,91.6,7,5
78,59,95.9,7,5
78,74,101.7,7,5
78,75,85.6,7,5
78,90,93.3,7,5
78,91,84.7,7,5
78,104,94.6,7,5
78,105,88.0,7,5
78,118,94.6,7,5
78,119,94.3,7,5
78,132,91.6,7,5
78,133,95.4,7,5
78,142,94.2,7,5
78,143,86.8,7,5
78,12,91.6,7,6
78,13,89.6,7,6
78,28,94.4,7,6
78,29,82.3,7,6
78,44,85.9,7,6
78,45,81.6,7,6
78,60,85.1,7,6
78,61,91.9,7,6
78,76,88.3,7,6
78,77,88.8,7,6
78,92,91.7,7,6
78,93,87.9,7,6
78,106,84.7,7,6
78,107,91.6,7,6
78,120,84.0,7,6
78,121,84.7,7,6
78,134,86.9,7,6
78,135,87.5,7,6
78,144,82.7,7,6
78,145,91.2,7,6
78,14,85.6,7,7
78,15,84.7,7,7
78,30,80.5,7,7
78,31,74.9,7,7
78,46,80.1,7,7
78,47,80.5,7,7
78,62,72.7,7,7
78,63,67.1,7,7
78,78,0.0,7,7
78,79,78.1,7,7
78,94,67.1,7,7
78,95,83.4,7,7
78,108,80.5,7,7
78,109,86.6,7,7
78,122,79.4,7,7
78,123,86.7,7,7
78,136,81.2,7,7
78,137,86.7,7,7
78,146,85.4,7,7
78,147,83.7,7,7
79,150,99.7,7,9
79,151,99.7,7,9
79,148,98.0,7,8
79,149,89.5,7,8
79,0,88.6,7,0
79,1,78.6,7,0
79,16,95.8,7,0
79,17,96.0,7,0
79,32,91.7,7,0
79,33,95.4,7,0
79,48,88.6,7,0
79,49,92.3,7,0
79,64,84.7,7,0
79,65,96.7,7,0
79,80,95.1,7,0
79,81,92.5,7,0
79,2,277.6,7,4
79,3,283.5,7,4
79,18,286.0,7,4
79,19,285.4,7,4
79,34,277.7,7,4
79,35,284.0,7,4
79,50,284.4,7,4
79,51,286.0,7,4
79,66,288.4,7,4
79,67,294.2,7,4
79,82,286.6,7,4
79,83,290.3,7,4
79,96,284.7,7,4
79,97,286.5,7,4
79,110,292.9,7,4
79,111,285.7,7,4
79,124,286.2,7,4
79,125,289.4,7,4
79,4,293.4,7,1
79,5,290.3,7,1
79,20,293.2,7,1
79,21,287.7,7,1
79,36,288.2,7,1
79,37,288.8,7,1
79,52,285.4,7,1
79,53,289.7,7,1
79,68,293.0,7,1
79,69,289.1,7,1
79,84,282.0,7,1
79,85,290.2,7,1
79,98,293.3,7,1
79,99,286.0,7,1
79,112,282.6,7,1
79,113,283.1,7,1
79,126,294.3,7,1
79,127,285.0,7,1
79,6,288.8,7,2
79,7,293.3,7,2
79,22,296.3,7,2
79,23,293.9,7,2
79,38,283.1,7,2
79,39,285.0,7,2
79,54,283.0,7,2
79,55,283.6,7,2
79,70,284.9,7,2
79,71,285.9,7,2
79,86,290.2,7,2
79,87,281.0,7,2
79,100,283.0,7,2
79,101,285.8,7,2
79,114,285.8,7,2
79,115,294.0,7,2
79,128,290.3,7,2
79,129,288.0,7,2
79,138,287.3,7,2
79,139,285.7,7,2
79,8,285.0,7,3
79,9,293.2,7,3
79,24,292.2,7,3
79,25,293.1,7,3
79,40,288.4,7,3
79,41,285.2,7,3
79,56,284.7,7,3
79,57,282.5,7,3
79,72,280.6,7,3
79,73,282.6,7,3
79,88,284.7,7,3
79,89,279.4,7,3
79,102,282.4,7,3
79,103,285.8,7,3
79,116,285.0,7,3
79,117,283.4,7,3
79,130,285.8,7,3
79,131,288.0,7,3
79,140,281.5,7,3
79,141,287.3,7,3
79,10,98.1,7,5
79,11,98.9,7,5
79,26,96.1,7,5
79,27,100.2,7,5
79,42,96.8,7,5
79,43,98.3,7,5
79,58,96.8,7,5
79,59,97.0,7,5
79,74,101.6,7,5
79,75,97.5,7,5
79,90,96.8,7,5
79,91,97.9,7,5
79,104,94.6,7,5
79,105,99.4,7,5
79,118,99.3,7,5
79,119,97.4,7,5
79,132,93.4,7,5
79,133,99.1,7,5
79,142,87.8,7,5
79,143,89.4,7,5
79,12,86.6,7,6
79,13,94.3,7,6
79,28,99.2,7,6
79,29,94.9,7,6
79,44,94.4,7,6
79,45,88.9,7,6
79,60,89.5,7,6
79,61,89.1,7,6
79,76,92.7,7,6
79,77,97.9,7,6
79,92,92.7,7,6
79,93,92.5,7,6
79,106,88.6,7,6
79,107,91.9,7,6
79,120,92.0,7,6
79,121,88.6,7,6
79,134,82.6,7,6
79,135,82.6,7,6
79,144,85.8,7,6
79,145,78.1,7,6
79,14,89.8,7,7
79,15,95.4,7,7
79,30,83.8,7,7
79,31,87.2,7,7
79,46,84.4,7,7
79,47,81.5,7,7
79,62,80.2,7,7
79,63,69.7,7,7
79,78,78.1,7,7
79,79,0.0,7,7
79,94,69.3,7,7
79,95,79.8,7,7
79,108,93.5,7,7
79,109,94.5,7,7
79,122,79.3,7,7
79,123,91.2,7,7
79,136,84.9,7,7
79,137,102.0,7,7
79,146,101.5,7,7
79,147,91.0,7,7
94,150,91.9,7,9
94,151,89.7,7,9
94,148,90.7,7,8
94,149,85.0,7,8
94,0,86.0,7,0
94,1,89.7,7,0
94,16,85.4,7,0
94,17,84.7,7,0
94,32,84.4,7,0
94,33,85.6,7,0
94,48,80.8,7,0
94,49,78.6,7,0
94,64,82.4,7,0
94,65,87.0,7,0
94,80,86.3,7,0
94,81,90.2,7,0
94,2,282.0,7,4
94,3,287.6,7,4
94,18,288.6,7,4
94,19,288.3,7,4
94,34,281.3,7,4
94,35,286.8,7,4
94,50,287.3,7,4
94,51,289.8,7,4
94,66,291.8,7,4
94,67,296.9,7,4
94,82,289.0,7,4
94,83,293.1,7,4
94,96,288.1,7,4
94,97,288.6,7,4
94,110,295.2,7,4
94,111,288.3,7,4
94,124,287.9,7,4
94,125,293.2,7,4
94,4,295.9,7,1
94,5,292.7,7,1
94,20,295.6,7,1
94,21,291.3,7,1
94,36,292.0,7,1
94,37,292.3,7,1
94,52,288.5,7,1
94,53,292.5,7,1
94,68,296.5,7,1
94,69,292.2,7,1
94,84,285.3,7,1
94,85,292.7,7,1
94,98,295.9,7,1
94,99,288.7,7,1
94,112,287.3,7,1
94,113,286.2,7,1
94,126,296.5,7,1
94,127,288.5,7,1
94,6,291.6,7,2
94,7,295.9,7,2
94,22,298.0,7,2
94,23,296.0,7,2
94,38,286.4,7,2
94,39,288.0,7,2
94,54,286.9,7,2
94,55,286.9,7,2
94,70,289.0,7,2
94,71,290.5,7,2
94,86,293.5,7,2
94,87,284.0,7,2
94,100,286.4,7,2
94,101,289.4,7,2
94,114,289.0,7,2
94,115,296.8,7,2
94,128,293.2,7,2
94,129,290.5,7,2
94,138,289.9,7,2
94,139,288.6,7,2
94,8,287.9,7,3
94,9,295.6,7,3
94,24,294.7,7,3
94,25,296.4,7,3
94,40,291.2,7,3
94,41,289.2,7,3
94,56,288.3,7,3
94,57,286.7,7,3
94,72,284.7,7,3
94,73,286.2,7,3
94,88,287.7,7,3
94,89,284.6,7,3
94,102,285.4,7,3
94,103,289.1,7,3
94,116,286.9,7,3
94,117,288.2,7,3
94,130,289.6,7,3
94,131,292.3,7,3
94,140,286.6,7,3
94,141,289.8,7,3
94,10,91.1,7,5
94,11,96.9,7,5
94,26,91.3,7,5
94,27,98.7,7,5
94,42,93.5,7,5
94,43,98.3,7,5
94,58,92.3,7,5
94,59,89.5,7,5
94,74,101.3,7,5
94,75,90.4,7,5
94,90,90.0,7,5
94,91,89.2,7,5
94,104,91.0,7,5
94,105,94.0,7,5
94,118,91.0,7,5
94,119,94.6,7,5
94,132,85.7,7,5
94,133,87.8,7,5
94,142,87.6,7,5
94,143,83.4,7,5
94,12,83.6,7,6
94,13,87.7,7,6
94,28,83.9,7,6
94,29,85.8,7,6
94,44,83.3,7,6
94,45,82.2,7,6
94,60,80.6,7,6
94,61,77.1,7,6
94,76,81.6,7,6
94,77,80.4,7,6
94,92,81.2,7,6
94,93,75.9,7,6
94,106,76.5,7,6
94,107,83.0,7,6
94,120,83.8,7,6
94,121,73.4,7,6
94,134,77.4,7,6
94,135,76.8,7,6
94,144,77.6,7,6
94,145,91.2,7,6
94,14,83.3,7,7
94,15,80.0,7,7
94,30,73.1,7,7
94,31,76.9,7,7
94,46,71.4,7,7
94,47,74.1,7,7
94,62,71.9,7,7
94,63,74.1,7,7
94,78,67.1,7,7
94,79,69.3,7,7
94,94,0.0,7,7
94,95,77.1,7,7
94,108,82.9,7,7
94,109,89.9,7,7
94,122,77.8,7,7
94,123,83.0,7,7
94,136,76.7,7,7
94,137,86.5,7,7
94,146,89.5,7,7
94,147,85.7,7,7
95,150,90.0,7,9
95,151,88.9,7,9
95,148,85.0,7,8
95,149,84.8,7,8
95,0,87.5,7,0
95,1,75.6,7,0
95,16,86.7,7,0
95,17,84.1,7,0
95,32,76.9,7,0
95,33,87.5,7,0
95,48,75.3,7,0
95,49,81.0,7,0
95,64,70.9,7,0
95,65,85.6,7,0
95,80,87.1,7,0
95,81,85.5,7,0
95,2,278.4,7,4
95,3,285.7,7,4
95,18,286.0,7,4
95,19,286.1,7,4
95,34,278.6,7,4
95,35,284.4,7,4
95,50,283.6,7,4
95,51,284.6,7,4
95,66,288.8,7,4
95,67,294.1,7,4
95,82,286.1,7,4
95,83,291.0,7,4
95,96,284.6,7,4
95,97,284.8,7,4
95,110,291.5,7,4
95,111,286.2,7,4
95,124,285.8,7,4
95,125,289.2,7,4
95,4,292.7,7,1
95,5,289.9,7,1
95,20,292.9,7,1
95,21,288.4,7,1
95,36,287.6,7,1
95,37,289.9,7,1
95,52,285.4,7,1
95,53,289.2,7,1
95,68,293.2,7,1
95,69,289.5,7,1
95,84,283.8,7,1
95,85,289.8,7,1
95,98,292.9,7,1
95,99,285.5,7,1
95,112,283.8,7,1
95,113,283.7,7,1
95,126,294.1,7,1
95,127,286.1,7,1
95,6,288.6,7,2
95,7,293.5,7,2
95,22,295.7,7,2
95,23,293.6,7,2
95,38,283.7,7,2
95,39,285.3,7,2
95,54,285.6,7,2
95,55,285.2,7,2
95,70,286.2,7,2
95,71,288.2,7,2
95,86,291.6,7,2
95,87,282.9,7,2
95,100,284.1,7,2
95,101,287.2,7,2
95,114,286.7,7,2
95,115,294.3,7,2
95,128,291.4,7,2
95,129,288.0,7,2
95,138,286.5,7,2
95,139,286.8,7,2
95,8,285.3,7,3
95,9,293.9,7,3
95,24,292.2,7,3
95,25,293.9,7,3
95,40,289.4,7,3
95,41,286.3,7,3
95,56,286.5,7,3
95,57,283.8,7,3
95,72,283.3,7,3
95,73,284.4,7,3
95,88,285.9,7,3
95,89,282.3,7,3
95,102,283.0,7,3
95,103,287.6,7,3
95,116,284.4,7,3
95,117,284.9,7,3
95,130,287.4,7,3
95,131,287.9,7,3
95,140,283.7,7,3
95,141,287.4,7,3
95,10,83.1,7,5
95,11,86.5,7,5
95,26,83.3,7,5
95,27,90.2,7,5
95,42,90.3,7,5
95,43,90.1,7,5
95,58,89.0,7,5
95,59,87.1,7,5
95,74,96.7,7,5
95,75,85.7,7,5
95,90,93.4,7,5
95,91,86.0,7,5
95,104,79.8,7,5
95,105,89.5,7,5
95,118,97.7,7,5
95,119,96.3,7,5
95,132,87.2,7,5
95,133,89.1,7,5
95,142,85.7,7,5
95,143,87.6,7,5
95,12,77.2,7,6
95,13,86.3,7,6
95,28,88.0,7,6
95,29,80.0,7,6
95,44,82.4,7,6
95,45,86.1,7,6
95,60,83.5,7,6
95,61,84.5,7,6
95,76,84.4,7,6
95,77,82.3,7,6
95,92,83.2,7,6
95,93,78.3,7,6
95,106,86.6,7,6
95,107,82.0,7,6
95,120,81.5,7,6
95,121,70.3,7,6
95,134,69.1,7,6
95,135,92.8,7,6
95,144,91.8,7,6
95,145,90.9,7,6
95,14,89.1,7,7
95,15,95.6,7,7
95,30,85.3,7,7
95,31,83.6,7,7
95,46,85.1,7,7
95,47,87.1,7,7
95,62,87.6,7,7
95,63,71.2,7,7
95,78,83.4,7,7
95,79,79.8,7,7
95,94,77.1,7,7
95,95,0.0,7,7
95,108,65.9,7,7
95,109,75.4,7,7
95,122,79.0,7,7
95,123,74.7,7,7
95,136,73.9,7,7
95,137,81.5,7,7
95,146,87.7,7,7
95,147,75.1,7,7
108,150,85.4,7,9
108,151,86.6,7,9
108,148,82.5,7,8
108,149,86.5,7,8
108,0,87.9,7,0
108,1,78.9,7,0
108,16,82.9,7,0
108,17,85.2,7,0
108,32,81.6,7,0
108,33,89.6,7,0
108,48,83.9,7,0
108,49,85.1,7,0
108,64,85.2,7,0
108,65,85.6,7,0
108,80,83.7,7,0
108,81,90.2,7,0
108,2,282.9,7,4
108,3,288.1,7,4
108,18,288.4,7,4
108,19,288.9,7,4
108,34,282.0,7,4
108,35,287.4,7,4
108,50,287.9,7,4
108,51,290.6,7,4
108,66,291.7,7,4
108,67,298.1,7,4
108,82,291.3,7,4
108,83,294.3,7,4
108,96,289.1,7,4
108,97,287.3,7,4
108,110,295.9,7,4
108,111,289.9,7,4
108,124,288.8,7,4
108,125,293.7,7,4
108,4,296.0,7,1
108,5,293.5,7,1
108,20,295.9,7,1
108,21,292.0,7,1
108,36,291.5,7,1
108,37,292.5,7,1
108,52,288.3,7,1
108,53,292.8,7,1
108,68,296.6,7,1
108,69,292.8,7,1
108,84,288.2,7,1
108,85,292.5,7,1
108,98,296.7,7,1
108,99,287.8,7,1
108,112,288.0,7,1
108,113,286.4,7,1
108,126,297.5,7,1
108,127,288.8,7,1
108,6,290.9,7,2
108,7,297.0,7,2
108,22,299.1,7,2
108,23,297.0,7,2
108,38,285.7,7,2
108,39,289.8,7,2
108,54,289.7,7,2
108,55,288.8,7,2
108,70,289.7,7,2
108,71,290.3,7,2
108,86,294.9,7,2
108,87,284.8,7,2
108,100,287.9,7,2
108,101,290.5,7,2
108,114,290.5,7,2
108,115,298.1,7,2
108,128,295.3,7,2
108,129,291.4,7,2
108,138,289.1,7,2
108,139,290.3,7,2
108,8,288.4,7,3
108,9,297.5,7,3
108,24,295.0,7,3
108,25,295.9,7,3
108,40,292.8,7,3
108,41,289.6,7,3
108,56,289.6,7,3
108,57,285.2,7,3
108,72,286.2,7,3
108,73,284.4,7,3
108,88,289.5,7,3
108,89,284.7,7,3
108,102,284.6,7,3
108,103,291.7,7,3
108,116,287.2,7,3
108,117,289.9,7,3
108,130,290.7,7,3
108,131,292.3,7,3
108,140,286.7,7,3
108,141,291.4,7,3
108,10,87.0,7,5
108,11,91.0,7,5
108,26,86.8,7,5
108,27,81.2,7,5
108,42,98.2,7,5
108,43,95.0,7,5
108,58,94.6,7,5
108,59,96.5,7,5
108,74,111.2,7,5
108,75,95.4,7,5
108,90,99.2,7,5
108,91,87.0,7,5
108,104,92.1,7,5
108,105,90.8,7,5
108,118,102.1,7,5
108,119,102.3,7,5
108,132,93.7,7,5
108,133,94.5,7,5
108,142,92.3,7,5
108,143,94.8,7,5
108,12,89.1,7,6
108,13,91.0,7,6
108,28,99.1,7,6
108,29,75.5,7,6
108,44,90.2,7,6
108,45,89.2,7,6
108,60,81.6,7,6
108,61,87.5,7,6
108,76,83.2,7,6
108,77,79.5,7,6
108,92,82.9,7,6
108,93,78.5,7,6
108,106,87.3,7,6
108,107,82.8,7,6
108,120,73.1,7,6
108,121,73.2,7,6
108,134,82.0,7,6
108,135,88.3,7,6
108,144,84.3,7,6
108,145,93.7,7,6
108,14,92.2,7,7
108,15,94.1,7,7
108,30,88.3,7,7
108,31,84.4,7,7
108,46,86.1,7,7
108,47,88.3,7,7
108,62,85.8,7,7
108,63,88.7,7,7
108,78,80.5,7,7
108,79,93.5,7,7
108,94,82.9,7,7
108,95,65.9,7,7
108,108,0.0,7,7
108,109,51.7,7,7
108,122,89.0,7,7
108,123,70.5,7,7
108,136,72.3,7,7
108,137,78.5,7,7
108,146,85.4,7,7
108,147,68.7,7,7
109,150,91.6,7,9
109,151,89.2,7,9
109,148,92.9,7,8
109,149,90.5,7,8
109,0,93.9,7,0
109,1,83.6,7,0
109,16,88.2,7,0
109,17,88.7,7,0
109,32,86.8,7,0
109,33,92.7,7,0
109,48,88.2,7,0
109,49,88.9,7,0
109,64,87.2,7,0
109,65,94.9,7,0
109,80,87.1,7,0
109,81,91.4,7,0
109,2,281.4,7,4
109,3,285.6,7,4
109,18,286.8,7,4
109,19,287.5,7,4
109,34,279.0,7,4
109,35,285.7,7,4
109,50,286.4,7,4
109,51,289.9,7,4
109,66,290.2,7,4
109,67,297.0,7,4
109,82,290.4,7,4
109,83,292.9,7,4
109,96,287.3,7,4
109,97,285.8,7,4
109,110,295.1,7,4
109,111,288.5,7,4
109,124,286.9,7,4
109,125,293.0,7,4
109,4,294.7,7,1
109,5,292.5,7,1
109,20,294.9,7,1
109,21,290.2,7,1
109,36,290.1,7,1
109,37,291.2,7,1
109,52,286.5,7,1
109,53,292.0,7,1
109,68,295.5,7,1
109,69,292.2,7,1
109,84,286.7,7,1
109,85,291.4,7,1
109,98,295.2,7,1
109,99,286.5,7,1
109,112,286.3,7,1
109,113,285.1,7,1
109,126,296.0,7,1
109,127,286.6,7,1
109,6,288.4,7,2
109,7,295.8,7,2
109,22,297.3,7,2
109,23,295.7,7,2
109,38,283.9,7,2
109,39,287.9,7,2
109,54,286.5,7,2
109,55,287.0,7,2
109,70,287.9,7,2
109,71,287.3,7,2
109,86,293.5,7,2
109,87,282.4,7,2
109,100,285.6,7,2
109,101,287.9,7,2
109,114,288.2,7,2
109,115,295.9,7,2
109,128,293.0,7,2
109,129,289.9,7,2
109,138,287.2,7,2
109,139,288.5,7,2
109,8,286.3,7,3
109,9,296.8,7,3
109,24,294.3,7,3
109,25,294.6,7,3
109,40,291.7,7,3
109,41,288.6,7,3
109,56,289.0,7,3
109,57,284.8,7,3
109,72,285.2,7,3
109,73,283.1,7,3
109,88,288.4,7,3
109,89,282.6,7,3
109,102,284.6,7,3
109,103,290.6,7,3
109,116,285.8,7,3
109,117,288.8,7,3
109,130,288.7,7,3
109,131,291.5,7,3
109,140,285.1,7,3
109,141,289.9,7,3
109,10,90.0,7,5
109,11,92.5,7,5
109,26,90.5,7,5
109,27,92.1,7,5
109,42,102.7,7,5
109,43,108.2,7,5
109,58,105.7,7,5
109,59,105.3,7,5
109,74,116.4,7,5
109,75,101.4,7,5
109,90,104.3,7,5
109,91,96.0,7,5
109,104,102.6,7,5
109,105,95.5,7,5
109,118,104.1,7,5
109,119,110.2,7,5
109,132,99.1,7,5
109,133,97.6,7,5
109,142,95.6,7,5
109,143,101.7,7,5
109,12,90.7,7,6
109,13,97.3,7,6
109,28,106.8,7,6
109,29,87.4,7,6
109,44,95.3,7,6
109,45,88.7,7,6
109,60,80.6,7,6
109,61,88.5,7,6
109,76,86.0,7,6
109,77,83.8,7,6
109,92,85.0,7,6
109,93,76.1,7,6
109,106,89.6,7,6
109,107,83.5,7,6
109,120,71.2,7,6
109,121,79.4,7,6
109,134,87.4,7,6
109,135,92.1,7,6
109,144,91.9,7,6
109,145,100.3,7,6
109,14,97.9,7,7
109,15,99.3,7,7
109,30,97.6,7,7
109,31,94.2,7,7
109,46,90.7,7,7
109,47,94.1,7,7
109,62,89.2,7,7
109,63,95.9,7,7
109,78,86.6,7,7
109,79,94.5,7,7
109,94,89.9,7,7
109,95,75.4,7,7
109,108,51.7,7,7
109,109,0.0,7,7
109,122,90.8,7,7
109,123,70.9,7,7
109,136,77.0,7,7
109,137,81.0,7,7
109,146,89.6,7,7
109,147,79.0,7,7
122,150,98.7,7,9
122,151,96.8,7,9
122,148,96.9,7,8
122,149,79.2,7,8
122,0,83.6,7,0
122,1,94.6,7,0
122,16,82.0,7,0
122,17,94.1,7,0
122,32,92.8,7,0
122,33,87.8,7,0
122,48,89.0,7,0
122,49,94.6,7,0
122,64,88.4,7,0
122,65,88.6,7,0
122,80,92.9,7,0
122,81,83.9,7,0
122,2,274.6,7,4
122,3,280.1,7,4
122,18,281.5,7,4
122,19,282.4,7,4
122,34,274.4,7,4
122,35,280.4,7,4
122,50,280.4,7,4
122,51,282.5,7,4
122,66,285.3,7,4
122,67,290.5,7,4
122,82,282.9,7,4
122,83,287.6,7,4
122,96,280.9,7,4
122,97,282.1,7,4
122,110,288.9,7,4
122,111,281.2,7,4
122,124,282.5,7,4
122,125,286.1,7,4
122,4,290.0,7,1
122,5,286.4,7,1
122,20,290.0,7,1
122,21,283.6,7,1
122,36,285.4,7,1
122,37,285.3,7,1
122,52,282.1,7,1
122,53,286.2,7,1
122,68,290.4,7,1
122,69,286.2,7,1
122,84,277.1,7,1
122,85,287.3,7,1
122,98,290.1,7,1
122,99,281.9,7,1
122,112,279.9,7,1
122,113,279.7,7,1
122,126,290.8,7,1
122,127,282.0,7,1
122,6,285.2,7,2
122,7,290.0,7,2
122,22,292.5,7,2
122,23,290.3,7,2
122,38,279.2,7,2
122,39,280.9,7,2
122,54,279.6,7,2
122,55,279.8,7,2
122,70,281.1,7,2
122,71,282.5,7,2
122,86,287.1,7,2
122,87,278.0,7,2
122,100,280.0,7,2
122,101,282.3,7,2
122,114,282.4,7,2
122,115,290.8,7,2
122,128,287.2,7,2
122,129,283.6,7,2
122,138,283.3,7,2
122,139,281.2,7,2
122,8,280.2,7,3
122,9,288.9,7,3
122,24,288.2,7,3
122,25,290.3,7,3
122,40,284.7,7,3
122,41,282.8,7,3
122,56,281.8,7,3
122,57,280.0,7,3
122,72,277.8,7,3
122,73,280.1,7,3
122,88,281.8,7,3
122,89,276.9,7,3
122,102,279.5,7,3
122,103,282.2,7,3
122,116,281.5,7,3
122,117,281.8,7,3
122,130,281.8,7,3
122,131,283.5,7,3
122,140,276.6,7,3
122,141,283.5,7,3
122,10,92.3,7,5
122,11,93.3,7,5
122,26,91.6,7,5
122,27,97.9,7,5
122,42,92.3,7,5
122,43,96.0,7,5
122,58,97.1,7,5
122,59,99.2,7,5
122,74,92.2,7,5
122,75,96.6,7,5
122,90,93.4,7,5
122,91,97.3,7,5
122,104,90.8,7,5
122,105,93.5,7,5
122,118,100.0,7,5
122,119,91.7,7,5
122,132,93.6,7,5
122,133,99.6,7,5
122,142,92.4,7,5
122,143,86.0,7,5
122,12,87.8,7,6
122,13,88.7,7,6
122,28,92.0,7,6
122,29,90.2,7,6
122,44,85.2,7,6
122,45,76.8,7,6
122,60,89.2,7,6
122,61,83.4,7,6
122,76,91.0,7,6
122,77,95.2,7,6
122,92,90.4,7,6
122,93,87.0,7,6
122,106,89.0,7,6
122,107,86.8,7,6
122,120,86.0,7,6
122,121,87.1,7,6
122,134,86.1,7,6
122,135,94.7,7,6
122,144,95.0,7,6
122,145,97.6,7,6
122,14,99.2,7,7
122,15,101.9,7,7
122,30,94.0,7,7
122,31,91.0,7,7
122,46,90.7,7,7
122,47,89.5,7,7
122,62,92.3,7,7
122,63,82.9,7,7
122,78,79.4,7,7
122,79,79.3,7,7
122,94,77.8,7,7
122,95,79.0,7,7
122,108,89.0,7,7
122,109,90.8,7,7
122,122,0.0,7,7
122,123,84.6,7,7
122,136,77.8,7,7
122,137,97.4,7,7
122,146,97.7,7,7
122,147,91.9,7,7
123,150,78.4,7,9
123,151,79.1,7,9
123,148,87.4,7,8
123,149,85.7,7,8
123,0,93.5,7,0
123,1,86.2,7,0
123,16,90.9,7,0
123,17,85.1,7,0
123,32,78.3,7,0
123,33,84.6,7,0
123,48,82.1,7,0
123,49,81.8,7,0
123,64,85.5,7,0
123,65,88.3,7,0
123,80,81.7,7,0
123,81,84.8,7,0
123,2,283.3,7,4
123,3,287.8,7,4
123,18,288.1,7,4
123,19,289.8,7,4
123,34,282.4,7,4
123,35,289.7,7,4
123,50,288.8,7,4
123,51,292.3,7,4
123,66,293.7,7,4
123,67,298.5,7,4
123,82,292.1,7,4
123,83,296.0,7,4
123,96,289.9,7,4
123,97,290.6,7,4
123,110,296.6,7,4
123,111,291.4,7,4
123,124,290.9,7,4
123,125,295.0,7,4
123,4,296.5,7,1
123,5,294.7,7,1
123,20,297.2,7,1
123,21,292.8,7,1
123,36,293.4,7,1
123,37,294.9,7,1
123,52,290.2,7,1
123,53,294.1,7,1
123,68,298.7,7,1
123,69,294.2,7,1
123,84,289.1,7,1
123,85,293.6,7,1
123,98,297.8,7,1
123,99,290.6,7,1
123,112,289.9,7,1
123,113,288.3,7,1
123,126,298.2,7,1
123,127,290.4,7,1
123,6,292.9,7,2
123,7,297.8,7,2
123,22,299.7,7,2
123,23,297.5,7,2
123,38,287.6,7,2
123,39,290.6,7,2
123,54,290.3,7,2
123,55,289.9,7,2
123,70,291.3,7,2
123,71,291.6,7,2
123,86,295.4,7,2
123,87,287.6,7,2
123,100,288.7,7,2
123,101,290.7,7,2
123,114,289.8,7,2
123,115,298.2,7,2
123,128,295.3,7,2
123,129,293.2,7,2
123,138,291.2,7,2
123,139,290.2,7,2
123,8,289.8,7,3
123,9,297.5,7,3
123,24,296.5,7,3
123,25,297.6,7,3
123,40,294.2,7,3
123,41,290.7,7,3
123,56,291.1,7,3
123,57,288.6,7,3
123,72,288.7,7,3
123,73,288.7,7,3
123,88,290.9,7,3
123,89,286.1,7,3
123,102,287.9,7,3
123,103,293.0,7,3
123,116,289.8,7,3
123,117,291.4,7,3
123,130,291.9,7,3
123,131,293.9,7,3
123,140,288.5,7,3
123,141,292.6,7,3
123,10,85.4,7,5
123,11,95.9,7,5
123,26,90.2,7,5
123,27,92.2,7,5
123,42,95.5,7,5
123,43,103.5,7,5
123,58,97.9,7,5
123,59,90.7,7,5
123,74,114.3,7,5
123,75,94.8,7,5
123,90,94.3,7,5
123,91,88.4,7,5
123,104,96.6,7,5
123,105,89.5,7,5
123,118,95.6,7,5
123,119,99.2,7,5
123,132,89.0,7,5
123,133,89.7,7,5
123,142,88.3,7,5
123,143,86.0,7,5
123,12,88.7,7,6
123,13,91.7,7,6
123,28,99.0,7,6
123,29,85.8,7,6
123,44,89.2,7,6
123,45,78.8,7,6
123,60,72.9,7,6
123,61,81.6,7,6
123,76,82.2,7,6
123,77,76.4,7,6
123,92,70.7,7,6
123,93,69.7,7,6
123,106,74.7,7,6
123,107,80.8,7,6
123,120,75.2,7,6
123,121,72.0,7,6
123,134,80.5,7,6
123,135,77.4,7,6
123,144,78.2,7,6
123,145,95.6,7,6
123,14,92.1,7,7
123,15,91.4,7,7
123,30,90.4,7,7
123,31,82.0,7,7
123,46,86.8,7,7
123,47,97.1,7,7
123,62,84.4,7,7
123,63,90.8,7,7
123,78,86.7,7,7
123,79,91.2,7,7
123,94,83.0,7,7
123,95,74.7,7,7
123,108,70.5,7,7
123,109,70.9,7,7
123,122,84.6,7,7
123,123,0.0,7,7
123,136,67.7,7,7
123,137,86.3,7,7
123,146,85.6,7,7
123,147,83.3,7,7
136,150,82.1,7,9
136,151,82.9,7,9
136,148,79.1,7,8
136,149,79.7,7,8
136,0,83.7,7,0
136,1,86.6,7,0
136,16,84.9,7,0
136,17,83.2,7,0
136,32,77.0,7,0
136,33,78.7,7,0
136,48,79.9,7,0
136,49,77.3,7,0
136,64,82.7,7,0
136,65,80.3,7,0
136,80,83.2,7,0
136,81,83.0,7,0
136,2,283.2,7,4
136,3,287.8,7,4
136,18,289.4,7,4
136,19,288.9,7,4
136,34,281.8,7,4
136,35,289.1,7,4
136,50,289.5,7,4
136,51,292.6,7,4
136,66,293.3,7,4
136,67,298.4,7,4
136,82,292.0,7,4
136,83,296.1,7,4
136,96,289.9,7,4
136,97,290.6,7,4
136,110,297.2,7,4
136,111,290.1,7,4
136,124,290.6,7,4
136,125,294.8,7,4
136,4,297.4,7,1
136,5,294.5,7,1
136,20,297.0,7,1
136,21,291.9,7,1
136,36,293.5,7,1
136,37,294.2,7,1
136,52,290.2,7,1
136,53,293.5,7,1
136,68,297.4,7,1
136,69,293.2,7,1
136,84,287.4,7,1
136,85,293.9,7,1
136,98,297.1,7,1
136,99,289.8,7,1
136,112,289.7,7,1
136,113,287.8,7,1
136,126,297.4,7,1
136,127,290.1,7,1
136,6,292.9,7,2
136,7,297.8,7,2
136,22,299.6,7,2
136,23,297.3,7,2
136,38,287.7,7,2
136,39,289.7,7,2
136,54,288.8,7,2
136,55,288.6,7,2
136,70,290.2,7,2
136,71,290.1,7,2
136,86,294.8,7,2
136,87,286.8,7,2
136,100,288.0,7,2
136,101,290.7,7,2
136,114,291.2,7,2
136,115,298.3,7,2
136,128,295.2,7,2
136,129,291.8,7,2
136,138,291.7,7,2
136,139,289.1,7,2
136,8,289.5,7,3
136,9,296.8,7,3
136,24,296.2,7,3
136,25,297.3,7,3
136,40,293.1,7,3
136,41,290.4,7,3
136,56,290.1,7,3
136,57,287.5,7,3
136,72,285.2,7,3
136,73,287.2,7,3
136,88,289.0,7,3
136,89,284.8,7,3
136,102,287.2,7,3
136,103,291.6,7,3
136,116,289.0,7,3
136,117,290.1,7,3
136,130,290.2,7,3
136,131,294.0,7,3
136,140,287.1,7,3
136,141,292.1,7,3
136,10,89.8,7,5
136,11,93.2,7,5
136,26,89.7,7,5
136,27,91.4,7,5
136,42,88.2,7,5
136,43,97.6,7,5
136,58,84.7,7,5
136,59,94.0,7,5
136,74,107.0,7,5
136,75,86.6,7,5
136,90,83.8,7,5
136,91,89.0,7,5
136,104,88.3,7,5
136,105,76.5,7,5
136,118,89.7,7,5
136,119,92.3,7,5
136,132,73.7,7,5
136,133,86.5,7,5
136,142,81.5,7,5
136,143,81.9,7,5
136,12,78.1,7,6
136,13,70.4,7,6
136,28,86.9,7,6
136,29,71.8,7,6
136,44,83.1,7,6
136,45,76.5,7,6
136,60,79.6,7,6
136,61,77.1,7,6
136,76,69.0,7,6
136,77,79.9,7,6
136,92,78.7,7,6
136,93,74.3,7,6
136,106,73.1,7,6
136,107,77.3,7,6
136,120,76.8,7,6
136,121,72.0,7,6
136,134,73.8,7,6
136,135,77.9,7,6
136,144,76.1,7,6
136,145,92.8,7,6
136,14,89.7,7,7
136,15,91.4,7,7
136,30,85.7,7,7
136,31,84.4,7,7
136,46,77.2,7,7
136,47,80.3,7,7
136,62,71.7,7,7
136,63,89.7,7,7
136,78,81.2,7,7
136,79,84.9,7,7
136,94,76.7,7,7
136,95,73.9,7,7
136,108,72.3,7,7
136,109,77.0,7,7
136,122,77.8,7,7
136,123,67.7,7,7
136,136,0.0,7,7
136,137,81.4,7,7
136,146,84.5,7,7
136,147,79.8,7,7
137,150,74.2,7,9
137,151,81.7,7,9
137,148,75.5,7,8
137,149,83.0,7,8
137,0,84.2,7,0
137,1,87.0,7,0
137,16,83.7,7,0
137,17,81.4,7,0
137,32,68.2,7,0
137,33,87.2,7,0
137,48,81.0,7,0
137,49,71.6,7,0
137,64,78.6,7,0
137,65,82.9,7,0
137,80,91.5,7,0
137,81,94.0,7,0
137,2,282.8,7,4
137,3,288.7,7,4
137,18,289.2,7,4
137,19,290.3,7,4
137,34,281.7,7,4
137,35,287.7,7,4
137,50,287.6,7,4
137,51,291.5,7,4
137,66,292.7,7,4
137,67,298.4,7,4
137,82,291.5,7,4
137,83,295.1,7,4
137,96,289.3,7,4
137,97,289.0,7,4
137,110,296.5,7,4
137,111,290.2,7,4
137,124,289.5,7,4
137,125,293.9,7,4
137,4,295.9,7,1
137,5,293.3,7,1
137,20,295.4,7,1
137,21,291.8,7,1
137,36,291.9,7,1
137,37,293.3,7,1
137,52,288.8,7,1
137,53,292.6,7,1
137,68,296.2,7,1
137,69,293.7,7,1
137,84,288.2,7,1
137,85,292.8,7,1
137,98,296.4,7,1
137,99,288.5,7,1
137,112,289.2,7,1
137,113,286.9,7,1
137,126,297.5,7,1
137,127,289.8,7,1
137,6,290.6,7,2
137,7,296.8,7,2
137,22,298.9,7,2
137,23,297.0,7,2
137,38,287.2,7,2
137,39,289.8,7,2
137,54,290.1,7,2
137,55,289.7,7,2
137,70,291.7,7,2
137,71,291.5,7,2
137,86,295.8,7,2
137,87,288.0,7,2
137,100,287.6,7,2
137,101,291.4,7,2
137,114,291.5,7,2
137,115,298.2,7,2
137,128,295.5,7,2
137,129,292.8,7,2
137,138,290.5,7,2
137,139,290.0,7,2
137,8,289.0,7,3
137,9,296.9,7,3
137,24,295.4,7,3
137,25,297.0,7,3
137,40,293.3,7,3
137,41,289.9,7,3
137,56,289.3,7,3
137,57,286.2,7,3
137,72,285.5,7,3
137,73,285.9,7,3
137,88,289.0,7,3
137,89,284.2,7,3
137,102,285.9,7,3
137,103,291.8,7,3
137,116,287.2,7,3
137,117,290.2,7,3
137,130,290.6,7,3
137,131,292.5,7,3
137,140,287.4,7,3
137,141,291.5,7,3
137,10,86.3,7,5
137,11,83.6,7,5
137,26,82.8,7,5
137,27,91.8,7,5
137,42,95.8,7,5
137,43,94.1,7,5
137,58,81.2,7,5
137,59,91.7,7,5
137,74,108.1,7,5
137,75,84.8,7,5
137,90,89.2,7,5
137,91,83.3,7,5
137,104,88.4,7,5
137,105,90.9,7,5
137,118,96.1,7,5
137,119,100.2,7,5
137,132,93.9,7,5
137,133,87.9,7,5
137,142,92.1,7,5
137,143,90.9,7,5
137,12,82.5,7,6
137,13,91.1,7,6
137,28,92.7,7,6
137,29,83.7,7,6
137,44,83.8,7,6
137,45,96.9,7,6
137,60,88.9,7,6
137,61,93.9,7,6
137,76,87.1,7,6
137,77,86.1,7,6
137,92,84.3,7,6
137,93,76.7,7,6
137,106,85.2,7,6
137,107,80.4,7,6
137,120,77.3,7,6
137,121,73.4,7,6
137,134,79.1,7,6
137,135,86.8,7,6
137,144,81.5,7,6
137,145,102.4,7,6
137,14,92.7,7,7
137,15,85.9,7,7
137,30,87.6,7,7
137,31,75.9,7,7
137,46,78.6,7,7
137,47,92.2,7,7
137,62,88.7,7,7
137,63,97.5,7,7
137,78,86.7,7,7
137,79,102.0,7,7
137,94,86.5,7,7
137,95,81.5,7,7
137,108,78.5,7,7
137,109,81.0,7,7
137,122,97.4,7,7
137,123,86.3,7,7
137,136,81.4,7,7
137,137,0.0,7,7
137,146,70.2,7,7
137,147,71.0,7,7
146,150,75.5,7,9
146,151,85.5,7,9
146,148,77.5,7,8
146,149,85.5,7,8
146,0,85.3,7,0
146,1,89.2,7,0
146,16,92.3,7,0
146,17,82.1,7,0
146,32,81.8,7,0
146,33,85.4,7,0
146,48,87.6,7,0
146,49,85.5,7,0
146,64,82.5,7,0
146,65,89.6,7,0
146,80,89.2,7,0
146,81,97.2,7,0
146,2,283.6,7,4
146,3,290.2,7,4
146,18,291.1,7,4
146,19,291.0,7,4
146,34,284.2,7,4
146,35,290.1,7,4
146,50,289.0,7,4
146,51,291.6,7,4
146,66,294.2,7,4
146,67,300.2,7,4
146,82,293.8,7,4
146,83,296.7,7,4
146,96,290.9,7,4
146,97,291.2,7,4
146,110,298.3,7,4
146,111,292.2,7,4
146,124,292.4,7,4
146,125,295.0,7,4
146,4,298.7,7,1
146,5,295.7,7,1
146,20,298.0,7,1
146,21,293.8,7,1
146,36,294.4,7,1
146,37,295.2,7,1
146,52,292.2,7,1
146,53,294.8,7,1
146,68,298.8,7,1
146,69,295.8,7,1
146,84,290.0,7,1
146,85,295.7,7,1
146,98,298.5,7,1
146,99,290.9,7,1
146,112,291.5,7,1
146,113,288.9,7,1
146,126,299.9,7,1
146,127,291.8,7,1
146,6,294.2,7,2
146,7,299.4,7,2
146,22,301.2,7,2
146,23,298.5,7,2
146,38,289.0,7,2
146,39,291.0,7,2
146,54,292.3,7,2
146,55,290.2,7,2
146,70,293.2,7,2
146,71,293.9,7,2
146,86,297.2,7,2
146,87,289.9,7,2
146,100,290.3,7,2
146,101,293.6,7,2
146,114,293.8,7,2
146,115,300.5,7,2
146,128,297.1,7,2
146,129,294.8,7,2
146,138,292.4,7,2
146,139,292.2,7,2
146,8,292.0,7,3
146,9,298.7,7,3
146,24,297.5,7,3
146,25,299.1,7,3
146,40,295.3,7,3
146,41,291.2,7,3
146,56,290.4,7,3
146,57,287.4,7,3
146,72,286.8,7,3
146,73,287.6,7,3
146,88,290.6,7,3
146,89,286.6,7,3
146,102,288.1,7,3
146,103,293.3,7,3
146,116,290.1,7,3
146,117,291.6,7,3
146,130,292.4,7,3
146,131,294.3,7,3
146,140,289.0,7,3
146,141,293.4,7,3
146,10,86.8,7,5
146,11,91.1,7,5
146,26,84.2,7,5
146,27,89.6,7,5
146,42,91.2,7,5
146,43,94.0,7,5
146,58,88.9,7,5
146,59,93.3,7,5
146,74,109.7,7,5
146,75,77.7,7,5
146,90,92.6,7,5
146,91,83.9,7,5
146,104,92.8,7,5
146,105,88.4,7,5
146,118,96.1,7,5
146,119,96.4,7,5
146,132,92.1,7,5
146,133,84.5,7,5
146,142,92.2,7,5
146,143,89.4,7,5
146,12,93.0,7,6
146,13,92.6,7,6
146,28,96.4,7,6
146,29,82.8,7,6
146,44,89.9,7,6
146,45,91.8,7,6
146,60,83.2,7,6
146,61,93.1,7,6
146,76,87.2,7,6
146,77,81.4,7,6
146,92,79.6,7,6
146,93,84.0,7,6
146,106,87.7,7,6
146,107,84.8,7,6
146,120,79.5,7,6
146,121,81.2,7,6
146,134,80.8,7,6
146,135,87.7,7,6
146,144,77.1,7,6
146,145,98.6,7,6
146,14,89.0,7,7
146,15,88.8,7,7
146,30,74.8,7,7
146,31,80.4,7,7
146,46,77.5,7,7
146,47,98.1,7,7
146,62,86.7,7,7
146,63,90.2,7,7
146,78,85.4,7,7
146,79,101.5,7,7
146,94,89.5,7,7
146,95,87.7,7,7
146,108,85.4,7,7
146,109,89.6,7,7
146,122,97.7,7,7
146,123,85.6,7,7
146,136,84.5,7,7
146,137,70.2,7,7
146,146,0.0,7,7
146,147,71.2,7,7
147,150,81.0,7,9
147,151,81.1,7,9
147,148,71.7,7,8
147,149,81.6,7,8
147,0,84.7,7,0
147,1,66.0,7,0
147,16,83.1,7,0
147,17,82.0,7,0
147,32,81.8,7,0
147,33,85.4,7,0
147,48,74.7,7,0
147,49,88.2,7,0
147,64,77.3,7,0
147,65,85.9,7,0
147,80,89.2,7,0
147,81,90.5,7,0
147,2,281.7,7,4
147,3,287.7,7,4
147,18,288.5,7,4
147,19,288.9,7,4
147,34,282.0,7,4
147,35,286.4,7,4
147,50,286.5,7,4
147,51,289.0,7,4
147,66,291.3,7,4
147,67,297.8,7,4
147,82,290.7,7,4
147,83,294.3,7,4
147,96,288.7,7,4
147,97,287.5,7,4
147,110,295.5,7,4
147,111,289.6,7,4
147,124,288.8,7,4
147,125,293.6,7,4
147,4,296.5,7,1
147,5,293.7,7,1
147,20,296.1,7,1
147,21,291.7,7,1
147,36,291.3,7,1
147,37,292.3,7,1
147,52,289.0,7,1
147,53,292.9,7,1
147,68,296.8,7,1
147,69,293.6,7,1
147,84,287.7,7,1
147,85,292.9,7,1
147,98,296.8,7,1
147,99,288.4,7,1
147,112,288.4,7,1
147,113,286.2,7,1
147,126,297.8,7,1
147,127,289.2,7,1
147,6,291.7,7,2
147,7,297.2,7,2
147,22,299.0,7,2
147,23,297.0,7,2
147,38,286.6,7,2
147,39,289.4,7,2
147,54,288.4,7,2
147,55,288.0,7,2
147,70,289.9,7,2
147,71,290.3,7,2
147,86,294.9,7,2
147,87,285.8,7,2
147,100,287.3,7,2
147,101,290.6,7,2
147,114,290.4,7,2
147,115,298.2,7,2
147,128,294.4,7,2
147,129,292.1,7,2
147,138,290.0,7,2
147,139,290.3,7,2
147,8,288.7,7,3
147,9,296.8,7,3
147,24,295.4,7,3
147,25,296.3,7,3
147,40,292.7,7,3
147,41,289.7,7,3
147,56,289.2,7,3
147,57,285.6,7,3
147,72,285.5,7,3
147,73,284.1,7,3
147,88,288.9,7,3
147,89,284.1,7,3
147,102,285.7,7,3
147,103,291.2,7,3
147,116,287.5,7,3
147,117,289.1,7,3
147,130,290.3,7,3
147,131,292.8,7,3
147,140,286.2,7,3
147,141,290.2,7,3
147,10,91.3,7,5
147,11,95.2,7,5
147,26,87.5,7,5
147,27,93.0,7,5
147,42,100.2,7,5
147,43,84.5,7,5
147,58,90.9,7,5
147,59,96.8,7,5
147,74,111.3,7,5
147,75,91.5,7,5
147,90,98.5,7,5
147,91,88.2,7,5
147,104,92.4,7,5
147,105,94.2,7,5
147,118,94.4,7,5
147,119,98.2,7,5
147,132,90.9,7,5
147,133,91.1,7,5
147,142,85.2,7,5
147,143,92.2,7,5
147,12,83.2,7,6
147,13,84.5,7,6
147,28,98.5,7,6
147,29,81.4,7,6
147,44,90.8,7,6
147,45,92.8,7,6
147,60,82.7,7,6
147,61,90.0,7,6
147,76,83.4,7,6
147,77,85.9,7,6
147,92,84.0,7,6
147,93,82.8,7,6
147,106,92.5,7,6
147,107,83.7,7,6
147,120,78.2,7,6
147,121,79.2,7,6
147,134,81.2,7,6
147,135,87.3,7,6
147,144,79.9,7,6
147,145,92.2,7,6
147,14,80.7,7,7
147,15,91.9,7,7
147,30,76.6,7,7
147,31,81.7,7,7
147,46,83.1,7,7
147,47,95.4,7,7
147,62,91.5,7,7
147,63,88.8,7,7
147,78,83.7,7,7
147,79,91.0,7,7
147,94,85.7,7,7
147,95,75.1,7,7
147,108,68.7,7,7
147,109,79.0,7,7
147,122,91.9,7,7
147,123,83.3,7,7
147,136,79.8,7,7
147,137,71.0,7,7
147,146,71.2,7,7
147,147,0.0,7,7
