sm_a,sm_b,mean_abs_diff,gpc_a,gpc_b
150,150,0.0,9,9
150,151,78.4,9,9
150,148,80.0,9,8
150,149,75.8,9,8
150,0,73.4,9,0
150,1,78.2,9,0
150,16,81.2,9,0
150,17,68.8,9,0
150,32,66.3,9,0
150,33,80.1,9,0
150,48,84.0,9,0
150,49,81.0,9,0
150,64,86.3,9,0
150,65,88.5,9,0
150,80,82.7,9,0
150,81,76.4,9,0
150,2,88.9,9,2
150,3,81.1,9,2
150,18,82.4,9,2
150,19,82.6,9,2
150,34,80.8,9,2
150,35,74.3,9,2
150,50,87.9,9,2
150,51,87.3,9,2
150,66,87.6,9,2
150,67,93.4,9,2
150,82,84.5,9,2
150,83,90.7,9,2
150,96,93.4,9,2
150,97,85.7,9,2
150,110,94.1,9,2
150,111,93.5,9,2
150,124,87.3,9,2
150,125,89.4,9,2
150,4,85.0,9,3
150,5,93.9,9,3
150,20,82.5,9,3
150,21,85.3,9,3
150,36,90.4,9,3
150,37,97.0,9,3
150,52,96.3,9,3
150,53,92.1,9,3
150,68,95.9,9,3
150,69,90.4,9,3
150,84,100.9,9,3
150,85,87.8,9,3
150,98,93.4,9,3
150,99,91.8,9,3
150,112,92.4,9,3
150,113,88.1,9,3
150,126,95.8,9,3
150,127,95.8,9,3
150,6,87.1,9,1
150,7,92.2,9,1
150,22,93.5,9,1
150,23,96.0,9,1
150,38,87.7,9,1
150,39,92.1,9,1
150,54,90.2,9,1
150,55,88.2,9,1
150,70,92.8,9,1
150,71,82.7,9,1
150,86,92.2,9,1
150,87,92.8,9,1
150,100,87.7,9,1
150,101,92.5,9,1
150,114,88.9,9,1
150,115,98.1,9,1
150,128,82.8,9,1
150,129,92.0,9,1
150,138,92.9,9,1
150,139,82.4,9,1
150,8,275.9,9,4
150,9,279.9,9,4
150,24,282.4,9,4
150,25,278.3,9,4
150,40,277.2,9,4
150,41,281.1,9,4
150,56,278.6,9,4
150,57,280.4,9,4
150,72,278.0,9,4
150,73,283.0,9,4
150,88,285.2,9,4
150,89,277.1,9,4
150,102,286.3,9,4
150,103,281.8,9,4
150,116,285.8,9,4
150,117,281.1,9,4
150,130,283.1,9,4
150,131,280.0,9,4
150,140,286.2,9,4
150,141,288.8,9,4
150,10,286.2,9,5
150,11,286.2,9,5
150,26,289.0,9,5
150,27,285.6,9,5
150,42,288.7,9,5
150,43,290.8,9,5
150,58,288.7,9,5
150,59,284.6,9,5
150,74,284.8,9,5
150,75,293.1,9,5
150,90,289.0,9,5
150,91,286.3,9,5
150,104,286.2,9,5
150,105,286.2,9,5
150,118,292.0,9,5
150,119,289.5,9,5
150,132,286.6,9,5
150,133,289.8,9,5
150,142,294.9,9,5
150,143,288.5,9,5
150,12,290.1,9,6
150,13,284.7,9,6
150,28,291.9,9,6
150,29,289.3,9,6
150,44,296.0,9,6
150,45,288.7,9,6
150,60,280.5,9,6
150,61,284.9,9,6
150,76,286.7,9,6
150,77,287.2,9,6
150,92,288.1,9,6
150,93,288.0,9,6
150,106,286.7,9,6
150,107,281.5,9,6
150,120,284.8,9,6
150,121,292.7,9,6
150,134,288.1,9,6
150,135,283.5,9,6
150,144,290.7,9,6
150,145,288.5,9,6
150,14,288.0,9,7
150,15,290.6,9,7
150,30,295.4,9,7
150,31,290.1,9,7
150,46,294.0,9,7
150,47,282.1,9,7
150,62,289.3,9,7
150,63,293.2,9,7
150,78,290.5,9,7
150,79,289.8,9,7
150,94,291.8,9,7
150,95,290.3,9,7
150,108,289.9,9,7
150,109,292.2,9,7
150,122,295.1,9,7
150,123,292.2,9,7
150,136,290.6,9,7
150,137,289.5,9,7
150,146,292.3,9,7
150,147,292.1,9,7
151,150,78.4,9,9
151,151,0.0,9,9
151,148,76.7,9,8
151,149,74.5,9,8
151,0,74.6,9,0
151,1,62.3,9,0
151,16,73.7,9,0
151,17,88.8,9,0
151,32,76.0,9,0
151,33,88.9,9,0
151,48,88.0,9,0
151,49,90.3,9,0
151,64,84.2,9,0
151,65,92.2,9,0
151,80,87.7,9,0
151,81,91.9,9,0
151,2,92.5,9,2
151,3,62.1,9,2
151,18,80.3,9,2
151,19,85.8,9,2
151,34,84.2,9,2
151,35,85.5,9,2
151,50,90.5,9,2
151,51,91.8,9,2
151,66,95.6,9,2
151,67,94.1,9,2
151,82,91.4,9,2
151,83,93.6,9,2
151,96,99.4,9,2
151,97,92.2,9,2
151,110,90.7,9,2
151,111,96.2,9,2
151,124,90.7,9,2
151,125,92.7,9,2
151,4,93.9,9,3
151,5,93.8,9,3
151,20,92.4,9,3
151,21,92.0,9,3
151,36,92.8,9,3
151,37,93.4,9,3
151,52,91.7,9,3
151,53,96.1,9,3
151,68,96.6,9,3
151,69,90.6,9,3
151,84,96.9,9,3
151,85,78.6,9,3
151,98,95.9,9,3
151,99,96.5,9,3
151,112,104.1,9,3
151,113,93.3,9,3
151,126,98.0,9,3
151,127,95.5,9,3
151,6,95.7,9,1
151,7,92.4,9,1
151,22,89.2,9,1
151,23,88.6,9,1
151,38,95.5,9,1
151,39,90.0,9,1
151,54,93.5,9,1
151,55,93.8,9,1
151,70,94.8,9,1
151,71,85.6,9,1
151,86,100.5,9,1
151,87,94.3,9,1
151,100,94.6,9,1
151,101,101.5,9,1
151,114,99.6,9,1
151,115,104.7,9,1
151,128,82.3,9,1
151,129,92.9,9,1
151,138,102.8,9,1
151,139,95.1,9,1
151,8,273.9,9,4
151,9,278.6,9,4
151,24,280.5,9,4
151,25,275.0,9,4
151,40,275.8,9,4
151,41,280.4,9,4
151,56,276.1,9,4
151,57,280.8,9,4
151,72,277.5,9,4
151,73,281.6,9,4
151,88,283.6,9,4
151,89,275.5,9,4
151,102,284.9,9,4
151,103,280.8,9,4
151,116,283.6,9,4
151,117,277.8,9,4
151,130,280.7,9,4
151,131,279.1,9,4
151,140,285.8,9,4
151,141,287.4,9,4
151,10,284.8,9,5
151,11,284.3,9,5
151,26,286.3,9,5
151,27,283.1,9,5
151,42,287.1,9,5
151,43,289.2,9,5
151,58,286.8,9,5
151,59,282.9,9,5
151,74,283.6,9,5
151,75,291.4,9,5
151,90,288.3,9,5
151,91,284.6,9,5
151,104,284.8,9,5
151,105,285.9,9,5
151,118,288.9,9,5
151,119,287.4,9,5
151,132,284.8,9,5
151,133,288.6,9,5
151,142,293.4,9,5
151,143,287.6,9,5
151,12,289.4,9,6
151,13,283.6,9,6
151,28,289.9,9,6
151,29,287.6,9,6
151,44,294.7,9,6
151,45,287.1,9,6
151,60,280.3,9,6
151,61,283.8,9,6
151,76,284.5,9,6
151,77,285.9,9,6
151,92,287.9,9,6
151,93,285.9,9,6
151,106,285.2,9,6
151,107,280.0,9,6
151,120,284.0,9,6
151,121,291.5,9,6
151,134,286.5,9,6
151,135,281.9,9,6
151,144,290.0,9,6
151,145,287.8,9,6
151,14,286.1,9,7
151,15,289.7,9,7
151,30,294.3,9,7
151,31,287.5,9,7
151,46,291.9,9,7
151,47,279.0,9,7
151,62,288.8,9,7
151,63,291.3,9,7
151,78,288.2,9,7
151,79,289.3,9,7
151,94,290.6,9,7
151,95,288.7,9,7
151,108,288.8,9,7
151,109,290.7,9,7
151,122,293.9,9,7
151,123,291.2,9,7
151,136,289.1,9,7
151,137,287.6,9,7
151,146,290.8,9,7
151,147,290.5,9,7
148,150,80.0,8,9
148,151,76.7,8,9
148,148,0.0,8,8
148,149,63.0,8,8
148,0,74.8,8,0
148,1,72.5,8,0
148,16,74.5,8,0
148,17,68.0,8,0
148,32,65.3,8,0
148,33,71.8,8,0
148,48,72.4,8,0
148,49,71.3,8,0
148,64,67.4,8,0
148,65,64.8,8,0
148,80,75.9,8,0
148,81,77.8,8,0
148,2,78.2,8,2
148,3,87.8,8,2
148,18,72.5,8,2
148,19,70.4,8,2
148,34,74.3,8,2
148,35,80.7,8,2
148,50,79.3,8,2
148,51,85.0,8,2
148,66,90.8,8,2
148,67,86.3,8,2
148,82,81.8,8,2
148,83,83.1,8,2
148,96,87.8,8,2
148,97,85.2,8,2
148,110,75.7,8,2
148,111,78.6,8,2
148,124,80.3,8,2
148,125,80.9,8,2
148,4,85.5,8,3
148,5,80.5,8,3
148,20,83.0,8,3
148,21,83.7,8,3
148,36,81.3,8,3
148,37,91.0,8,3
148,52,94.3,8,3
148,53,94.6,8,3
148,68,95.1,8,3
148,69,81.6,8,3
148,84,93.0,8,3
148,85,88.0,8,3
148,98,85.0,8,3
148,99,88.1,8,3
148,112,85.8,8,3
148,113,87.1,8,3
148,126,82.5,8,3
148,127,87.7,8,3
148,6,86.1,8,1
148,7,84.6,8,1
148,22,78.1,8,1
148,23,81.5,8,1
148,38,87.1,8,1
148,39,76.6,8,1
148,54,88.3,8,1
148,55,91.8,8,1
148,70,90.4,8,1
148,71,87.8,8,1
148,86,91.7,8,1
148,87,88.1,8,1
148,100,86.5,8,1
148,101,85.4,8,1
148,114,89.5,8,1
148,115,81.9,8,1
148,128,81.4,8,1
148,129,95.8,8,1
148,138,91.6,8,1
148,139,100.4,8,1
148,8,284.5,8,4
148,9,288.1,8,4
148,24,290.0,8,4
148,25,286.0,8,4
148,40,285.8,8,4
148,41,289.4,8,4
148,56,287.2,8,4
148,57,289.1,8,4
148,72,286.9,8,4
148,73,290.8,8,4
148,88,292.9,8,4
148,89,286.0,8,4
148,102,293.7,8,4
148,103,289.1,8,4
148,116,293.4,8,4
148,117,289.2,8,4
148,130,290.7,8,4
148,131,288.6,8,4
148,140,295.2,8,4
148,141,295.6,8,4
148,10,294.0,8,5
148,11,293.7,8,5
148,26,295.6,8,5
148,27,292.5,8,5
148,42,296.1,8,5
148,43,297.7,8,5
148,58,294.8,8,5
148,59,293.7,8,5
148,74,292.7,8,5
148,75,301.2,8,5
148,90,297.0,8,5
148,91,293.4,8,5
148,104,294.3,8,5
148,105,295.0,8,5
148,118,298.9,8,5
148,119,298.2,8,5
148,132,294.9,8,5
148,133,297.7,8,5
148,142,301.5,8,5
148,143,296.9,8,5
148,12,297.7,8,6
148,13,291.7,8,6
148,28,298.9,8,6
148,29,296.4,8,6
148,44,302.4,8,6
148,45,295.5,8,6
148,60,289.1,8,6
148,61,293.0,8,6
148,76,293.9,8,6
148,77,295.2,8,6
148,92,295.7,8,6
148,93,294.7,8,6
148,106,293.7,8,6
148,107,289.6,8,6
148,120,292.2,8,6
148,121,299.3,8,6
148,134,296.6,8,6
148,135,293.1,8,6
148,144,297.2,8,6
148,145,295.0,8,6
148,14,296.8,8,7
148,15,297.3,8,7
148,30,302.4,8,7
148,31,296.4,8,7
148,46,301.3,8,7
148,47,289.7,8,7
148,62,296.7,8,7
148,63,298.7,8,7
148,78,296.6,8,7
148,79,296.7,8,7
148,94,298.0,8,7
148,95,297.0,8,7
148,108,295.9,8,7
148,109,298.0,8,7
148,122,301.2,8,7
148,123,298.5,8,7
148,136,297.2,8,7
148,137,296.2,8,7
148,146,299.1,8,7
148,147,298.1,8,7
149,150,75.8,8,9
149,151,74.5,8,9
149,148,63.0,8,8
149,149,0.0,8,8
149,0,68.8,8,0
149,1,71.7,8,0
149,16,47.7,8,0
149,17,70.0,8,0
149,32,58.7,8,0
149,33,71.7,8,0
149,48,74.7,8,0
149,49,70.5,8,0
149,64,77.1,8,0
149,65,73.5,8,0
149,80,71.0,8,0
149,81,71.6,8,0
149,2,76.9,8,2
149,3,76.1,8,2
149,18,68.2,8,2
149,19,55.8,8,2
149,34,75.5,8,2
149,35,76.4,8,2
149,50,77.7,8,2
149,51,80.1,8,2
149,66,85.9,8,2
149,67,78.6,8,2
149,82,81.1,8,2
149,83,73.7,8,2
149,96,89.1,8,2
149,97,77.0,8,2
149,110,79.4,8,2
149,111,77.4,8,2
149,124,76.6,8,2
149,125,76.2,8,2
149,4,79.6,8,3
149,5,62.6,8,3
149,20,79.3,8,3
149,21,73.7,8,3
149,36,78.4,8,3
149,37,89.4,8,3
149,52,80.7,8,3
149,53,94.6,8,3
149,68,91.7,8,3
149,69,81.6,8,3
149,84,84.6,8,3
149,85,81.0,8,3
149,98,79.6,8,3
149,99,77.2,8,3
149,112,88.7,8,3
149,113,83.0,8,3
149,126,81.0,8,3
149,127,80.9,8,3
149,6,81.6,8,1
149,7,79.6,8,1
149,22,79.9,8,1
149,23,79.5,8,1
149,38,75.7,8,1
149,39,85.1,8,1
149,54,77.2,8,1
149,55,85.7,8,1
149,70,84.7,8,1
149,71,80.1,8,1
149,86,90.2,8,1
149,87,82.1,8,1
149,100,82.3,8,1
149,101,90.4,8,1
149,114,88.7,8,1
149,115,87.3,8,1
149,128,75.5,8,1
149,129,89.5,8,1
149,138,88.6,8,1
149,139,91.4,8,1
149,8,280.2,8,4
149,9,283.6,8,4
149,24,286.3,8,4
149,25,282.0,8,4
149,40,282.0,8,4
149,41,285.3,8,4
149,56,282.6,8,4
149,57,285.7,8,4
149,72,283.1,8,4
149,73,287.0,8,4
149,88,289.4,8,4
149,89,281.7,8,4
149,102,289.9,8,4
149,103,285.0,8,4
149,116,289.5,8,4
149,117,285.9,8,4
149,130,287.8,8,4
149,131,285.5,8,4
149,140,290.9,8,4
149,141,291.9,8,4
149,10,289.9,8,5
149,11,289.6,8,5
149,26,292.4,8,5
149,27,288.6,8,5
149,42,292.1,8,5
149,43,294.1,8,5
149,58,291.7,8,5
149,59,288.9,8,5
149,74,288.5,8,5
149,75,297.0,8,5
149,90,293.0,8,5
149,91,289.6,8,5
149,104,290.3,8,5
149,105,291.0,8,5
149,118,295.0,8,5
149,119,293.7,8,5
149,132,290.6,8,5
149,133,293.3,8,5
149,142,297.9,8,5
149,143,292.3,8,5
149,12,293.9,8,6
149,13,288.3,8,6
149,28,294.7,8,6
149,29,292.4,8,6
149,44,298.9,8,6
149,45,291.9,8,6
149,60,284.6,8,6
149,61,288.7,8,6
149,76,290.5,8,6
149,77,291.3,8,6
149,92,292.1,8,6
149,93,291.4,8,6
149,106,290.5,8,6
149,107,286.2,8,6
149,120,288.6,8,6
149,121,295.5,8,6
149,134,292.8,8,6
149,135,288.7,8,6
149,144,293.8,8,6
149,145,291.6,8,6
149,14,292.5,8,7
149,15,293.1,8,7
149,30,297.7,8,7
149,31,292.6,8,7
149,46,297.4,8,7
149,47,286.1,8,7
149,62,292.8,8,7
149,63,295.6,8,7
149,78,293.0,8,7
149,79,292.8,8,7
149,94,294.0,8,7
149,95,293.4,8,7
149,108,292.4,8,7
149,109,294.3,8,7
149,122,297.5,8,7
149,123,295.0,8,7
149,136,294.0,8,7
149,137,292.1,8,7
149,146,295.1,8,7
149,147,294.7,8,7
0,150,73.4,0,9
0,151,74.6,0,9
0,148,74.8,0,8
0,149,68.8,0,8
0,0,0.0,0,0
0,1,71.5,0,0
0,16,71.2,0,0
0,17,75.1,0,0
0,32,67.3,0,0
0,33,74.7,0,0
0,48,78.7,0,0
0,49,77.7,0,0
0,64,80.1,0,0
0,65,81.3,0,0
0,80,78.5,0,0
0,81,77.2,0,0
0,2,75.1,0,2
0,3,75.2,0,2
0,18,80.3,0,2
0,19,74.8,0,2
0,34,84.4,0,2
0,35,81.1,0,2
0,50,87.1,0,2
0,51,84.0,0,2
0,66,90.5,0,2
0,67,85.5,0,2
0,82,78.3,0,2
0,83,86.2,0,2
0,96,87.9,0,2
0,97,86.3,0,2
0,110,87.3,0,2
0,111,76.1,0,2
0,124,83.0,0,2
0,125,80.3,0,2
0,4,77.6,0,3
0,5,84.7,0,3
0,20,81.3,0,3
0,21,80.3,0,3
0,36,82.4,0,3
0,37,91.3,0,3
0,52,95.6,0,3
0,53,97.9,0,3
0,68,91.2,0,3
0,69,87.6,0,3
0,84,89.6,0,3
0,85,90.6,0,3
0,98,90.0,0,3
0,99,90.6,0,3
0,112,92.5,0,3
0,113,76.3,0,3
0,126,85.4,0,3
0,127,82.9,0,3
0,6,88.6,0,1
0,7,85.4,0,1
0,22,88.1,0,1
0,23,86.7,0,1
0,38,88.1,0,1
0,39,88.5,0,1
0,54,86.2,0,1
0,55,83.1,0,1
0,70,89.6,0,1
0,71,83.5,0,1
0,86,90.7,0,1
0,87,84.4,0,1
0,100,87.2,0,1
0,101,93.8,0,1
0,114,93.7,0,1
0,115,90.6,0,1
0,128,76.6,0,1
0,129,88.8,0,1
0,138,90.7,0,1
0,139,87.0,0,1
0,8,278.4,0,4
0,9,282.5,0,4
0,24,286.0,0,4
0,25,281.3,0,4
0,40,279.8,0,4
0,41,284.5,0,4
0,56,282.2,0,4
0,57,284.9,0,4
0,72,281.5,0,4
0,73,285.9,0,4
0,88,288.3,0,4
0,89,279.8,0,4
0,102,289.7,0,4
0,103,284.3,0,4
0,116,288.9,0,4
0,117,283.9,0,4
0,130,286.1,0,4
0,131,283.6,0,4
0,140,290.3,0,4
0,141,291.4,0,4
0,10,289.2,0,5
0,11,288.8,0,5
0,26,292.4,0,5
0,27,288.3,0,5
0,42,291.5,0,5
0,43,294.1,0,5
0,58,291.3,0,5
0,59,287.8,0,5
0,74,287.0,0,5
0,75,295.9,0,5
0,90,291.9,0,5
0,91,289.7,0,5
0,104,288.6,0,5
0,105,289.5,0,5
0,118,294.1,0,5
0,119,291.6,0,5
0,132,289.9,0,5
0,133,292.2,0,5
0,142,297.5,0,5
0,143,291.4,0,5
0,12,293.5,0,6
0,13,287.5,0,6
0,28,294.1,0,6
0,29,292.2,0,6
0,44,298.0,0,6
0,45,290.4,0,6
0,60,284.9,0,6
0,61,287.8,0,6
0,76,289.0,0,6
0,77,290.1,0,6
0,92,290.1,0,6
0,93,290.2,0,6
0,106,289.3,0,6
0,107,284.0,0,6
0,120,287.7,0,6
0,121,294.9,0,6
0,134,290.9,0,6
0,135,288.4,0,6
0,144,293.7,0,6
0,145,291.0,0,6
0,14,292.2,0,7
0,15,293.5,0,7
0,30,298.2,0,7
0,31,292.8,0,7
0,46,297.0,0,7
0,47,284.2,0,7
0,62,293.1,0,7
0,63,295.8,0,7
0,78,293.4,0,7
0,79,292.5,0,7
0,94,293.6,0,7
0,95,293.0,0,7
0,108,292.3,0,7
0,109,294.1,0,7
0,122,297.6,0,7
0,123,295.5,0,7
0,136,293.4,0,7
0,137,292.3,0,7
0,146,294.6,0,7
0,147,294.6,0,7
1,150,78.2,0,9
1,151,62.3,0,9
1,148,72.5,0,8
1,149,71.7,0,8
1,0,71.5,0,0
1,1,0.0,0,0
1,16,63.7,0,0
1,17,73.8,0,0
1,32,68.2,0,0
1,33,72.7,0,0
1,48,69.0,0,0
1,49,78.2,0,0
1,64,76.6,0,0
1,65,77.6,0,0
1,80,76.0,0,0
1,81,74.3,0,0
1,2,75.6,0,2
1,3,72.4,0,2
1,18,73.2,0,2
1,19,79.3,0,2
1,34,80.4,0,2
1,35,81.0,0,2
1,50,84.0,0,2
1,51,82.7,0,2
1,66,83.1,0,2
1,67,84.3,0,2
1,82,81.1,0,2
1,83,80.4,0,2
1,96,89.3,0,2
1,97,81.8,0,2
1,110,79.7,0,2
1,111,84.6,0,2
1,124,81.5,0,2
1,125,80.6,0,2
1,4,84.0,0,3
1,5,83.1,0,3
1,20,81.5,0,3
1,21,81.8,0,3
1,36,81.3,0,3
1,37,89.1,0,3
1,52,95.3,0,3
1,53,97.5,0,3
1,68,94.7,0,3
1,69,92.5,0,3
1,84,92.9,0,3
1,85,72.1,0,3
1,98,93.1,0,3
1,99,93.2,0,3
1,112,91.0,0,3
1,113,84.5,0,3
1,126,86.6,0,3
1,127,88.8,0,3
1,6,87.3,0,1
1,7,86.1,0,1
1,22,83.9,0,1
1,23,86.3,0,1
1,38,88.2,0,1
1,39,85.1,0,1
1,54,89.0,0,1
1,55,92.0,0,1
1,70,91.2,0,1
1,71,86.2,0,1
1,86,95.1,0,1
1,87,85.3,0,1
1,100,83.1,0,1
1,101,95.6,0,1
1,114,93.9,0,1
1,115,91.4,0,1
1,128,81.6,0,1
1,129,84.6,0,1
1,138,91.3,0,1
1,139,92.9,0,1
1,8,280.2,0,4
1,9,283.7,0,4
1,24,286.5,0,4
1,25,280.7,0,4
1,40,281.9,0,4
1,41,285.8,0,4
1,56,282.5,0,4
1,57,286.3,0,4
1,72,283.0,0,4
1,73,287.3,0,4
1,88,290.0,0,4
1,89,281.8,0,4
1,102,290.8,0,4
1,103,285.4,0,4
1,116,289.2,0,4
1,117,285.1,0,4
1,130,287.0,0,4
1,131,285.2,0,4
1,140,290.8,0,4
1,141,292.5,0,4
1,10,290.3,0,5
1,11,290.2,0,5
1,26,293.1,0,5
1,27,289.7,0,5
1,42,292.7,0,5
1,43,293.9,0,5
1,58,291.7,0,5
1,59,289.6,0,5
1,74,289.1,0,5
1,75,296.7,0,5
1,90,292.5,0,5
1,91,291.1,0,5
1,104,290.7,0,5
1,105,291.5,0,5
1,118,294.5,0,5
1,119,291.7,0,5
1,132,290.3,0,5
1,133,293.5,0,5
1,142,297.5,0,5
1,143,292.4,0,5
1,12,293.6,0,6
1,13,287.8,0,6
1,28,295.2,0,6
1,29,292.7,0,6
1,44,299.5,0,6
1,45,291.7,0,6
1,60,286.2,0,6
1,61,289.5,0,6
1,76,290.4,0,6
1,77,290.8,0,6
1,92,292.3,0,6
1,93,290.5,0,6
1,106,290.2,0,6
1,107,286.3,0,6
1,120,289.7,0,6
1,121,296.2,0,6
1,134,292.7,0,6
1,135,288.8,0,6
1,144,294.6,0,6
1,145,292.0,0,6
1,14,292.6,0,7
1,15,294.4,0,7
1,30,298.8,0,7
1,31,293.4,0,7
1,46,298.1,0,7
1,47,286.0,0,7
1,62,293.5,0,7
1,63,295.3,0,7
1,78,293.7,0,7
1,79,292.4,0,7
1,94,294.8,0,7
1,95,293.6,0,7
1,108,293.0,0,7
1,109,295.0,0,7
1,122,298.4,0,7
1,123,295.9,0,7
1,136,294.4,0,7
1,137,292.8,0,7
1,146,296.1,0,7
1,147,295.0,0,7
16,150,81.2,0,9
16,151,73.7,0,9
16,148,74.5,0,8
16,149,47.7,0,8
16,0,71.2,0,0
16,1,63.7,0,0
16,16,0.0,0,0
16,17,72.3,0,0
16,32,65.9,0,0
16,33,77.2,0,0
16,48,79.4,0,0
16,49,72.5,0,0
16,64,81.2,0,0
16,65,76.8,0,0
16,80,76.7,0,0
16,81,75.5,0,0
16,2,79.6,0,2
16,3,68.2,0,2
16,18,77.2,0,2
16,19,62.3,0,2
16,34,78.6,0,2
16,35,79.2,0,2
16,50,83.8,0,2
16,51,83.6,0,2
16,66,88.0,0,2
16,67,79.7,0,2
16,82,81.7,0,2
16,83,79.8,0,2
16,96,89.9,0,2
16,97,81.4,0,2
16,110,81.7,0,2
16,111,76.7,0,2
16,124,77.0,0,2
16,125,80.3,0,2
16,4,83.0,0,3
16,5,70.6,0,3
16,20,82.9,0,3
16,21,81.5,0,3
16,36,83.6,0,3
16,37,83.4,0,3
16,52,77.0,0,3
16,53,94.1,0,3
16,68,88.6,0,3
16,69,85.0,0,3
16,84,86.1,0,3
16,85,81.3,0,3
16,98,85.6,0,3
16,99,80.5,0,3
16,112,93.4,0,3
16,113,85.7,0,3
16,126,82.3,0,3
16,127,83.8,0,3
16,6,85.0,0,1
16,7,79.8,0,1
16,22,85.5,0,1
16,23,83.8,0,1
16,38,83.4,0,1
16,39,88.0,0,1
16,54,81.4,0,1
16,55,88.7,0,1
16,70,86.4,0,1
16,71,83.5,0,1
16,86,93.2,0,1
16,87,84.5,0,1
16,100,84.8,0,1
16,101,94.3,0,1
16,114,93.0,0,1
16,115,90.4,0,1
16,128,80.5,0,1
16,129,90.3,0,1
16,138,91.7,0,1
16,139,89.9,0,1
16,8,278.7,0,4
16,9,282.8,0,4
16,24,285.7,0,4
16,25,281.1,0,4
16,40,280.7,0,4
16,41,284.5,0,4
16,56,280.5,0,4
16,57,285.0,0,4
16,72,281.5,0,4
16,73,285.9,0,4
16,88,288.6,0,4
16,89,280.7,0,4
16,102,289.4,0,4
16,103,283.6,0,4
16,116,288.2,0,4
16,117,285.1,0,4
16,130,286.2,0,4
16,131,284.1,0,4
16,140,289.1,0,4
16,141,291.2,0,4
16,10,289.0,0,5
16,11,288.2,0,5
16,26,291.8,0,5
16,27,288.4,0,5
16,42,291.6,0,5
16,43,292.6,0,5
16,58,290.1,0,5
16,59,288.0,0,5
16,74,286.5,0,5
16,75,295.2,0,5
16,90,291.2,0,5
16,91,288.8,0,5
16,104,289.0,0,5
16,105,289.6,0,5
16,118,293.3,0,5
16,119,291.4,0,5
16,132,288.9,0,5
16,133,292.0,0,5
16,142,296.5,0,5
16,143,291.0,0,5
16,12,292.4,0,6
16,13,286.5,0,6
16,28,293.1,0,6
16,29,291.2,0,6
16,44,297.7,0,6
16,45,289.9,0,6
16,60,283.2,0,6
16,61,286.6,0,6
16,76,288.3,0,6
16,77,288.7,0,6
16,92,289.9,0,6
16,93,289.1,0,6
16,106,288.4,0,6
16,107,284.2,0,6
16,120,287.1,0,6
16,121,293.9,0,6
16,134,290.8,0,6
16,135,287.3,0,6
16,144,292.7,0,6
16,145,290.3,0,6
16,14,291.3,0,7
16,15,291.9,0,7
16,30,296.3,0,7
16,31,291.7,0,7
16,46,296.3,0,7
16,47,284.2,0,7
16,62,291.7,0,7
16,63,294.6,0,7
16,78,292.0,0,7
16,79,292.0,0,7
16,94,292.7,0,7
16,95,291.9,0,7
16,108,290.9,0,7
16,109,293.0,0,7
16,122,296.2,0,7
16,123,294.4,0,7
16,136,292.5,0,7
16,137,291.1,0,7
16,146,293.9,0,7
16,147,293.6,0,7
17,150,68.8,0,9
17,151,88.8,0,9
17,148,68.0,0,8
17,149,70.0,0,8
17,0,75.1,0,0
17,1,73.8,0,0
17,16,72.3,0,0
17,17,0.0,0,0
17,32,56.7,0,0
17,33,72.3,0,0
17,48,75.3,0,0
17,49,64.0,0,0
17,64,73.1,0,0
17,65,78.7,0,0
17,80,72.9,0,0
17,81,71.3,0,0
17,2,77.3,0,2
17,3,85.7,0,2
17,18,77.5,0,2
17,19,72.9,0,2
17,34,77.4,0,2
17,35,79.6,0,2
17,50,84.6,0,2
17,51,83.0,0,2
17,66,87.0,0,2
17,67,84.9,0,2
17,82,74.4,0,2
17,83,80.5,0,2
17,96,88.8,0,2
17,97,82.4,0,2
17,110,78.8,0,2
17,111,84.6,0,2
17,124,73.9,0,2
17,125,76.1,0,2
17,4,83.0,0,3
17,5,80.9,0,3
17,20,83.3,0,3
17,21,76.4,0,3
17,36,80.5,0,3
17,37,94.1,0,3
17,52,99.8,0,3
17,53,93.8,0,3
17,68,95.8,0,3
17,69,90.4,0,3
17,84,98.1,0,3
17,85,90.7,0,3
17,98,93.0,0,3
17,99,94.9,0,3
17,112,85.2,0,3
17,113,82.8,0,3
17,126,86.6,0,3
17,127,87.8,0,3
17,6,86.7,0,1
17,7,80.1,0,1
17,22,83.4,0,1
17,23,86.7,0,1
17,38,84.6,0,1
17,39,88.9,0,1
17,54,88.5,0,1
17,55,85.9,0,1
17,70,85.6,0,1
17,71,82.5,0,1
17,86,84.8,0,1
17,87,87.2,0,1
17,100,77.2,0,1
17,101,78.8,0,1
17,114,77.7,0,1
17,115,86.3,0,1
17,128,79.8,0,1
17,129,96.5,0,1
17,138,89.9,0,1
17,139,100.3,0,1
17,8,281.2,0,4
17,9,283.5,0,4
17,24,286.9,0,4
17,25,282.7,0,4
17,40,282.3,0,4
17,41,285.9,0,4
17,56,283.4,0,4
17,57,286.3,0,4
17,72,283.0,0,4
17,73,287.8,0,4
17,88,289.6,0,4
17,89,282.9,0,4
17,102,290.7,0,4
17,103,285.6,0,4
17,116,289.6,0,4
17,117,286.4,0,4
17,130,287.5,0,4
17,131,285.4,0,4
17,140,290.5,0,4
17,141,291.4,0,4
17,10,290.3,0,5
17,11,290.1,0,5
17,26,293.0,0,5
17,27,289.9,0,5
17,42,292.2,0,5
17,43,294.5,0,5
17,58,292.2,0,5
17,59,289.5,0,5
17,74,288.9,0,5
17,75,297.1,0,5
17,90,293.2,0,5
17,91,290.5,0,5
17,104,290.4,0,5
17,105,290.6,0,5
17,118,295.7,0,5
17,119,293.4,0,5
17,132,289.9,0,5
17,133,292.5,0,5
17,142,298.3,0,5
17,143,292.6,0,5
17,12,293.8,0,6
17,13,288.1,0,6
17,28,294.8,0,6
17,29,292.9,0,6
17,44,299.0,0,6
17,45,291.7,0,6
17,60,284.9,0,6
17,61,288.3,0,6
17,76,290.2,0,6
17,77,290.5,0,6
17,92,291.3,0,6
17,93,290.5,0,6
17,106,289.9,0,6
17,107,285.6,0,6
17,120,288.6,0,6
17,121,295.4,0,6
17,134,292.1,0,6
17,135,288.7,0,6
17,144,293.4,0,6
17,145,291.0,0,6
17,14,292.5,0,7
17,15,292.6,0,7
17,30,297.7,0,7
17,31,293.0,0,7
17,46,297.6,0,7
17,47,285.7,0,7
17,62,292.1,0,7
17,63,295.3,0,7
17,78,293.3,0,7
17,79,292.5,0,7
17,94,293.6,0,7
17,95,293.4,0,7
17,108,292.2,0,7
17,109,294.3,0,7
17,122,297.7,0,7
17,123,295.3,0,7
17,136,294.4,0,7
17,137,292.8,0,7
17,146,295.8,0,7
17,147,295.2,0,7
32,150,66.3,0,9
32,151,76.0,0,9
32,148,65.3,0,8
32,149,58.7,0,8
32,0,67.3,0,0
32,1,68.2,0,0
32,16,65.9,0,0
32,17,56.7,0,0
32,32,0.0,0,0
32,33,70.6,0,0
32,48,73.3,0,0
32,49,61.2,0,0
32,64,73.0,0,0
32,65,72.8,0,0
32,80,73.9,0,0
32,81,71.7,0,0
32,2,76.2,0,2
32,3,72.6,0,2
32,18,73.4,0,2
32,19,66.9,0,2
32,34,74.2,0,2
32,35,76.2,0,2
32,50,76.6,0,2
32,51,80.3,0,2
32,66,84.0,0,2
32,67,76.7,0,2
32,82,73.1,0,2
32,83,76.3,0,2
32,96,83.7,0,2
32,97,79.3,0,2
32,110,74.1,0,2
32,111,78.6,0,2
32,124,77.2,0,2
32,125,77.4,0,2
32,4,80.2,0,3
32,5,79.8,0,3
32,20,75.5,0,3
32,21,74.5,0,3
32,36,74.1,0,3
32,37,85.9,0,3
32,52,89.3,0,3
32,53,89.9,0,3
32,68,79.8,0,3
32,69,83.9,0,3
32,84,88.8,0,3
32,85,83.3,0,3
32,98,84.2,0,3
32,99,87.8,0,3
32,112,87.9,0,3
32,113,79.8,0,3
32,126,83.7,0,3
32,127,82.5,0,3
32,6,80.4,0,1
32,7,65.6,0,1
32,22,80.0,0,1
32,23,82.9,0,1
32,38,83.1,0,1
32,39,79.7,0,1
32,54,82.5,0,1
32,55,82.1,0,1
32,70,82.6,0,1
32,71,81.7,0,1
32,86,80.1,0,1
32,87,81.8,0,1
32,100,82.2,0,1
32,101,86.5,0,1
32,114,83.5,0,1
32,115,81.5,0,1
32,128,73.8,0,1
32,129,89.8,0,1
32,138,93.7,0,1
32,139,91.2,0,1
32,8,282.7,0,4
32,9,285.8,0,4
32,24,288.8,0,4
32,25,284.1,0,4
32,40,283.9,0,4
32,41,287.8,0,4
32,56,284.8,0,4
32,57,288.2,0,4
32,72,285.2,0,4
32,73,289.7,0,4
32,88,291.6,0,4
32,89,283.8,0,4
32,102,292.5,0,4
32,103,287.8,0,4
32,116,292.0,0,4
32,117,287.7,0,4
32,130,288.9,0,4
32,131,287.5,0,4
32,140,293.2,0,4
32,141,294.2,0,4
32,10,292.1,0,5
32,11,290.9,0,5
32,26,295.0,0,5
32,27,291.5,0,5
32,42,294.4,0,5
32,43,296.7,0,5
32,58,294.2,0,5
32,59,290.9,0,5
32,74,291.2,0,5
32,75,299.0,0,5
32,90,295.2,0,5
32,91,292.6,0,5
32,104,291.5,0,5
32,105,293.0,0,5
32,118,297.6,0,5
32,119,295.4,0,5
32,132,292.0,0,5
32,133,295.3,0,5
32,142,300.1,0,5
32,143,294.4,0,5
32,12,295.8,0,6
32,13,290.2,0,6
32,28,296.9,0,6
32,29,294.9,0,6
32,44,301.0,0,6
32,45,293.7,0,6
32,60,287.2,0,6
32,61,289.5,0,6
32,76,292.2,0,6
32,77,292.9,0,6
32,92,293.5,0,6
32,93,293.1,0,6
32,106,291.9,0,6
32,107,287.6,0,6
32,120,290.9,0,6
32,121,297.5,0,6
32,134,293.8,0,6
32,135,290.1,0,6
32,144,296.0,0,6
32,145,294.0,0,6
32,14,294.3,0,7
32,15,295.5,0,7
32,30,300.1,0,7
32,31,295.1,0,7
32,46,299.4,0,7
32,47,287.6,0,7
32,62,294.9,0,7
32,63,298.2,0,7
32,78,296.0,0,7
32,79,294.8,0,7
32,94,296.7,0,7
32,95,295.4,0,7
32,108,294.6,0,7
32,109,297.0,0,7
32,122,299.9,0,7
32,123,297.7,0,7
32,136,296.1,0,7
32,137,294.5,0,7
32,146,297.8,0,7
32,147,297.4,0,7
33,150,80.1,0,9
33,151,88.9,0,9
33,148,71.8,0,8
33,149,71.7,0,8
33,0,74.7,0,0
33,1,72.7,0,0
33,16,77.2,0,0
33,17,72.3,0,0
33,32,70.6,0,0
33,33,0.0,0,0
33,48,64.0,0,0
33,49,57.5,0,0
33,64,68.2,0,0
33,65,63.7,0,0
33,80,69.7,0,0
33,81,66.7,0,0
33,2,70.0,0,2
33,3,73.1,0,2
33,18,72.9,0,2
33,19,73.2,0,2
33,34,72.9,0,2
33,35,72.3,0,2
33,50,72.2,0,2
33,51,74.2,0,2
33,66,73.5,0,2
33,67,75.5,0,2
33,82,72.6,0,2
33,83,69.2,0,2
33,96,79.3,0,2
33,97,73.6,0,2
33,110,76.0,0,2
33,111,65.2,0,2
33,124,69.7,0,2
33,125,73.2,0,2
33,4,77.0,0,3
33,5,80.3,0,3
33,20,77.3,0,3
33,21,75.8,0,3
33,36,77.6,0,3
33,37,89.6,0,3
33,52,96.3,0,3
33,53,93.5,0,3
33,68,89.8,0,3
33,69,82.2,0,3
33,84,89.8,0,3
33,85,86.8,0,3
33,98,86.9,0,3
33,99,86.5,0,3
33,112,83.7,0,3
33,113,81.5,0,3
33,126,81.8,0,3
33,127,82.7,0,3
33,6,78.5,0,1
33,7,80.8,0,1
33,22,83.8,0,1
33,23,73.4,0,1
33,38,75.3,0,1
33,39,83.0,0,1
33,54,76.3,0,1
33,55,89.9,0,1
33,70,86.4,0,1
33,71,86.3,0,1
33,86,86.4,0,1
33,87,81.3,0,1
33,100,78.2,0,1
33,101,81.3,0,1
33,114,86.7,0,1
33,115,82.5,0,1
33,128,82.0,0,1
33,129,85.0,0,1
33,138,85.6,0,1
33,139,87.2,0,1
33,8,283.3,0,4
33,9,287.8,0,4
33,24,290.5,0,4
33,25,285.3,0,4
33,40,285.9,0,4
33,41,289.0,0,4
33,56,286.8,0,4
33,57,289.4,0,4
33,72,286.2,0,4
33,73,290.4,0,4
33,88,293.8,0,4
33,89,286.0,0,4
33,102,294.1,0,4
33,103,288.7,0,4
33,116,293.3,0,4
33,117,289.8,0,4
33,130,291.7,0,4
33,131,287.6,0,4
33,140,294.7,0,4
33,141,295.9,0,4
33,10,293.2,0,5
33,11,293.6,0,5
33,26,296.8,0,5
33,27,293.5,0,5
33,42,295.9,0,5
33,43,298.2,0,5
33,58,295.6,0,5
33,59,293.2,0,5
33,74,292.5,0,5
33,75,300.2,0,5
33,90,295.8,0,5
33,91,293.5,0,5
33,104,293.8,0,5
33,105,294.1,0,5
33,118,297.7,0,5
33,119,295.6,0,5
33,132,294.6,0,5
33,133,296.3,0,5
33,142,301.1,0,5
33,143,295.4,0,5
33,12,297.5,0,6
33,13,291.9,0,6
33,28,299.1,0,6
33,29,296.5,0,6
33,44,302.6,0,6
33,45,295.3,0,6
33,60,289.1,0,6
33,61,292.7,0,6
33,76,295.0,0,6
33,77,294.8,0,6
33,92,295.7,0,6
33,93,294.8,0,6
33,106,294.1,0,6
33,107,290.6,0,6
33,120,293.5,0,6
33,121,300.3,0,6
33,134,297.0,0,6
33,135,292.4,0,6
33,144,296.5,0,6
33,145,294.7,0,6
33,14,296.1,0,7
33,15,297.1,0,7
33,30,301.6,0,7
33,31,297.1,0,7
33,46,301.0,0,7
33,47,290.0,0,7
33,62,296.8,0,7
33,63,299.4,0,7
33,78,297.5,0,7
33,79,296.8,0,7
33,94,297.9,0,7
33,95,297.1,0,7
33,108,296.0,0,7
33,109,298.2,0,7
33,122,301.8,0,7
33,123,298.8,0,7
33,136,297.9,0,7
33,137,296.8,0,7
33,146,299.2,0,7
33,147,298.9,0,7
48,150,84.0,0,9
48,151,88.0,0,9
48,148,72.4,0,8
48,149,74.7,0,8
48,0,78.7,0,0
48,1,69.0,0,0
48,16,79.4,0,0
48,17,75.3,0,0
48,32,73.3,0,0
48,33,64.0,0,0
48,48,0.0,0,0
48,49,63.8,0,0
48,64,73.0,0,0
48,65,67.6,0,0
48,80,70.0,0,0
48,81,59.3,0,0
48,2,71.6,0,2
48,3,82.9,0,2
48,18,73.8,0,2
48,19,79.3,0,2
48,34,76.4,0,2
48,35,79.9,0,2
48,50,75.5,0,2
48,51,82.5,0,2
48,66,83.9,0,2
48,67,82.3,0,2
48,82,76.2,0,2
48,83,79.5,0,2
48,96,91.3,0,2
48,97,78.9,0,2
48,110,78.7,0,2
48,111,79.3,0,2
48,124,77.7,0,2
48,125,75.4,0,2
48,4,80.4,0,3
48,5,78.8,0,3
48,20,71.6,0,3
48,21,81.8,0,3
48,36,77.7,0,3
48,37,91.9,0,3
48,52,102.1,0,3
48,53,98.3,0,3
48,68,95.8,0,3
48,69,86.9,0,3
48,84,88.5,0,3
48,85,88.4,0,3
48,98,86.5,0,3
48,99,91.0,0,3
48,112,88.5,0,3
48,113,79.8,0,3
48,126,87.2,0,3
48,127,82.8,0,3
48,6,84.2,0,1
48,7,81.0,0,1
48,22,73.6,0,1
48,23,86.1,0,1
48,38,83.2,0,1
48,39,79.9,0,1
48,54,87.3,0,1
48,55,88.3,0,1
48,70,84.1,0,1
48,71,88.1,0,1
48,86,88.6,0,1
48,87,80.6,0,1
48,100,82.0,0,1
48,101,85.0,0,1
48,114,87.3,0,1
48,115,83.7,0,1
48,128,81.7,0,1
48,129,92.6,0,1
48,138,88.8,0,1
48,139,96.4,0,1
48,8,282.3,0,4
48,9,287.0,0,4
48,24,289.2,0,4
48,25,284.4,0,4
48,40,285.4,0,4
48,41,288.7,0,4
48,56,286.5,0,4
48,57,288.6,0,4
48,72,285.6,0,4
48,73,290.0,0,4
48,88,292.8,0,4
48,89,284.8,0,4
48,102,292.7,0,4
48,103,288.1,0,4
48,116,292.5,0,4
48,117,289.0,0,4
48,130,290.7,0,4
48,131,287.9,0,4
48,140,293.9,0,4
48,141,295.1,0,4
48,10,293.0,0,5
48,11,293.2,0,5
48,26,295.8,0,5
48,27,292.6,0,5
48,42,295.5,0,5
48,43,297.5,0,5
48,58,294.8,0,5
48,59,291.7,0,5
48,74,291.4,0,5
48,75,299.3,0,5
48,90,295.4,0,5
48,91,292.7,0,5
48,104,292.3,0,5
48,105,293.6,0,5
48,118,298.4,0,5
48,119,296.5,0,5
48,132,293.6,0,5
48,133,296.0,0,5
48,142,299.7,0,5
48,143,295.2,0,5
48,12,295.5,0,6
48,13,290.1,0,6
48,28,298.0,0,6
48,29,295.3,0,6
48,44,301.9,0,6
48,45,294.6,0,6
48,60,288.3,0,6
48,61,291.6,0,6
48,76,294.0,0,6
48,77,293.5,0,6
48,92,295.0,0,6
48,93,293.7,0,6
48,106,292.6,0,6
48,107,289.4,0,6
48,120,291.7,0,6
48,121,298.8,0,6
48,134,294.4,0,6
48,135,291.4,0,6
48,144,296.6,0,6
48,145,294.2,0,6
48,14,295.4,0,7
48,15,296.3,0,7
48,30,301.5,0,7
48,31,296.3,0,7
48,46,300.1,0,7
48,47,288.8,0,7
48,62,295.4,0,7
48,63,298.2,0,7
48,78,296.0,0,7
48,79,294.9,0,7
48,94,296.7,0,7
48,95,296.0,0,7
48,108,294.8,0,7
48,109,296.9,0,7
48,122,300.6,0,7
48,123,297.8,0,7
48,136,297.2,0,7
48,137,295.2,0,7
48,146,298.4,0,7
48,147,296.8,0,7
49,150,81.0,0,9
49,151,90.3,0,9
49,148,71.3,0,8
49,149,70.5,0,8
49,0,77.7,0,0
49,1,78.2,0,0
49,16,72.5,0,0
49,17,64.0,0,0
49,32,61.2,0,0
49,33,57.5,0,0
49,48,63.8,0,0
49,49,0.0,0,0
49,64,66.2,0,0
49,65,60.3,0,0
49,80,66.1,0,0
49,81,63.6,0,0
49,2,68.1,0,2
49,3,77.1,0,2
49,18,72.4,0,2
49,19,65.6,0,2
49,34,72.0,0,2
49,35,73.3,0,2
49,50,73.6,0,2
49,51,77.9,0,2
49,66,79.7,0,2
49,67,74.1,0,2
49,82,69.6,0,2
49,83,74.4,0,2
49,96,82.7,0,2
49,97,78.4,0,2
49,110,70.2,0,2
49,111,77.5,0,2
49,124,67.0,0,2
49,125,71.8,0,2
49,4,75.7,0,3
49,5,76.2,0,3
49,20,73.1,0,3
49,21,76.8,0,3
49,36,75.3,0,3
49,37,84.9,0,3
49,52,91.7,0,3
49,53,89.3,0,3
49,68,81.5,0,3
49,69,81.1,0,3
49,84,81.9,0,3
49,85,90.0,0,3
49,98,84.7,0,3
49,99,86.0,0,3
49,112,82.3,0,3
49,113,80.6,0,3
49,126,74.6,0,3
49,127,76.2,0,3
49,6,76.3,0,1
49,7,66.1,0,1
49,22,80.9,0,1
49,23,79.8,0,1
49,38,81.0,0,1
49,39,82.3,0,1
49,54,81.8,0,1
49,55,83.9,0,1
49,70,79.6,0,1
49,71,89.3,0,1
49,86,84.6,0,1
49,87,77.4,0,1
49,100,76.4,0,1
49,101,74.3,0,1
49,114,75.5,0,1
49,115,79.4,0,1
49,128,77.8,0,1
49,129,97.6,0,1
49,138,91.4,0,1
49,139,94.5,0,1
49,8,285.6,0,4
49,9,289.3,0,4
49,24,291.8,0,4
49,25,287.6,0,4
49,40,287.5,0,4
49,41,290.3,0,4
49,56,288.1,0,4
49,57,290.7,0,4
49,72,287.8,0,4
49,73,292.5,0,4
49,88,294.8,0,4
49,89,287.3,0,4
49,102,295.0,0,4
49,103,290.1,0,4
49,116,294.4,0,4
49,117,291.4,0,4
49,130,292.3,0,4
49,131,290.4,0,4
49,140,296.2,0,4
49,141,296.5,0,4
49,10,294.9,0,5
49,11,293.8,0,5
49,26,297.7,0,5
49,27,294.5,0,5
49,42,297.2,0,5
49,43,299.2,0,5
49,58,296.8,0,5
49,59,294.2,0,5
49,74,293.8,0,5
49,75,301.8,0,5
49,90,297.4,0,5
49,91,295.2,0,5
49,104,295.1,0,5
49,105,296.0,0,5
49,118,300.1,0,5
49,119,298.3,0,5
49,132,296.0,0,5
49,133,297.5,0,5
49,142,302.2,0,5
49,143,296.9,0,5
49,12,298.2,0,6
49,13,292.7,0,6
49,28,299.2,0,6
49,29,297.3,0,6
49,44,303.7,0,6
49,45,296.7,0,6
49,60,290.1,0,6
49,61,292.6,0,6
49,76,296.1,0,6
49,77,295.7,0,6
49,92,296.5,0,6
49,93,296.0,0,6
49,106,294.9,0,6
49,107,291.7,0,6
49,120,293.8,0,6
49,121,300.8,0,6
49,134,297.7,0,6
49,135,293.4,0,6
49,144,297.9,0,6
49,145,296.0,0,6
49,14,297.1,0,7
49,15,297.2,0,7
49,30,302.4,0,7
49,31,297.6,0,7
49,46,302.0,0,7
49,47,290.9,0,7
49,62,297.6,0,7
49,63,300.1,0,7
49,78,298.0,0,7
49,79,297.5,0,7
49,94,298.4,0,7
49,95,298.3,0,7
49,108,296.6,0,7
49,109,298.8,0,7
49,122,302.3,0,7
49,123,299.6,0,7
49,136,299.2,0,7
49,137,296.7,0,7
49,146,300.3,0,7
49,147,299.2,0,7
64,150,86.3,0,9
64,151,84.2,0,9
64,148,67.4,0,8
64,149,77.1,0,8
64,0,80.1,0,0
64,1,76.6,0,0
64,16,81.2,0,0
64,17,73.1,0,0
64,32,73.0,0,0
64,33,68.2,0,0
64,48,73.0,0,0
64,49,66.2,0,0
64,64,0.0,0,0
64,65,72.8,0,0
64,80,73.9,0,0
64,81,77.4,0,0
64,2,69.7,0,2
64,3,75.0,0,2
64,18,76.6,0,2
64,19,68.9,0,2
64,34,64.1,0,2
64,35,77.9,0,2
64,50,77.4,0,2
64,51,71.8,0,2
64,66,79.5,0,2
64,67,77.4,0,2
64,82,79.9,0,2
64,83,76.2,0,2
64,96,84.6,0,2
64,97,82.9,0,2
64,110,70.4,0,2
64,111,85.8,0,2
64,124,77.3,0,2
64,125,73.2,0,2
64,4,82.8,0,3
64,5,82.3,0,3
64,20,79.1,0,3
64,21,82.6,0,3
64,36,77.8,0,3
64,37,86.5,0,3
64,52,94.0,0,3
64,53,81.6,0,3
64,68,89.5,0,3
64,69,85.8,0,3
64,84,93.4,0,3
64,85,91.1,0,3
64,98,83.5,0,3
64,99,90.6,0,3
64,112,83.5,0,3
64,113,86.4,0,3
64,126,86.6,0,3
64,127,84.9,0,3
64,6,80.4,0,1
64,7,81.0,0,1
64,22,70.6,0,1
64,23,76.9,0,1
64,38,85.3,0,1
64,39,83.7,0,1
64,54,86.7,0,1
64,55,91.6,0,1
64,70,87.2,0,1
64,71,90.9,0,1
64,86,89.4,0,1
64,87,84.8,0,1
64,100,74.9,0,1
64,101,78.8,0,1
64,114,86.6,0,1
64,115,81.6,0,1
64,128,83.6,0,1
64,129,94.9,0,1
64,138,91.6,0,1
64,139,99.6,0,1
64,8,284.7,0,4
64,9,287.6,0,4
64,24,289.8,0,4
64,25,284.0,0,4
64,40,285.7,0,4
64,41,290.0,0,4
64,56,287.5,0,4
64,57,290.0,0,4
64,72,287.1,0,4
64,73,291.6,0,4
64,88,293.4,0,4
64,89,286.6,0,4
64,102,294.1,0,4
64,103,290.1,0,4
64,116,293.1,0,4
64,117,288.8,0,4
64,130,291.0,0,4
64,131,288.9,0,4
64,140,295.1,0,4
64,141,295.5,0,4
64,10,294.3,0,5
64,11,294.3,0,5
64,26,296.1,0,5
64,27,293.1,0,5
64,42,296.6,0,5
64,43,298.1,0,5
64,58,296.3,0,5
64,59,294.4,0,5
64,74,293.4,0,5
64,75,301.4,0,5
64,90,297.5,0,5
64,91,295.1,0,5
64,104,295.1,0,5
64,105,295.8,0,5
64,118,299.1,0,5
64,119,297.1,0,5
64,132,295.2,0,5
64,133,297.4,0,5
64,142,302.1,0,5
64,143,296.9,0,5
64,12,298.0,0,6
64,13,292.5,0,6
64,28,299.8,0,6
64,29,296.8,0,6
64,44,304.0,0,6
64,45,296.5,0,6
64,60,290.3,0,6
64,61,293.9,0,6
64,76,295.1,0,6
64,77,295.6,0,6
64,92,296.9,0,6
64,93,294.9,0,6
64,106,295.1,0,6
64,107,291.0,0,6
64,120,293.8,0,6
64,121,300.3,0,6
64,134,297.8,0,6
64,135,293.2,0,6
64,144,298.6,0,6
64,145,296.4,0,6
64,14,296.7,0,7
64,15,298.2,0,7
64,30,302.6,0,7
64,31,297.8,0,7
64,46,302.5,0,7
64,47,291.1,0,7
64,62,297.9,0,7
64,63,300.2,0,7
64,78,298.1,0,7
64,79,297.5,0,7
64,94,299.2,0,7
64,95,297.9,0,7
64,108,297.4,0,7
64,109,299.0,0,7
64,122,302.4,0,7
64,123,300.2,0,7
64,136,298.9,0,7
64,137,297.2,0,7
64,146,300.4,0,7
64,147,299.2,0,7
65,150,88.5,0,9
65,151,92.2,0,9
65,148,64.8,0,8
65,149,73.5,0,8
65,0,81.3,0,0
65,1,77.6,0,0
65,16,76.8,0,0
65,17,78.7,0,0
65,32,72.8,0,0
65,33,63.7,0,0
65,48,67.6,0,0
65,49,60.3,0,0
65,64,72.8,0,0
65,65,0.0,0,0
65,80,71.6,0,0
65,81,57.7,0,0
65,2,66.7,0,2
65,3,81.4,0,2
65,18,66.7,0,2
65,19,71.2,0,2
65,34,73.1,0,2
65,35,79.0,0,2
65,50,81.6,0,2
65,51,87.5,0,2
65,66,86.7,0,2
65,67,79.1,0,2
65,82,79.0,0,2
65,83,81.9,0,2
65,96,90.8,0,2
65,97,81.2,0,2
65,110,72.9,0,2
65,111,69.6,0,2
65,124,77.6,0,2
65,125,75.7,0,2
65,4,79.1,0,3
65,5,76.6,0,3
65,20,76.5,0,3
65,21,82.1,0,3
65,36,75.6,0,3
65,37,84.5,0,3
65,52,95.5,0,3
65,53,98.3,0,3
65,68,90.6,0,3
65,69,77.3,0,3
65,84,80.6,0,3
65,85,86.9,0,3
65,98,82.4,0,3
65,99,86.9,0,3
65,112,84.9,0,3
65,113,83.5,0,3
65,126,72.0,0,3
65,127,80.7,0,3
65,6,79.6,0,1
65,7,74.4,0,1
65,22,81.1,0,1
65,23,82.4,0,1
65,38,84.9,0,1
65,39,80.5,0,1
65,54,82.8,0,1
65,55,87.8,0,1
65,70,84.9,0,1
65,71,84.7,0,1
65,86,86.3,0,1
65,87,79.2,0,1
65,100,82.4,0,1
65,101,83.9,0,1
65,114,85.9,0,1
65,115,77.2,0,1
65,128,81.9,0,1
65,129,92.3,0,1
65,138,90.3,0,1
65,139,92.8,0,1
65,8,285.5,0,4
65,9,289.5,0,4
65,24,292.2,0,4
65,25,287.9,0,4
65,40,287.8,0,4
65,41,290.8,0,4
65,56,288.0,0,4
65,57,290.0,0,4
65,72,288.4,0,4
65,73,292.0,0,4
65,88,295.2,0,4
65,89,286.8,0,4
65,102,295.0,0,4
65,103,290.1,0,4
65,116,295.1,0,4
65,117,290.6,0,4
65,130,293.5,0,4
65,131,289.5,0,4
65,140,296.6,0,4
65,141,297.7,0,4
65,10,295.7,0,5
65,11,295.6,0,5
65,26,298.4,0,5
65,27,294.9,0,5
65,42,297.9,0,5
65,43,299.3,0,5
65,58,296.5,0,5
65,59,294.3,0,5
65,74,294.0,0,5
65,75,301.9,0,5
65,90,297.3,0,5
65,91,294.8,0,5
65,104,294.8,0,5
65,105,296.0,0,5
65,118,300.2,0,5
65,119,299.1,0,5
65,132,296.5,0,5
65,133,298.5,0,5
65,142,302.5,0,5
65,143,297.7,0,5
65,12,298.5,0,6
65,13,292.4,0,6
65,28,300.5,0,6
65,29,297.7,0,6
65,44,304.5,0,6
65,45,297.7,0,6
65,60,291.6,0,6
65,61,294.2,0,6
65,76,297.0,0,6
65,77,296.8,0,6
65,92,297.8,0,6
65,93,297.2,0,6
65,106,295.7,0,6
65,107,292.5,0,6
65,120,294.9,0,6
65,121,301.7,0,6
65,134,298.4,0,6
65,135,294.3,0,6
65,144,299.3,0,6
65,145,296.9,0,6
65,14,298.5,0,7
65,15,298.5,0,7
65,30,303.3,0,7
65,31,298.7,0,7
65,46,302.9,0,7
65,47,291.7,0,7
65,62,298.1,0,7
65,63,300.9,0,7
65,78,298.6,0,7
65,79,297.8,0,7
65,94,299.3,0,7
65,95,298.7,0,7
65,108,297.3,0,7
65,109,299.8,0,7
65,122,302.5,0,7
65,123,300.3,0,7
65,136,299.4,0,7
65,137,297.7,0,7
65,146,301.0,0,7
65,147,299.6,0,7
80,150,82.7,0,9
80,151,87.7,0,9
80,148,75.9,0,8
80,149,71.0,0,8
80,0,78.5,0,0
80,1,76.0,0,0
80,16,76.7,0,0
80,17,72.9,0,0
80,32,73.9,0,0
80,33,69.7,0,0
80,48,70.0,0,0
80,49,66.1,0,0
80,64,73.9,0,0
80,65,71.6,0,0
80,80,0.0,0,0
80,81,65.9,0,0
80,2,71.9,0,2
80,3,77.7,0,2
80,18,60.3,0,2
80,19,70.0,0,2
80,34,75.9,0,2
80,35,74.5,0,2
80,50,74.5,0,2
80,51,81.5,0,2
80,66,81.4,0,2
80,67,74.7,0,2
80,82,75.8,0,2
80,83,76.5,0,2
80,96,88.1,0,2
80,97,72.3,0,2
80,110,74.0,0,2
80,111,82.3,0,2
80,124,70.2,0,2
80,125,75.4,0,2
80,4,71.8,0,3
80,5,74.5,0,3
80,20,76.2,0,3
80,21,68.4,0,3
80,36,76.0,0,3
80,37,87.7,0,3
80,52,94.4,0,3
80,53,86.2,0,3
80,68,91.7,0,3
80,69,85.9,0,3
80,84,88.1,0,3
80,85,85.4,0,3
80,98,86.3,0,3
80,99,88.8,0,3
80,112,74.9,0,3
80,113,83.6,0,3
80,126,77.8,0,3
80,127,79.7,0,3
80,6,78.6,0,1
80,7,80.4,0,1
80,22,82.8,0,1
80,23,83.1,0,1
80,38,83.5,0,1
80,39,79.2,0,1
80,54,78.8,0,1
80,55,78.0,0,1
80,70,69.6,0,1
80,71,84.9,0,1
80,86,86.0,0,1
80,87,73.4,0,1
80,100,76.3,0,1
80,101,83.9,0,1
80,114,79.4,0,1
80,115,84.0,0,1
80,128,80.0,0,1
80,129,94.5,0,1
80,138,77.6,0,1
80,139,95.6,0,1
80,8,285.6,0,4
80,9,289.6,0,4
80,24,292.2,0,4
80,25,288.1,0,4
80,40,288.1,0,4
80,41,290.7,0,4
80,56,287.9,0,4
80,57,291.1,0,4
80,72,287.8,0,4
80,73,291.6,0,4
80,88,294.8,0,4
80,89,287.9,0,4
80,102,294.6,0,4
80,103,290.1,0,4
80,116,293.7,0,4
80,117,291.8,0,4
80,130,292.4,0,4
80,131,290.9,0,4
80,140,296.4,0,4
80,141,296.3,0,4
80,10,295.0,0,5
80,11,294.6,0,5
80,26,297.7,0,5
80,27,293.9,0,5
80,42,297.4,0,5
80,43,299.2,0,5
80,58,296.7,0,5
80,59,293.9,0,5
80,74,293.7,0,5
80,75,300.7,0,5
80,90,297.7,0,5
80,91,295.1,0,5
80,104,295.1,0,5
80,105,295.3,0,5
80,118,299.5,0,5
80,119,298.7,0,5
80,132,295.8,0,5
80,133,297.7,0,5
80,142,302.6,0,5
80,143,297.3,0,5
80,12,298.5,0,6
80,13,293.2,0,6
80,28,299.3,0,6
80,29,297.2,0,6
80,44,303.7,0,6
80,45,296.7,0,6
80,60,290.1,0,6
80,61,292.8,0,6
80,76,296.0,0,6
80,77,295.6,0,6
80,92,296.7,0,6
80,93,295.5,0,6
80,106,294.9,0,6
80,107,291.7,0,6
80,120,294.0,0,6
80,121,301.1,0,6
80,134,297.7,0,6
80,135,293.3,0,6
80,144,298.4,0,6
80,145,295.8,0,6
80,14,297.3,0,7
80,15,297.6,0,7
80,30,302.7,0,7
80,31,297.7,0,7
80,46,302.2,0,7
80,47,291.0,0,7
80,62,297.6,0,7
80,63,300.3,0,7
80,78,298.0,0,7
80,79,297.6,0,7
80,94,298.5,0,7
80,95,298.2,0,7
80,108,296.5,0,7
80,109,298.0,0,7
80,122,302.7,0,7
80,123,299.7,0,7
80,136,299.2,0,7
80,137,297.1,0,7
80,146,300.2,0,7
80,147,299.6,0,7
81,150,76.4,0,9
81,151,91.9,0,9
81,148,77.8,0,8
81,149,71.6,0,8
81,0,77.2,0,0
81,1,74.3,0,0
81,16,75.5,0,0
81,17,71.3,0,0
81,32,71.7,0,0
81,33,66.7,0,0
81,48,59.3,0,0
81,49,63.6,0,0
81,64,77.4,0,0
81,65,57.7,0,0
81,80,65.9,0,0
81,81,0.0,0,0
81,2,59.1,0,2
81,3,75.8,0,2
81,18,66.2,0,2
81,19,73.2,0,2
81,34,75.5,0,2
81,35,78.3,0,2
81,50,72.8,0,2
81,51,84.2,0,2
81,66,86.3,0,2
81,67,71.2,0,2
81,82,72.6,0,2
81,83,77.4,0,2
81,96,86.9,0,2
81,97,75.4,0,2
81,110,74.5,0,2
81,111,74.9,0,2
81,124,74.0,0,2
81,125,70.6,0,2
81,4,75.6,0,3
81,5,77.0,0,3
81,20,75.4,0,3
81,21,74.8,0,3
81,36,73.7,0,3
81,37,84.3,0,3
81,52,98.6,0,3
81,53,96.4,0,3
81,68,92.0,0,3
81,69,84.2,0,3
81,84,79.1,0,3
81,85,83.8,0,3
81,98,87.5,0,3
81,99,90.7,0,3
81,112,81.6,0,3
81,113,80.7,0,3
81,126,74.2,0,3
81,127,77.5,0,3
81,6,81.2,0,1
81,7,75.5,0,1
81,22,82.3,0,1
81,23,85.7,0,1
81,38,80.5,0,1
81,39,79.5,0,1
81,54,83.1,0,1
81,55,86.4,0,1
81,70,78.2,0,1
81,71,80.2,0,1
81,86,84.6,0,1
81,87,74.4,0,1
81,100,76.2,0,1
81,101,85.5,0,1
81,114,87.3,0,1
81,115,77.7,0,1
81,128,83.5,0,1
81,129,86.0,0,1
81,138,82.5,0,1
81,139,93.3,0,1
81,8,286.0,0,4
81,9,290.5,0,4
81,24,293.0,0,4
81,25,288.6,0,4
81,40,288.2,0,4
81,41,291.7,0,4
81,56,289.1,0,4
81,57,291.9,0,4
81,72,289.2,0,4
81,73,293.0,0,4
81,88,295.9,0,4
81,89,288.6,0,4
81,102,295.8,0,4
81,103,290.8,0,4
81,116,295.5,0,4
81,117,292.9,0,4
81,130,294.3,0,4
81,131,291.1,0,4
81,140,296.4,0,4
81,141,298.1,0,4
81,10,295.9,0,5
81,11,296.2,0,5
81,26,299.2,0,5
81,27,295.6,0,5
81,42,298.3,0,5
81,43,299.6,0,5
81,58,297.1,0,5
81,59,294.2,0,5
81,74,293.9,0,5
81,75,301.8,0,5
81,90,297.1,0,5
81,91,295.0,0,5
81,104,295.4,0,5
81,105,295.3,0,5
81,118,300.5,0,5
81,119,299.1,0,5
81,132,296.3,0,5
81,133,298.6,0,5
81,142,302.9,0,5
81,143,297.7,0,5
81,12,298.5,0,6
81,13,293.6,0,6
81,28,300.7,0,6
81,29,298.1,0,6
81,44,304.5,0,6
81,45,297.5,0,6
81,60,291.1,0,6
81,61,294.6,0,6
81,76,297.2,0,6
81,77,296.2,0,6
81,92,297.4,0,6
81,93,297.0,0,6
81,106,295.7,0,6
81,107,292.3,0,6
81,120,294.9,0,6
81,121,301.7,0,6
81,134,298.2,0,6
81,135,294.1,0,6
81,144,299.0,0,6
81,145,296.7,0,6
81,14,298.5,0,7
81,15,298.9,0,7
81,30,303.7,0,7
81,31,298.7,0,7
81,46,303.0,0,7
81,47,291.8,0,7
81,62,297.9,0,7
81,63,301.0,0,7
81,78,298.8,0,7
81,79,297.7,0,7
81,94,299.1,0,7
81,95,298.5,0,7
81,108,297.2,0,7
81,109,299.5,0,7
81,122,303.0,0,7
81,123,300.3,0,7
81,136,299.9,0,7
81,137,298.2,0,7
81,146,301.4,0,7
81,147,300.3,0,7
2,150,88.9,2,9
2,151,92.5,2,9
2,148,78.2,2,8
2,149,76.9,2,8
2,0,75.1,2,0
2,1,75.6,2,0
2,16,79.6,2,0
2,17,77.3,2,0
2,32,76.2,2,0
2,33,70.0,2,0
2,48,71.6,2,0
2,49,68.1,2,0
2,64,69.7,2,0
2,65,66.7,2,0
2,80,71.9,2,0
2,81,59.1,2,0
2,2,0.0,2,2
2,3,79.2,2,2
2,18,72.0,2,2
2,19,74.8,2,2
2,34,77.2,2,2
2,35,79.4,2,2
2,50,81.7,2,2
2,51,73.9,2,2
2,66,87.2,2,2
2,67,73.9,2,2
2,82,71.4,2,2
2,83,77.5,2,2
2,96,84.0,2,2
2,97,81.5,2,2
2,110,75.7,2,2
2,111,75.2,2,2
2,124,75.0,2,2
2,125,52.6,2,2
2,4,78.8,2,3
2,5,77.3,2,3
2,20,70.3,2,3
2,21,76.0,2,3
2,36,76.2,2,3
2,37,84.7,2,3
2,52,102.6,2,3
2,53,98.8,2,3
2,68,89.9,2,3
2,69,88.2,2,3
2,84,83.6,2,3
2,85,88.3,2,3
2,98,92.7,2,3
2,99,94.1,2,3
2,112,84.1,2,3
2,113,79.8,2,3
2,126,78.6,2,3
2,127,72.0,2,3
2,6,83.2,2,1
2,7,77.2,2,1
2,22,81.0,2,1
2,23,86.6,2,1
2,38,82.8,2,1
2,39,84.2,2,1
2,54,88.7,2,1
2,55,93.6,2,1
2,70,85.2,2,1
2,71,88.0,2,1
2,86,84.9,2,1
2,87,79.3,2,1
2,100,76.4,2,1
2,101,89.9,2,1
2,114,92.8,2,1
2,115,78.0,2,1
2,128,85.1,2,1
2,129,91.5,2,1
2,138,88.4,2,1
2,139,98.5,2,1
2,8,286.3,2,4
2,9,289.3,2,4
2,24,292.9,2,4
2,25,288.0,2,4
2,40,288.3,2,4
2,41,292.0,2,4
2,56,289.1,2,4
2,57,291.8,2,4
2,72,289.1,2,4
2,73,292.9,2,4
2,88,296.0,2,4
2,89,289.1,2,4
2,102,296.3,2,4
2,103,290.9,2,4
2,116,295.0,2,4
2,117,292.1,2,4
2,130,294.0,2,4
2,131,290.3,2,4
2,140,296.5,2,4
2,141,297.6,2,4
2,10,296.2,2,5
2,11,296.1,2,5
2,26,299.0,2,5
2,27,295.2,2,5
2,42,298.1,2,5
2,43,298.8,2,5
2,58,296.9,2,5
2,59,295.1,2,5
2,74,293.7,2,5
2,75,301.9,2,5
2,90,297.6,2,5
2,91,295.1,2,5
2,104,295.1,2,5
2,105,295.7,2,5
2,118,300.0,2,5
2,119,298.3,2,5
2,132,296.2,2,5
2,133,298.6,2,5
2,142,303.1,2,5
2,143,297.9,2,5
2,12,298.6,2,6
2,13,293.4,2,6
2,28,300.2,2,6
2,29,297.8,2,6
2,44,304.7,2,6
2,45,297.3,2,6
2,60,291.4,2,6
2,61,294.8,2,6
2,76,296.2,2,6
2,77,296.5,2,6
2,92,297.9,2,6
2,93,297.0,2,6
2,106,296.1,2,6
2,107,292.6,2,6
2,120,294.3,2,6
2,121,301.5,2,6
2,134,298.6,2,6
2,135,294.9,2,6
2,144,298.4,2,6
2,145,296.7,2,6
2,14,298.4,2,7
2,15,299.1,2,7
2,30,303.4,2,7
2,31,298.6,2,7
2,46,303.4,2,7
2,47,292.1,2,7
2,62,298.8,2,7
2,63,300.9,2,7
2,78,298.7,2,7
2,79,297.7,2,7
2,94,299.2,2,7
2,95,298.1,2,7
2,108,297.8,2,7
2,109,299.3,2,7
2,122,303.3,2,7
2,123,300.7,2,7
2,136,299.8,2,7
2,137,298.3,2,7
2,146,301.4,2,7
2,147,300.4,2,7
3,150,81.1,2,9
3,151,62.1,2,9
3,148,87.8,2,8
3,149,76.1,2,8
3,0,75.2,2,0
3,1,72.4,2,0
3,16,68.2,2,0
3,17,85.7,2,0
3,32,72.6,2,0
3,33,73.1,2,0
3,48,82.9,2,0
3,49,77.1,2,0
3,64,75.0,2,0
3,65,81.4,2,0
3,80,77.7,2,0
3,81,75.8,2,0
3,2,79.2,2,2
3,3,0.0,2,2
3,18,70.1,2,2
3,19,75.2,2,2
3,34,71.7,2,2
3,35,74.3,2,2
3,50,81.3,2,2
3,51,80.2,2,2
3,66,85.4,2,2
3,67,77.2,2,2
3,82,78.5,2,2
3,83,79.0,2,2
3,96,86.0,2,2
3,97,74.7,2,2
3,110,81.0,2,2
3,111,80.9,2,2
3,124,77.3,2,2
3,125,77.4,2,2
3,4,79.0,2,3
3,5,84.7,2,3
3,20,80.6,2,3
3,21,78.4,2,3
3,36,77.3,2,3
3,37,78.7,2,3
3,52,84.1,2,3
3,53,82.0,2,3
3,68,83.7,2,3
3,69,82.0,2,3
3,84,83.8,2,3
3,85,76.3,2,3
3,98,85.9,2,3
3,99,86.2,2,3
3,112,91.0,2,3
3,113,81.5,2,3
3,126,85.9,2,3
3,127,82.4,2,3
3,6,81.4,2,1
3,7,77.7,2,1
3,22,82.3,2,1
3,23,83.0,2,1
3,38,84.6,2,1
3,39,79.7,2,1
3,54,77.0,2,1
3,55,83.9,2,1
3,70,80.2,2,1
3,71,78.3,2,1
3,86,81.9,2,1
3,87,80.7,2,1
3,100,79.0,2,1
3,101,89.2,2,1
3,114,88.1,2,1
3,115,88.4,2,1
3,128,77.5,2,1
3,129,86.6,2,1
3,138,93.3,2,1
3,139,82.4,2,1
3,8,278.9,2,4
3,9,284.4,2,4
3,24,286.8,2,4
3,25,280.6,2,4
3,40,282.2,2,4
3,41,285.5,2,4
3,56,281.2,2,4
3,57,286.8,2,4
3,72,283.3,2,4
3,73,287.2,2,4
3,88,289.9,2,4
3,89,281.8,2,4
3,102,290.8,2,4
3,103,285.7,2,4
3,116,289.0,2,4
3,117,285.2,2,4
3,130,287.2,2,4
3,131,284.4,2,4
3,140,290.7,2,4
3,141,292.6,2,4
3,10,289.7,2,5
3,11,289.8,2,5
3,26,293.5,2,5
3,27,289.7,2,5
3,42,292.0,2,5
3,43,294.0,2,5
3,58,291.4,2,5
3,59,287.6,2,5
3,74,288.4,2,5
3,75,295.4,2,5
3,90,292.1,2,5
3,91,289.8,2,5
3,104,289.3,2,5
3,105,290.3,2,5
3,118,293.7,2,5
3,119,291.7,2,5
3,132,289.6,2,5
3,133,292.4,2,5
3,142,298.0,2,5
3,143,291.2,2,5
3,12,293.6,2,6
3,13,288.8,2,6
3,28,295.0,2,6
3,29,292.8,2,6
3,44,299.2,2,6
3,45,291.7,2,6
3,60,285.7,2,6
3,61,288.5,2,6
3,76,291.5,2,6
3,77,290.4,2,6
3,92,292.9,2,6
3,93,290.9,2,6
3,106,290.1,2,6
3,107,286.2,2,6
3,120,289.9,2,6
3,121,297.2,2,6
3,134,291.7,2,6
3,135,286.6,2,6
3,144,293.6,2,6
3,145,291.7,2,6
3,14,291.9,2,7
3,15,294.0,2,7
3,30,298.1,2,7
3,31,293.3,2,7
3,46,297.0,2,7
3,47,285.7,2,7
3,62,293.3,2,7
3,63,296.6,2,7
3,78,294.3,2,7
3,79,293.9,2,7
3,94,294.6,2,7
3,95,293.2,2,7
3,108,292.6,2,7
3,109,294.9,2,7
3,122,298.6,2,7
3,123,295.6,2,7
3,136,294.2,2,7
3,137,292.9,2,7
3,146,296.2,2,7
3,147,296.0,2,7
18,150,82.4,2,9
18,151,80.3,2,9
18,148,72.5,2,8
18,149,68.2,2,8
18,0,80.3,2,0
18,1,73.2,2,0
18,16,77.2,2,0
18,17,77.5,2,0
18,32,73.4,2,0
18,33,72.9,2,0
18,48,73.8,2,0
18,49,72.4,2,0
18,64,76.6,2,0
18,65,66.7,2,0
18,80,60.3,2,0
18,81,66.2,2,0
18,2,72.0,2,2
18,3,70.1,2,2
18,18,0.0,2,2
18,19,67.9,2,2
18,34,71.0,2,2
18,35,77.0,2,2
18,50,76.3,2,2
18,51,80.1,2,2
18,66,82.9,2,2
18,67,75.1,2,2
18,82,77.4,2,2
18,83,74.6,2,2
18,96,86.4,2,2
18,97,69.8,2,2
18,110,75.3,2,2
18,111,81.3,2,2
18,124,69.9,2,2
18,125,72.3,2,2
18,4,76.1,2,3
18,5,74.4,2,3
18,20,74.5,2,3
18,21,72.4,2,3
18,36,72.9,2,3
18,37,89.1,2,3
18,52,94.8,2,3
18,53,93.2,2,3
18,68,91.7,2,3
18,69,82.4,2,3
18,84,83.7,2,3
18,85,69.9,2,3
18,98,83.7,2,3
18,99,88.1,2,3
18,112,84.3,2,3
18,113,82.1,2,3
18,126,79.0,2,3
18,127,78.1,2,3
18,6,78.1,2,1
18,7,78.6,2,1
18,22,79.8,2,1
18,23,80.4,2,1
18,38,78.9,2,1
18,39,75.6,2,1
18,54,77.9,2,1
18,55,82.5,2,1
18,70,76.2,2,1
18,71,77.9,2,1
18,86,82.4,2,1
18,87,74.3,2,1
18,100,74.3,2,1
18,101,85.0,2,1
18,114,79.7,2,1
18,115,81.0,2,1
18,128,77.8,2,1
18,129,88.7,2,1
18,138,84.6,2,1
18,139,93.0,2,1
18,8,286.0,2,4
18,9,289.9,2,4
18,24,292.1,2,4
18,25,288.2,2,4
18,40,287.9,2,4
18,41,291.0,2,4
18,56,287.8,2,4
18,57,291.9,2,4
18,72,289.0,2,4
18,73,292.6,2,4
18,88,295.1,2,4
18,89,288.4,2,4
18,102,294.5,2,4
18,103,290.2,2,4
18,116,294.8,2,4
18,117,292.5,2,4
18,130,293.9,2,4
18,131,291.4,2,4
18,140,296.6,2,4
18,141,296.6,2,4
18,10,295.3,2,5
18,11,295.3,2,5
18,26,298.2,2,5
18,27,293.9,2,5
18,42,297.4,2,5
18,43,299.1,2,5
18,58,296.6,2,5
18,59,294.0,2,5
18,74,294.1,2,5
18,75,301.6,2,5
18,90,296.8,2,5
18,91,294.6,2,5
18,104,294.8,2,5
18,105,296.0,2,5
18,118,299.9,2,5
18,119,298.5,2,5
18,132,295.4,2,5
18,133,298.1,2,5
18,142,302.7,2,5
18,143,297.0,2,5
18,12,298.9,2,6
18,13,293.7,2,6
18,28,299.7,2,6
18,29,297.6,2,6
18,44,303.9,2,6
18,45,296.6,2,6
18,60,290.2,2,6
18,61,293.8,2,6
18,76,296.7,2,6
18,77,296.3,2,6
18,92,297.2,2,6
18,93,296.4,2,6
18,106,295.0,2,6
18,107,292.4,2,6
18,120,294.4,2,6
18,121,301.1,2,6
18,134,298.2,2,6
18,135,293.7,2,6
18,144,298.6,2,6
18,145,296.5,2,6
18,14,297.5,2,7
18,15,298.2,2,7
18,30,303.0,2,7
18,31,297.3,2,7
18,46,302.3,2,7
18,47,291.4,2,7
18,62,297.5,2,7
18,63,300.3,2,7
18,78,298.2,2,7
18,79,298.1,2,7
18,94,298.7,2,7
18,95,298.4,2,7
18,108,297.0,2,7
18,109,299.0,2,7
18,122,302.3,2,7
18,123,299.2,2,7
18,136,299.5,2,7
18,137,297.3,2,7
18,146,300.5,2,7
18,147,299.9,2,7
19,150,82.6,2,9
19,151,85.8,2,9
19,148,70.4,2,8
19,149,55.8,2,8
19,0,74.8,2,0
19,1,79.3,2,0
19,16,62.3,2,0
19,17,72.9,2,0
19,32,66.9,2,0
19,33,73.2,2,0
19,48,79.3,2,0
19,49,65.6,2,0
19,64,68.9,2,0
19,65,71.2,2,0
19,80,70.0,2,0
19,81,73.2,2,0
19,2,74.8,2,2
19,3,75.2,2,2
19,18,67.9,2,2
19,19,0.0,2,2
19,34,70.3,2,2
19,35,78.0,2,2
19,50,77.9,2,2
19,51,81.3,2,2
19,66,84.3,2,2
19,67,69.0,2,2
19,82,80.0,2,2
19,83,75.8,2,2
19,96,87.7,2,2
19,97,76.0,2,2
19,110,69.5,2,2
19,111,78.9,2,2
19,124,76.3,2,2
19,125,73.9,2,2
19,4,79.5,2,3
19,5,67.2,2,3
19,20,74.4,2,3
19,21,75.6,2,3
19,36,72.6,2,3
19,37,76.3,2,3
19,52,75.8,2,3
19,53,87.5,2,3
19,68,80.3,2,3
19,69,77.5,2,3
19,84,83.5,2,3
19,85,84.2,2,3
19,98,72.9,2,3
19,99,76.1,2,3
19,112,82.2,2,3
19,113,80.3,2,3
19,126,77.8,2,3
19,127,77.7,2,3
19,6,77.7,2,1
19,7,73.8,2,1
19,22,79.1,2,1
19,23,76.3,2,1
19,38,74.3,2,1
19,39,81.5,2,1
19,54,71.7,2,1
19,55,74.3,2,1
19,70,75.7,2,1
19,71,79.6,2,1
19,86,82.6,2,1
19,87,78.7,2,1
19,100,78.1,2,1
19,101,81.4,2,1
19,114,80.9,2,1
19,115,75.6,2,1
19,128,69.0,2,1
19,129,91.7,2,1
19,138,89.5,2,1
19,139,94.8,2,1
19,8,287.3,2,4
19,9,290.9,2,4
19,24,293.5,2,4
19,25,289.4,2,4
19,40,288.6,2,4
19,41,292.4,2,4
19,56,289.6,2,4
19,57,292.6,2,4
19,72,290.0,2,4
19,73,294.0,2,4
19,88,296.2,2,4
19,89,289.1,2,4
19,102,296.6,2,4
19,103,292.0,2,4
19,116,296.2,2,4
19,117,292.6,2,4
19,130,294.4,2,4
19,131,292.4,2,4
19,140,298.0,2,4
19,141,298.6,2,4
19,10,297.0,2,5
19,11,295.8,2,5
19,26,299.1,2,5
19,27,295.5,2,5
19,42,298.7,2,5
19,43,301.0,2,5
19,58,298.3,2,5
19,59,295.8,2,5
19,74,295.7,2,5
19,75,303.6,2,5
19,90,299.5,2,5
19,91,296.5,2,5
19,104,296.8,2,5
19,105,297.4,2,5
19,118,301.7,2,5
19,119,300.5,2,5
19,132,297.5,2,5
19,133,299.7,2,5
19,142,304.5,2,5
19,143,299.2,2,5
19,12,300.6,2,6
19,13,295.0,2,6
19,28,301.4,2,6
19,29,299.3,2,6
19,44,305.6,2,6
19,45,298.6,2,6
19,60,291.5,2,6
19,61,294.9,2,6
19,76,297.1,2,6
19,77,297.7,2,6
19,92,298.6,2,6
19,93,297.9,2,6
19,106,297.1,2,6
19,107,293.2,2,6
19,120,295.4,2,6
19,121,302.3,2,6
19,134,299.4,2,6
19,135,295.8,2,6
19,144,300.6,2,6
19,145,298.4,2,6
19,14,299.3,2,7
19,15,299.7,2,7
19,30,304.3,2,7
19,31,299.6,2,7
19,46,304.0,2,7
19,47,293.0,2,7
19,62,299.9,2,7
19,63,302.7,2,7
19,78,300.1,2,7
19,79,300.2,2,7
19,94,300.8,2,7
19,95,300.3,2,7
19,108,299.0,2,7
19,109,301.1,2,7
19,122,304.8,2,7
19,123,302.2,2,7
19,136,300.7,2,7
19,137,299.1,2,7
19,146,301.8,2,7
19,147,301.8,2,7
34,150,80.8,2,9
34,151,84.2,2,9
34,148,74.3,2,8
34,149,75.5,2,8
34,0,84.4,2,0
34,1,80.4,2,0
34,16,78.6,2,0
34,17,77.4,2,0
34,32,74.2,2,0
34,33,72.9,2,0
34,48,76.4,2,0
34,49,72.0,2,0
34,64,64.1,2,0
34,65,73.1,2,0
34,80,75.9,2,0
34,81,75.5,2,0
34,2,77.2,2,2
34,3,71.7,2,2
34,18,71.0,2,2
34,19,70.3,2,2
34,34,0.0,2,2
34,35,68.5,2,2
34,50,71.9,2,2
34,51,76.3,2,2
34,66,82.3,2,2
34,67,76.9,2,2
34,82,74.5,2,2
34,83,72.2,2,2
34,96,84.1,2,2
34,97,73.7,2,2
34,110,72.0,2,2
34,111,82.8,2,2
34,124,75.8,2,2
34,125,77.2,2,2
34,4,80.4,2,3
34,5,84.1,2,3
34,20,76.8,2,3
34,21,81.1,2,3
34,36,76.2,2,3
34,37,82.8,2,3
34,52,85.8,2,3
34,53,81.8,2,3
34,68,85.3,2,3
34,69,80.1,2,3
34,84,88.0,2,3
34,85,82.6,2,3
34,98,78.6,2,3
34,99,88.5,2,3
34,112,83.7,2,3
34,113,82.8,2,3
34,126,85.4,2,3
34,127,86.0,2,3
34,6,70.3,2,1
34,7,81.1,2,1
34,22,68.5,2,1
34,23,80.2,2,1
34,38,81.7,2,1
34,39,80.1,2,1
34,54,83.1,2,1
34,55,86.6,2,1
34,70,83.7,2,1
34,71,82.6,2,1
34,86,81.7,2,1
34,87,84.8,2,1
34,100,74.7,2,1
34,101,79.3,2,1
34,114,84.5,2,1
34,115,82.1,2,1
34,128,80.6,2,1
34,129,90.2,2,1
34,138,88.4,2,1
34,139,84.2,2,1
34,8,282.4,2,4
34,9,286.9,2,4
34,24,288.7,2,4
34,25,284.0,2,4
34,40,284.9,2,4
34,41,287.6,2,4
34,56,284.8,2,4
34,57,288.5,2,4
34,72,284.9,2,4
34,73,289.5,2,4
34,88,291.4,2,4
34,89,285.0,2,4
34,102,292.3,2,4
34,103,288.4,2,4
34,116,291.5,2,4
34,117,288.7,2,4
34,130,289.9,2,4
34,131,287.6,2,4
34,140,293.3,2,4
34,141,294.7,2,4
34,10,291.7,2,5
34,11,292.6,2,5
34,26,294.6,2,5
34,27,291.8,2,5
34,42,295.0,2,5
34,43,296.3,2,5
34,58,293.6,2,5
34,59,290.9,2,5
34,74,290.9,2,5
34,75,298.1,2,5
34,90,294.8,2,5
34,91,291.5,2,5
34,104,292.4,2,5
34,105,292.8,2,5
34,118,296.7,2,5
34,119,295.5,2,5
34,132,292.2,2,5
34,133,295.1,2,5
34,142,300.1,2,5
34,143,294.4,2,5
34,12,295.0,2,6
34,13,290.5,2,6
34,28,297.5,2,6
34,29,294.8,2,6
34,44,301.4,2,6
34,45,294.4,2,6
34,60,287.2,2,6
34,61,290.9,2,6
34,76,292.7,2,6
34,77,293.0,2,6
34,92,294.8,2,6
34,93,293.1,2,6
34,106,292.5,2,6
34,107,289.2,2,6
34,120,291.4,2,6
34,121,298.6,2,6
34,134,294.4,2,6
34,135,290.2,2,6
34,144,295.9,2,6
34,145,293.9,2,6
34,14,294.7,2,7
34,15,295.8,2,7
34,30,300.5,2,7
34,31,295.5,2,7
34,46,299.8,2,7
34,47,288.9,2,7
34,62,294.7,2,7
34,63,298.2,2,7
34,78,296.1,2,7
34,79,295.8,2,7
34,94,296.5,2,7
34,95,295.7,2,7
34,108,294.8,2,7
34,109,296.6,2,7
34,122,300.5,2,7
34,123,297.6,2,7
34,136,295.8,2,7
34,137,295.2,2,7
34,146,298.2,2,7
34,147,298.1,2,7
35,150,74.3,2,9
35,151,85.5,2,9
35,148,80.7,2,8
35,149,76.4,2,8
35,0,81.1,2,0
35,1,81.0,2,0
35,16,79.2,2,0
35,17,79.6,2,0
35,32,76.2,2,0
35,33,72.3,2,0
35,48,79.9,2,0
35,49,73.3,2,0
35,64,77.9,2,0
35,65,79.0,2,0
35,80,74.5,2,0
35,81,78.3,2,0
35,2,79.4,2,2
35,3,74.3,2,2
35,18,77.0,2,2
35,19,78.0,2,2
35,34,68.5,2,2
35,35,0.0,2,2
35,50,57.1,2,2
35,51,61.4,2,2
35,66,66.4,2,2
35,67,66.0,2,2
35,82,60.9,2,2
35,83,56.5,2,2
35,96,73.8,2,2
35,97,64.3,2,2
35,110,81.0,2,2
35,111,79.7,2,2
35,124,74.3,2,2
35,125,77.4,2,2
35,4,77.1,2,3
35,5,74.0,2,3
35,20,69.3,2,3
35,21,78.3,2,3
35,36,77.7,2,3
35,37,86.6,2,3
35,52,89.2,2,3
35,53,82.6,2,3
35,68,85.8,2,3
35,69,77.5,2,3
35,84,87.5,2,3
35,85,85.2,2,3
35,98,84.7,2,3
35,99,85.6,2,3
35,112,84.6,2,3
35,113,79.5,2,3
35,126,81.8,2,3
35,127,81.3,2,3
35,6,72.3,2,1
35,7,79.6,2,1
35,22,82.3,2,1
35,23,82.0,2,1
35,38,82.1,2,1
35,39,81.5,2,1
35,54,76.9,2,1
35,55,85.7,2,1
35,70,81.7,2,1
35,71,82.6,2,1
35,86,87.8,2,1
35,87,74.7,2,1
35,100,77.3,2,1
35,101,84.1,2,1
35,114,85.3,2,1
35,115,86.2,2,1
35,128,77.5,2,1
35,129,85.1,2,1
35,138,85.5,2,1
35,139,79.2,2,1
35,8,276.3,2,4
35,9,280.2,2,4
35,24,283.2,2,4
35,25,278.0,2,4
35,40,279.0,2,4
35,41,282.6,2,4
35,56,279.3,2,4
35,57,283.0,2,4
35,72,279.6,2,4
35,73,284.0,2,4
35,88,286.3,2,4
35,89,279.5,2,4
35,102,286.5,2,4
35,103,282.0,2,4
35,116,285.8,2,4
35,117,282.8,2,4
35,130,284.3,2,4
35,131,281.6,2,4
35,140,287.8,2,4
35,141,289.1,2,4
35,10,286.5,2,5
35,11,286.2,2,5
35,26,289.7,2,5
35,27,286.0,2,5
35,42,289.3,2,5
35,43,290.9,2,5
35,58,288.1,2,5
35,59,285.5,2,5
35,74,285.3,2,5
35,75,293.0,2,5
35,90,289.1,2,5
35,91,286.4,2,5
35,104,286.4,2,5
35,105,286.8,2,5
35,118,290.5,2,5
35,119,288.4,2,5
35,132,286.7,2,5
35,133,289.4,2,5
35,142,294.3,2,5
35,143,288.5,2,5
35,12,290.0,2,6
35,13,284.8,2,6
35,28,291.5,2,6
35,29,289.1,2,6
35,44,295.8,2,6
35,45,288.5,2,6
35,60,281.7,2,6
35,61,284.9,2,6
35,76,287.4,2,6
35,77,287.7,2,6
35,92,289.1,2,6
35,93,287.7,2,6
35,106,287.0,2,6
35,107,283.3,2,6
35,120,285.9,2,6
35,121,293.0,2,6
35,134,289.5,2,6
35,135,284.3,2,6
35,144,290.4,2,6
35,145,288.4,2,6
35,14,288.9,2,7
35,15,290.2,2,7
35,30,294.5,2,7
35,31,289.1,2,7
35,46,294.2,2,7
35,47,282.8,2,7
35,62,289.9,2,7
35,63,292.8,2,7
35,78,290.4,2,7
35,79,289.7,2,7
35,94,290.7,2,7
35,95,290.1,2,7
35,108,289.2,2,7
35,109,291.1,2,7
35,122,294.9,2,7
35,123,292.4,2,7
35,136,290.3,2,7
35,137,289.0,2,7
35,146,292.5,2,7
35,147,291.9,2,7
50,150,87.9,2,9
50,151,90.5,2,9
50,148,79.3,2,8
50,149,77.7,2,8
50,0,87.1,2,0
50,1,84.0,2,0
50,16,83.8,2,0
50,17,84.6,2,0
50,32,76.6,2,0
50,33,72.2,2,0
50,48,75.5,2,0
50,49,73.6,2,0
50,64,77.4,2,0
50,65,81.6,2,0
50,80,74.5,2,0
50,81,72.8,2,0
50,2,81.7,2,2
50,3,81.3,2,2
50,18,76.3,2,2
50,19,77.9,2,2
50,34,71.9,2,2
50,35,57.1,2,2
50,50,0.0,2,2
50,51,65.5,2,2
50,66,68.7,2,2
50,67,63.5,2,2
50,82,61.2,2,2
50,83,59.5,2,2
50,96,73.7,2,2
50,97,65.2,2,2
50,110,80.5,2,2
50,111,82.9,2,2
50,124,74.8,2,2
50,125,78.7,2,2
50,4,82.0,2,3
50,5,79.7,2,3
50,20,77.5,2,3
50,21,81.2,2,3
50,36,77.0,2,3
50,37,88.6,2,3
50,52,89.4,2,3
50,53,87.6,2,3
50,68,88.4,2,3
50,69,81.4,2,3
50,84,89.0,2,3
50,85,87.6,2,3
50,98,84.1,2,3
50,99,91.4,2,3
50,112,86.6,2,3
50,113,84.3,2,3
50,126,87.4,2,3
50,127,82.6,2,3
50,6,71.1,2,1
50,7,81.8,2,1
50,22,81.8,2,1
50,23,80.8,2,1
50,38,81.2,2,1
50,39,77.1,2,1
50,54,81.7,2,1
50,55,89.4,2,1
50,70,81.6,2,1
50,71,85.1,2,1
50,86,90.7,2,1
50,87,80.7,2,1
50,100,77.3,2,1
50,101,83.8,2,1
50,114,87.3,2,1
50,115,83.9,2,1
50,128,82.3,2,1
50,129,82.2,2,1
50,138,82.0,2,1
50,139,87.7,2,1
50,8,281.2,2,4
50,9,285.5,2,4
50,24,287.3,2,4
50,25,282.2,2,4
50,40,283.6,2,4
50,41,287.0,2,4
50,56,284.0,2,4
50,57,287.4,2,4
50,72,284.0,2,4
50,73,288.8,2,4
50,88,290.3,2,4
50,89,284.5,2,4
50,102,291.3,2,4
50,103,286.9,2,4
50,116,290.7,2,4
50,117,287.9,2,4
50,130,288.9,2,4
50,131,286.5,2,4
50,140,292.3,2,4
50,141,293.4,2,4
50,10,290.7,2,5
50,11,290.5,2,5
50,26,293.3,2,5
50,27,290.2,2,5
50,42,293.6,2,5
50,43,295.7,2,5
50,58,292.7,2,5
50,59,290.3,2,5
50,74,289.9,2,5
50,75,297.6,2,5
50,90,293.7,2,5
50,91,290.7,2,5
50,104,291.3,2,5
50,105,291.3,2,5
50,118,295.3,2,5
50,119,294.2,2,5
50,132,290.9,2,5
50,133,293.6,2,5
50,142,298.0,2,5
50,143,293.3,2,5
50,12,294.4,2,6
50,13,288.6,2,6
50,28,295.9,2,6
50,29,293.2,2,6
50,44,300.0,2,6
50,45,292.8,2,6
50,60,285.7,2,6
50,61,288.8,2,6
50,76,291.4,2,6
50,77,291.2,2,6
50,92,293.4,2,6
50,93,292.1,2,6
50,106,291.1,2,6
50,107,288.0,2,6
50,120,289.8,2,6
50,121,296.8,2,6
50,134,294.5,2,6
50,135,289.4,2,6
50,144,294.2,2,6
50,145,292.6,2,6
50,14,293.3,2,7
50,15,294.0,2,7
50,30,299.2,2,7
50,31,293.6,2,7
50,46,298.5,2,7
50,47,287.7,2,7
50,62,293.9,2,7
50,63,296.9,2,7
50,78,294.7,2,7
50,79,294.3,2,7
50,94,295.0,2,7
50,95,294.4,2,7
50,108,293.2,2,7
50,109,295.3,2,7
50,122,298.9,2,7
50,123,296.4,2,7
50,136,294.5,2,7
50,137,293.0,2,7
50,146,296.2,2,7
50,147,296.2,2,7
51,150,87.3,2,9
51,151,91.8,2,9
51,148,85.0,2,8
51,149,80.1,2,8
51,0,84.0,2,0
51,1,82.7,2,0
51,16,83.6,2,0
51,17,83.0,2,0
51,32,80.3,2,0
51,33,74.2,2,0
51,48,82.5,2,0
51,49,77.9,2,0
51,64,71.8,2,0
51,65,87.5,2,0
51,80,81.5,2,0
51,81,84.2,2,0
51,2,73.9,2,2
51,3,80.2,2,2
51,18,80.1,2,2
51,19,81.3,2,2
51,34,76.3,2,2
51,35,61.4,2,2
51,50,65.5,2,2
51,51,0.0,2,2
51,66,67.7,2,2
51,67,70.4,2,2
51,82,65.7,2,2
51,83,60.7,2,2
51,96,61.5,2,2
51,97,66.7,2,2
51,110,82.4,2,2
51,111,79.9,2,2
51,124,72.2,2,2
51,125,73.0,2,2
51,4,81.8,2,3
51,5,81.4,2,3
51,20,82.2,2,3
51,21,80.1,2,3
51,36,80.0,2,3
51,37,95.7,2,3
51,52,99.7,2,3
51,53,97.0,2,3
51,68,95.8,2,3
51,69,90.0,2,3
51,84,97.3,2,3
51,85,93.2,2,3
51,98,90.2,2,3
51,99,93.3,2,3
51,112,95.6,2,3
51,113,89.6,2,3
51,126,90.3,2,3
51,127,88.2,2,3
51,6,83.4,2,1
51,7,84.8,2,1
51,22,80.5,2,1
51,23,77.0,2,1
51,38,85.8,2,1
51,39,90.1,2,1
51,54,84.2,2,1
51,55,94.3,2,1
51,70,90.0,2,1
51,71,87.6,2,1
51,86,83.9,2,1
51,87,87.6,2,1
51,100,79.8,2,1
51,101,88.3,2,1
51,114,90.1,2,1
51,115,88.3,2,1
51,128,80.3,2,1
51,129,90.8,2,1
51,138,90.9,2,1
51,139,93.2,2,1
51,8,279.4,2,4
51,9,283.0,2,4
51,24,285.5,2,4
51,25,279.8,2,4
51,40,281.4,2,4
51,41,285.4,2,4
51,56,282.3,2,4
51,57,286.0,2,4
51,72,282.1,2,4
51,73,287.3,2,4
51,88,288.9,2,4
51,89,282.4,2,4
51,102,290.1,2,4
51,103,284.8,2,4
51,116,288.5,2,4
51,117,285.6,2,4
51,130,287.2,2,4
51,131,283.2,2,4
51,140,290.2,2,4
51,141,291.2,2,4
51,10,289.0,2,5
51,11,289.3,2,5
51,26,292.0,2,5
51,27,288.7,2,5
51,42,291.9,2,5
51,43,293.2,2,5
51,58,291.5,2,5
51,59,289.3,2,5
51,74,288.1,2,5
51,75,296.3,2,5
51,90,292.3,2,5
51,91,290.1,2,5
51,104,290.1,2,5
51,105,290.3,2,5
51,118,293.7,2,5
51,119,290.2,2,5
51,132,289.5,2,5
51,133,292.0,2,5
51,142,296.7,2,5
51,143,290.7,2,5
51,12,292.6,2,6
51,13,287.5,2,6
51,28,294.7,2,6
51,29,291.4,2,6
51,44,298.7,2,6
51,45,290.4,2,6
51,60,284.1,2,6
51,61,288.0,2,6
51,76,289.7,2,6
51,77,290.2,2,6
51,92,291.8,2,6
51,93,289.8,2,6
51,106,290.0,2,6
51,107,286.1,2,6
51,120,288.6,2,6
51,121,295.3,2,6
51,134,292.8,2,6
51,135,288.0,2,6
51,144,293.0,2,6
51,145,291.1,2,6
51,14,291.4,2,7
51,15,292.9,2,7
51,30,296.4,2,7
51,31,292.3,2,7
51,46,297.4,2,7
51,47,285.7,2,7
51,62,292.5,2,7
51,63,294.6,2,7
51,78,292.7,2,7
51,79,292.6,2,7
51,94,293.8,2,7
51,95,292.5,2,7
51,108,292.2,2,7
51,109,293.9,2,7
51,122,297.3,2,7
51,123,295.1,2,7
51,136,293.3,2,7
51,137,292.2,2,7
51,146,294.8,2,7
51,147,294.4,2,7
66,150,87.6,2,9
66,151,95.6,2,9
66,148,90.8,2,8
66,149,85.9,2,8
66,0,90.5,2,0
66,1,83.1,2,0
66,16,88.0,2,0
66,17,87.0,2,0
66,32,84.0,2,0
66,33,73.5,2,0
66,48,83.9,2,0
66,49,79.7,2,0
66,64,79.5,2,0
66,65,86.7,2,0
66,80,81.4,2,0
66,81,86.3,2,0
66,2,87.2,2,2
66,3,85.4,2,2
66,18,82.9,2,2
66,19,84.3,2,2
66,34,82.3,2,2
66,35,66.4,2,2
66,50,68.7,2,2
66,51,67.7,2,2
66,66,0.0,2,2
66,67,71.9,2,2
66,82,71.4,2,2
66,83,57.4,2,2
66,96,77.3,2,2
66,97,61.8,2,2
66,110,89.8,2,2
66,111,93.0,2,2
66,124,79.2,2,2
66,125,85.6,2,2
66,4,88.6,2,3
66,5,84.6,2,3
66,20,82.2,2,3
66,21,87.5,2,3
66,36,88.8,2,3
66,37,100.9,2,3
66,52,101.5,2,3
66,53,98.2,2,3
66,68,97.2,2,3
66,69,92.6,2,3
66,84,102.0,2,3
66,85,96.1,2,3
66,98,94.0,2,3
66,99,87.5,2,3
66,112,97.9,2,3
66,113,91.2,2,3
66,126,91.1,2,3
66,127,94.2,2,3
66,6,77.7,2,1
66,7,88.4,2,1
66,22,93.4,2,1
66,23,83.7,2,1
66,38,82.9,2,1
66,39,93.8,2,1
66,54,83.2,2,1
66,55,96.0,2,1
66,70,95.3,2,1
66,71,84.4,2,1
66,86,98.8,2,1
66,87,88.1,2,1
66,100,83.9,2,1
66,101,91.9,2,1
66,114,91.3,2,1
66,115,93.2,2,1
66,128,85.4,2,1
66,129,87.0,2,1
66,138,91.8,2,1
66,139,88.9,2,1
66,8,281.4,2,4
66,9,283.6,2,4
66,24,288.0,2,4
66,25,281.3,2,4
66,40,283.6,2,4
66,41,287.0,2,4
66,56,284.6,2,4
66,57,287.4,2,4
66,72,283.9,2,4
66,73,289.4,2,4
66,88,291.2,2,4
66,89,283.7,2,4
66,102,292.7,2,4
66,103,287.9,2,4
66,116,291.3,2,4
66,117,288.5,2,4
66,130,289.5,2,4
66,131,286.9,2,4
66,140,292.8,2,4
66,141,294.0,2,4
66,10,291.7,2,5
66,11,291.7,2,5
66,26,294.8,2,5
66,27,291.8,2,5
66,42,294.9,2,5
66,43,296.4,2,5
66,58,294.5,2,5
66,59,291.9,2,5
66,74,291.1,2,5
66,75,298.9,2,5
66,90,295.3,2,5
66,91,293.0,2,5
66,104,293.0,2,5
66,105,293.0,2,5
66,118,295.7,2,5
66,119,293.4,2,5
66,132,291.7,2,5
66,133,294.2,2,5
66,142,298.1,2,5
66,143,294.2,2,5
66,12,295.4,2,6
66,13,289.2,2,6
66,28,297.8,2,6
66,29,292.8,2,6
66,44,301.8,2,6
66,45,293.5,2,6
66,60,286.5,2,6
66,61,290.3,2,6
66,76,291.8,2,6
66,77,292.8,2,6
66,92,294.1,2,6
66,93,292.7,2,6
66,106,292.7,2,6
66,107,288.5,2,6
66,120,291.0,2,6
66,121,298.3,2,6
66,134,295.1,2,6
66,135,290.2,2,6
66,144,295.7,2,6
66,145,294.2,2,6
66,14,294.3,2,7
66,15,296.1,2,7
66,30,300.7,2,7
66,31,295.4,2,7
66,46,299.8,2,7
66,47,288.3,2,7
66,62,295.3,2,7
66,63,298.4,2,7
66,78,295.5,2,7
66,79,295.2,2,7
66,94,297.1,2,7
66,95,296.3,2,7
66,108,295.4,2,7
66,109,297.2,2,7
66,122,300.5,2,7
66,123,298.0,2,7
66,136,295.5,2,7
66,137,295.0,2,7
66,146,297.7,2,7
66,147,297.0,2,7
67,150,93.4,2,9
67,151,94.1,2,9
67,148,86.3,2,8
67,149,78.6,2,8
67,0,85.5,2,0
67,1,84.3,2,0
67,16,79.7,2,0
67,17,84.9,2,0
67,32,76.7,2,0
67,33,75.5,2,0
67,48,82.3,2,0
67,49,74.1,2,0
67,64,77.4,2,0
67,65,79.1,2,0
67,80,74.7,2,0
67,81,71.2,2,0
67,2,73.9,2,2
67,3,77.2,2,2
67,18,75.1,2,2
67,19,69.0,2,2
67,34,76.9,2,2
67,35,66.0,2,2
67,50,63.5,2,2
67,51,70.4,2,2
67,66,71.9,2,2
67,67,0.0,2,2
67,82,61.6,2,2
67,83,61.3,2,2
67,96,72.2,2,2
67,97,66.8,2,2
67,110,64.7,2,2
67,111,77.5,2,2
67,124,69.6,2,2
67,125,71.7,2,2
67,4,77.6,2,3
67,5,73.3,2,3
67,20,74.5,2,3
67,21,74.8,2,3
67,36,73.0,2,3
67,37,80.8,2,3
67,52,91.1,2,3
67,53,89.4,2,3
67,68,80.8,2,3
67,69,80.7,2,3
67,84,82.9,2,3
67,85,87.8,2,3
67,98,85.5,2,3
67,99,90.1,2,3
67,112,84.7,2,3
67,113,82.0,2,3
67,126,72.3,2,3
67,127,72.5,2,3
67,6,79.0,2,1
67,7,72.1,2,1
67,22,80.5,2,1
67,23,79.3,2,1
67,38,83.5,2,1
67,39,80.9,2,1
67,54,79.4,2,1
67,55,85.2,2,1
67,70,74.2,2,1
67,71,80.4,2,1
67,86,83.0,2,1
67,87,73.6,2,1
67,100,80.4,2,1
67,101,86.2,2,1
67,114,87.0,2,1
67,115,77.1,2,1
67,128,83.7,2,1
67,129,85.8,2,1
67,138,86.6,2,1
67,139,91.8,2,1
67,8,287.3,2,4
67,9,290.5,2,4
67,24,293.4,2,4
67,25,288.1,2,4
67,40,289.1,2,4
67,41,293.0,2,4
67,56,289.9,2,4
67,57,294.0,2,4
67,72,290.4,2,4
67,73,295.0,2,4
67,88,296.6,2,4
67,89,290.4,2,4
67,102,297.2,2,4
67,103,291.8,2,4
67,116,296.8,2,4
67,117,294.4,2,4
67,130,295.2,2,4
67,131,293.1,2,4
67,140,298.1,2,4
67,141,299.2,2,4
67,10,296.6,2,5
67,11,296.2,2,5
67,26,299.9,2,5
67,27,296.7,2,5
67,42,299.3,2,5
67,43,301.1,2,5
67,58,297.9,2,5
67,59,296.0,2,5
67,74,295.7,2,5
67,75,303.5,2,5
67,90,299.2,2,5
67,91,297.0,2,5
67,104,296.4,2,5
67,105,297.1,2,5
67,118,300.9,2,5
67,119,299.3,2,5
67,132,296.8,2,5
67,133,299.1,2,5
67,142,303.6,2,5
67,143,298.2,2,5
67,12,300.3,2,6
67,13,294.8,2,6
67,28,301.3,2,6
67,29,299.0,2,6
67,44,305.8,2,6
67,45,298.3,2,6
67,60,292.1,2,6
67,61,294.6,2,6
67,76,297.2,2,6
67,77,297.9,2,6
67,92,298.3,2,6
67,93,297.5,2,6
67,106,297.1,2,6
67,107,293.8,2,6
67,120,296.1,2,6
67,121,302.7,2,6
67,134,299.9,2,6
67,135,295.6,2,6
67,144,300.4,2,6
67,145,298.5,2,6
67,14,299.5,2,7
67,15,300.3,2,7
67,30,304.8,2,7
67,31,299.6,2,7
67,46,304.4,2,7
67,47,292.9,2,7
67,62,299.8,2,7
67,63,302.7,2,7
67,78,300.5,2,7
67,79,299.7,2,7
67,94,300.7,2,7
67,95,300.4,2,7
67,108,299.1,2,7
67,109,301.1,2,7
67,122,304.8,2,7
67,123,301.9,2,7
67,136,300.3,2,7
67,137,299.3,2,7
67,146,302.6,2,7
67,147,301.8,2,7
82,150,84.5,2,9
82,151,91.4,2,9
82,148,81.8,2,8
82,149,81.1,2,8
82,0,78.3,2,0
82,1,81.1,2,0
82,16,81.7,2,0
82,17,74.4,2,0
82,32,73.1,2,0
82,33,72.6,2,0
82,48,76.2,2,0
82,49,69.6,2,0
82,64,79.9,2,0
82,65,79.0,2,0
82,80,75.8,2,0
82,81,72.6,2,0
82,2,71.4,2,2
82,3,78.5,2,2
82,18,77.4,2,2
82,19,80.0,2,2
82,34,74.5,2,2
82,35,60.9,2,2
82,50,61.2,2,2
82,51,65.7,2,2
82,66,71.4,2,2
82,67,61.6,2,2
82,82,0.0,2,2
82,83,62.4,2,2
82,96,64.8,2,2
82,97,59.3,2,2
82,110,75.8,2,2
82,111,76.9,2,2
82,124,64.7,2,2
82,125,70.5,2,2
82,4,76.7,2,3
82,5,79.6,2,3
82,20,72.0,2,3
82,21,75.0,2,3
82,36,74.3,2,3
82,37,86.6,2,3
82,52,94.6,2,3
82,53,86.8,2,3
82,68,83.5,2,3
82,69,83.3,2,3
82,84,81.8,2,3
82,85,86.1,2,3
82,98,87.8,2,3
82,99,89.7,2,3
82,112,82.9,2,3
82,113,74.0,2,3
82,126,82.0,2,3
82,127,76.0,2,3
82,6,76.7,2,1
82,7,74.4,2,1
82,22,80.4,2,1
82,23,84.0,2,1
82,38,83.7,2,1
82,39,77.4,2,1
82,54,79.8,2,1
82,55,85.9,2,1
82,70,81.4,2,1
82,71,80.8,2,1
82,86,81.9,2,1
82,87,76.3,2,1
82,100,76.3,2,1
82,101,81.7,2,1
82,114,77.1,2,1
82,115,74.5,2,1
82,128,79.2,2,1
82,129,85.7,2,1
82,138,86.9,2,1
82,139,89.0,2,1
82,8,281.0,2,4
82,9,285.1,2,4
82,24,287.8,2,4
82,25,282.9,2,4
82,40,282.7,2,4
82,41,286.8,2,4
82,56,283.7,2,4
82,57,287.8,2,4
82,72,284.2,2,4
82,73,288.8,2,4
82,88,290.9,2,4
82,89,284.4,2,4
82,102,291.6,2,4
82,103,286.8,2,4
82,116,290.2,2,4
82,117,288.0,2,4
82,130,288.9,2,4
82,131,285.8,2,4
82,140,291.8,2,4
82,141,292.9,2,4
82,10,290.8,2,5
82,11,290.5,2,5
82,26,294.3,2,5
82,27,290.7,2,5
82,42,293.4,2,5
82,43,295.5,2,5
82,58,292.6,2,5
82,59,289.1,2,5
82,74,288.1,2,5
82,75,297.3,2,5
82,90,293.4,2,5
82,91,290.4,2,5
82,104,290.2,2,5
82,105,290.7,2,5
82,118,295.4,2,5
82,119,293.6,2,5
82,132,290.6,2,5
82,133,292.9,2,5
82,142,298.0,2,5
82,143,292.8,2,5
82,12,293.5,2,6
82,13,288.8,2,6
82,28,294.9,2,6
82,29,293.2,2,6
82,44,299.5,2,6
82,45,292.3,2,6
82,60,285.8,2,6
82,61,288.9,2,6
82,76,291.3,2,6
82,77,290.8,2,6
82,92,292.3,2,6
82,93,291.3,2,6
82,106,290.9,2,6
82,107,287.1,2,6
82,120,289.6,2,6
82,121,296.5,2,6
82,134,293.0,2,6
82,135,288.7,2,6
82,144,294.1,2,6
82,145,292.1,2,6
82,14,293.1,2,7
82,15,293.9,2,7
82,30,299.0,2,7
82,31,293.8,2,7
82,46,298.0,2,7
82,47,286.7,2,7
82,62,293.5,2,7
82,63,296.6,2,7
82,78,294.4,2,7
82,79,293.5,2,7
82,94,294.0,2,7
82,95,293.5,2,7
82,108,292.8,2,7
82,109,294.9,2,7
82,122,298.6,2,7
82,123,296.1,2,7
82,136,294.4,2,7
82,137,293.6,2,7
82,146,296.7,2,7
82,147,296.0,2,7
83,150,90.7,2,9
83,151,93.6,2,9
83,148,83.1,2,8
83,149,73.7,2,8
83,0,86.2,2,0
83,1,80.4,2,0
83,16,79.8,2,0
83,17,80.5,2,0
83,32,76.3,2,0
83,33,69.2,2,0
83,48,79.5,2,0
83,49,74.4,2,0
83,64,76.2,2,0
83,65,81.9,2,0
83,80,76.5,2,0
83,81,77.4,2,0
83,2,77.5,2,2
83,3,79.0,2,2
83,18,74.6,2,2
83,19,75.8,2,2
83,34,72.2,2,2
83,35,56.5,2,2
83,50,59.5,2,2
83,51,60.7,2,2
83,66,57.4,2,2
83,67,61.3,2,2
83,82,62.4,2,2
83,83,0.0,2,2
83,96,67.2,2,2
83,97,59.8,2,2
83,110,76.6,2,2
83,111,80.2,2,2
83,124,70.5,2,2
83,125,74.0,2,2
83,4,80.7,2,3
83,5,73.9,2,3
83,20,75.9,2,3
83,21,76.9,2,3
83,36,75.1,2,3
83,37,90.1,2,3
83,52,94.2,2,3
83,53,90.8,2,3
83,68,87.3,2,3
83,69,84.5,2,3
83,84,89.1,2,3
83,85,84.1,2,3
83,98,86.4,2,3
83,99,90.2,2,3
83,112,87.8,2,3
83,113,82.7,2,3
83,126,82.0,2,3
83,127,81.6,2,3
83,6,77.5,2,1
83,7,73.2,2,1
83,22,79.5,2,1
83,23,72.0,2,1
83,38,78.1,2,1
83,39,83.2,2,1
83,54,76.6,2,1
83,55,89.6,2,1
83,70,84.0,2,1
83,71,81.5,2,1
83,86,86.7,2,1
83,87,74.7,2,1
83,100,75.6,2,1
83,101,84.4,2,1
83,114,86.4,2,1
83,115,82.4,2,1
83,128,79.0,2,1
83,129,86.3,2,1
83,138,87.7,2,1
83,139,90.9,2,1
83,8,285.2,2,4
83,9,288.2,2,4
83,24,290.7,2,4
83,25,284.7,2,4
83,40,286.7,2,4
83,41,290.5,2,4
83,56,287.6,2,4
83,57,291.7,2,4
83,72,288.1,2,4
83,73,292.7,2,4
83,88,294.5,2,4
83,89,288.3,2,4
83,102,294.7,2,4
83,103,289.7,2,4
83,116,294.2,2,4
83,117,291.7,2,4
83,130,292.9,2,4
83,131,290.8,2,4
83,140,295.5,2,4
83,141,297.0,2,4
83,10,294.3,2,5
83,11,294.0,2,5
83,26,297.5,2,5
83,27,294.2,2,5
83,42,296.6,2,5
83,43,298.6,2,5
83,58,296.2,2,5
83,59,294.0,2,5
83,74,294.0,2,5
83,75,300.9,2,5
83,90,297.0,2,5
83,91,295.1,2,5
83,104,295.0,2,5
83,105,295.3,2,5
83,118,297.7,2,5
83,119,296.0,2,5
83,132,294.1,2,5
83,133,296.7,2,5
83,142,301.2,2,5
83,143,296.0,2,5
83,12,298.1,2,6
83,13,292.6,2,6
83,28,299.3,2,6
83,29,296.7,2,6
83,44,303.4,2,6
83,45,295.8,2,6
83,60,289.2,2,6
83,61,292.5,2,6
83,76,294.9,2,6
83,77,295.5,2,6
83,92,296.3,2,6
83,93,295.0,2,6
83,106,294.7,2,6
83,107,291.4,2,6
83,120,293.8,2,6
83,121,300.0,2,6
83,134,297.8,2,6
83,135,293.1,2,6
83,144,297.6,2,6
83,145,295.9,2,6
83,14,296.8,2,7
83,15,297.9,2,7
83,30,302.3,2,7
83,31,296.9,2,7
83,46,301.7,2,7
83,47,291.1,2,7
83,62,297.2,2,7
83,63,299.6,2,7
83,78,297.7,2,7
83,79,297.2,2,7
83,94,298.0,2,7
83,95,298.1,2,7
83,108,296.6,2,7
83,109,298.6,2,7
83,122,302.3,2,7
83,123,299.6,2,7
83,136,298.3,2,7
83,137,296.7,2,7
83,146,299.9,2,7
83,147,299.4,2,7
96,150,93.4,2,9
96,151,99.4,2,9
96,148,87.8,2,8
96,149,89.1,2,8
96,0,87.9,2,0
96,1,89.3,2,0
96,16,89.9,2,0
96,17,88.8,2,0
96,32,83.7,2,0
96,33,79.3,2,0
96,48,91.3,2,0
96,49,82.7,2,0
96,64,84.6,2,0
96,65,90.8,2,0
96,80,88.1,2,0
96,81,86.9,2,0
96,2,84.0,2,2
96,3,86.0,2,2
96,18,86.4,2,2
96,19,87.7,2,2
96,34,84.1,2,2
96,35,73.8,2,2
96,50,73.7,2,2
96,51,61.5,2,2
96,66,77.3,2,2
96,67,72.2,2,2
96,82,64.8,2,2
96,83,67.2,2,2
96,96,0.0,2,2
96,97,70.6,2,2
96,110,84.0,2,2
96,111,78.1,2,2
96,124,67.4,2,2
96,125,83.5,2,2
96,4,84.7,2,3
96,5,91.6,2,3
96,20,87.1,2,3
96,21,78.3,2,3
96,36,88.9,2,3
96,37,98.2,2,3
96,52,105.4,2,3
96,53,98.4,2,3
96,68,97.1,2,3
96,69,95.0,2,3
96,84,98.5,2,3
96,85,97.6,2,3
96,98,101.4,2,3
96,99,89.5,2,3
96,112,95.8,2,3
96,113,92.0,2,3
96,126,91.0,2,3
96,127,92.9,2,3
96,6,91.4,2,1
96,7,87.5,2,1
96,22,94.4,2,1
96,23,86.3,2,1
96,38,92.9,2,1
96,39,90.2,2,1
96,54,89.4,2,1
96,55,97.5,2,1
96,70,92.6,2,1
96,71,90.9,2,1
96,86,82.3,2,1
96,87,91.4,2,1
96,100,92.2,2,1
96,101,91.9,2,1
96,114,91.4,2,1
96,115,90.8,2,1
96,128,92.0,2,1
96,129,92.4,2,1
96,138,95.4,2,1
96,139,94.4,2,1
96,8,280.1,2,4
96,9,284.4,2,4
96,24,286.8,2,4
96,25,281.7,2,4
96,40,282.2,2,4
96,41,284.9,2,4
96,56,281.8,2,4
96,57,286.7,2,4
96,72,281.2,2,4
96,73,288.5,2,4
96,88,289.3,2,4
96,89,283.0,2,4
96,102,291.6,2,4
96,103,284.9,2,4
96,116,290.0,2,4
96,117,287.7,2,4
96,130,287.1,2,4
96,131,282.9,2,4
96,140,290.5,2,4
96,141,292.5,2,4
96,10,288.8,2,5
96,11,289.6,2,5
96,26,293.0,2,5
96,27,290.6,2,5
96,42,292.8,2,5
96,43,295.0,2,5
96,58,292.1,2,5
96,59,289.2,2,5
96,74,288.8,2,5
96,75,296.9,2,5
96,90,292.2,2,5
96,91,289.6,2,5
96,104,289.9,2,5
96,105,290.0,2,5
96,118,293.5,2,5
96,119,289.7,2,5
96,132,289.1,2,5
96,133,291.6,2,5
96,142,296.4,2,5
96,143,290.9,2,5
96,12,293.8,2,6
96,13,287.2,2,6
96,28,295.1,2,6
96,29,292.1,2,6
96,44,298.9,2,6
96,45,290.8,2,6
96,60,283.9,2,6
96,61,287.0,2,6
96,76,289.3,2,6
96,77,289.9,2,6
96,92,291.5,2,6
96,93,288.7,2,6
96,106,290.1,2,6
96,107,284.4,2,6
96,120,288.1,2,6
96,121,294.6,2,6
96,134,292.4,2,6
96,135,287.5,2,6
96,144,292.2,2,6
96,145,290.8,2,6
96,14,291.7,2,7
96,15,293.1,2,7
96,30,298.0,2,7
96,31,292.6,2,7
96,46,297.4,2,7
96,47,285.0,2,7
96,62,291.9,2,7
96,63,295.9,2,7
96,78,293.3,2,7
96,79,293.5,2,7
96,94,294.0,2,7
96,95,293.3,2,7
96,108,292.7,2,7
96,109,294.5,2,7
96,122,297.7,2,7
96,123,295.4,2,7
96,136,292.3,2,7
96,137,293.2,2,7
96,146,295.8,2,7
96,147,295.9,2,7
97,150,85.7,2,9
97,151,92.2,2,9
97,148,85.2,2,8
97,149,77.0,2,8
97,0,86.3,2,0
97,1,81.8,2,0
97,16,81.4,2,0
97,17,82.4,2,0
97,32,79.3,2,0
97,33,73.6,2,0
97,48,78.9,2,0
97,49,78.4,2,0
97,64,82.9,2,0
97,65,81.2,2,0
97,80,72.3,2,0
97,81,75.4,2,0
97,2,81.5,2,2
97,3,74.7,2,2
97,18,69.8,2,2
97,19,76.0,2,2
97,34,73.7,2,2
97,35,64.3,2,2
97,50,65.2,2,2
97,51,66.7,2,2
97,66,61.8,2,2
97,67,66.8,2,2
97,82,59.3,2,2
97,83,59.8,2,2
97,96,70.6,2,2
97,97,0.0,2,2
97,110,78.6,2,2
97,111,81.7,2,2
97,124,60.5,2,2
97,125,72.8,2,2
97,4,77.1,2,3
97,5,77.9,2,3
97,20,77.8,2,3
97,21,77.2,2,3
97,36,76.0,2,3
97,37,90.7,2,3
97,52,92.4,2,3
97,53,94.5,2,3
97,68,93.2,2,3
97,69,85.7,2,3
97,84,90.2,2,3
97,85,83.2,2,3
97,98,85.0,2,3
97,99,83.5,2,3
97,112,87.5,2,3
97,113,83.2,2,3
97,126,84.4,2,3
97,127,83.2,2,3
97,6,69.7,2,1
97,7,79.3,2,1
97,22,85.2,2,1
97,23,81.0,2,1
97,38,78.6,2,1
97,39,81.2,2,1
97,54,75.8,2,1
97,55,84.9,2,1
97,70,82.5,2,1
97,71,73.3,2,1
97,86,83.8,2,1
97,87,80.4,2,1
97,100,75.5,2,1
97,101,84.8,2,1
97,114,76.7,2,1
97,115,83.6,2,1
97,128,79.9,2,1
97,129,87.1,2,1
97,138,86.4,2,1
97,139,88.3,2,1
97,8,281.7,2,4
97,9,286.9,2,4
97,24,289.2,2,4
97,25,284.6,2,4
97,40,285.3,2,4
97,41,287.7,2,4
97,56,284.6,2,4
97,57,289.2,2,4
97,72,286.0,2,4
97,73,289.5,2,4
97,88,292.4,2,4
97,89,285.7,2,4
97,102,292.8,2,4
97,103,287.3,2,4
97,116,292.0,2,4
97,117,290.2,2,4
97,130,291.1,2,4
97,131,288.3,2,4
97,140,293.7,2,4
97,141,294.7,2,4
97,10,292.5,2,5
97,11,292.5,2,5
97,26,295.6,2,5
97,27,292.2,2,5
97,42,294.8,2,5
97,43,296.1,2,5
97,58,294.0,2,5
97,59,290.9,2,5
97,74,291.4,2,5
97,75,298.5,2,5
97,90,294.8,2,5
97,91,292.4,2,5
97,104,292.7,2,5
97,105,292.8,2,5
97,118,296.6,2,5
97,119,295.1,2,5
97,132,292.3,2,5
97,133,294.7,2,5
97,142,299.6,2,5
97,143,294.0,2,5
97,12,295.9,2,6
97,13,290.2,2,6
97,28,297.1,2,6
97,29,294.1,2,6
97,44,301.1,2,6
97,45,294.1,2,6
97,60,287.3,2,6
97,61,290.6,2,6
97,76,293.3,2,6
97,77,292.5,2,6
97,92,295.0,2,6
97,93,293.6,2,6
97,106,292.8,2,6
97,107,289.6,2,6
97,120,291.5,2,6
97,121,298.4,2,6
97,134,295.3,2,6
97,135,290.4,2,6
97,144,295.6,2,6
97,145,293.5,2,6
97,14,294.7,2,7
97,15,295.2,2,7
97,30,300.2,2,7
97,31,295.3,2,7
97,46,299.6,2,7
97,47,289.2,2,7
97,62,295.0,2,7
97,63,297.9,2,7
97,78,295.8,2,7
97,79,295.7,2,7
97,94,296.1,2,7
97,95,295.6,2,7
97,108,294.4,2,7
97,109,296.4,2,7
97,122,300.1,2,7
97,123,297.3,2,7
97,136,296.1,2,7
97,137,295.0,2,7
97,146,298.0,2,7
97,147,297.2,2,7
110,150,94.1,2,9
110,151,90.7,2,9
110,148,75.7,2,8
110,149,79.4,2,8
110,0,87.3,2,0
110,1,79.7,2,0
110,16,81.7,2,0
110,17,78.8,2,0
110,32,74.1,2,0
110,33,76.0,2,0
110,48,78.7,2,0
110,49,70.2,2,0
110,64,70.4,2,0
110,65,72.9,2,0
110,80,74.0,2,0
110,81,74.5,2,0
110,2,75.7,2,2
110,3,81.0,2,2
110,18,75.3,2,2
110,19,69.5,2,2
110,34,72.0,2,2
110,35,81.0,2,2
110,50,80.5,2,2
110,51,82.4,2,2
110,66,89.8,2,2
110,67,64.7,2,2
110,82,75.8,2,2
110,83,76.6,2,2
110,96,84.0,2,2
110,97,78.6,2,2
110,110,0.0,2,2
110,111,68.9,2,2
110,124,68.8,2,2
110,125,64.8,2,2
110,4,72.7,2,3
110,5,77.9,2,3
110,20,76.6,2,3
110,21,75.8,2,3
110,36,69.4,2,3
110,37,73.9,2,3
110,52,96.1,2,3
110,53,88.9,2,3
110,68,82.5,2,3
110,69,82.2,2,3
110,84,84.7,2,3
110,85,85.0,2,3
110,98,85.2,2,3
110,99,94.5,2,3
110,112,80.4,2,3
110,113,83.1,2,3
110,126,77.4,2,3
110,127,77.5,2,3
110,6,81.6,2,1
110,7,71.5,2,1
110,22,76.5,2,1
110,23,81.6,2,1
110,38,86.8,2,1
110,39,81.3,2,1
110,54,84.0,2,1
110,55,85.2,2,1
110,70,75.2,2,1
110,71,88.4,2,1
110,86,74.5,2,1
110,87,79.0,2,1
110,100,82.1,2,1
110,101,81.1,2,1
110,114,83.7,2,1
110,115,72.8,2,1
110,128,84.6,2,1
110,129,93.5,2,1
110,138,92.2,2,1
110,139,101.8,2,1
110,8,289.3,2,4
110,9,292.5,2,4
110,24,294.4,2,4
110,25,289.9,2,4
110,40,290.7,2,4
110,41,294.2,2,4
110,56,291.6,2,4
110,57,295.1,2,4
110,72,291.9,2,4
110,73,296.2,2,4
110,88,298.1,2,4
110,89,291.8,2,4
110,102,298.2,2,4
110,103,293.4,2,4
110,116,297.8,2,4
110,117,294.7,2,4
110,130,295.6,2,4
110,131,293.8,2,4
110,140,298.9,2,4
110,141,300.2,2,4
110,10,298.3,2,5
110,11,297.8,2,5
110,26,300.9,2,5
110,27,297.5,2,5
110,42,300.3,2,5
110,43,302.3,2,5
110,58,299.5,2,5
110,59,297.1,2,5
110,74,297.1,2,5
110,75,304.6,2,5
110,90,300.4,2,5
110,91,297.4,2,5
110,104,297.9,2,5
110,105,298.9,2,5
110,118,302.7,2,5
110,119,300.9,2,5
110,132,298.6,2,5
110,133,300.8,2,5
110,142,305.8,2,5
110,143,300.2,2,5
110,12,301.6,2,6
110,13,296.2,2,6
110,28,302.7,2,6
110,29,300.6,2,6
110,44,306.8,2,6
110,45,299.6,2,6
110,60,293.6,2,6
110,61,296.1,2,6
110,76,299.2,2,6
110,77,298.9,2,6
110,92,299.6,2,6
110,93,297.9,2,6
110,106,297.7,2,6
110,107,295.0,2,6
110,120,297.5,2,6
110,121,303.8,2,6
110,134,300.4,2,6
110,135,296.8,2,6
110,144,301.7,2,6
110,145,299.6,2,6
110,14,300.6,2,7
110,15,301.3,2,7
110,30,305.7,2,7
110,31,300.5,2,7
110,46,305.3,2,7
110,47,294.4,2,7
110,62,300.8,2,7
110,63,303.6,2,7
110,78,301.7,2,7
110,79,300.8,2,7
110,94,301.8,2,7
110,95,301.4,2,7
110,108,299.8,2,7
110,109,302.1,2,7
110,122,305.7,2,7
110,123,303.3,2,7
110,136,302.3,2,7
110,137,300.5,2,7
110,146,303.7,2,7
110,147,302.9,2,7
111,150,93.5,2,9
111,151,96.2,2,9
111,148,78.6,2,8
111,149,77.4,2,8
111,0,76.1,2,0
111,1,84.6,2,0
111,16,76.7,2,0
111,17,84.6,2,0
111,32,78.6,2,0
111,33,65.2,2,0
111,48,79.3,2,0
111,49,77.5,2,0
111,64,85.8,2,0
111,65,69.6,2,0
111,80,82.3,2,0
111,81,74.9,2,0
111,2,75.2,2,2
111,3,80.9,2,2
111,18,81.3,2,2
111,19,78.9,2,2
111,34,82.8,2,2
111,35,79.7,2,2
111,50,82.9,2,2
111,51,79.9,2,2
111,66,93.0,2,2
111,67,77.5,2,2
111,82,76.9,2,2
111,83,80.2,2,2
111,96,78.1,2,2
111,97,81.7,2,2
111,110,68.9,2,2
111,111,0.0,2,2
111,124,62.5,2,2
111,125,70.0,2,2
111,4,74.4,2,3
111,5,78.4,2,3
111,20,75.6,2,3
111,21,69.6,2,3
111,36,72.2,2,3
111,37,84.6,2,3
111,52,95.7,2,3
111,53,99.1,2,3
111,68,86.9,2,3
111,69,85.1,2,3
111,84,86.8,2,3
111,85,87.5,2,3
111,98,81.5,2,3
111,99,84.1,2,3
111,112,88.4,2,3
111,113,81.3,2,3
111,126,80.0,2,3
111,127,82.8,2,3
111,6,84.5,2,1
111,7,76.7,2,1
111,22,82.3,2,1
111,23,80.7,2,1
111,38,89.2,2,1
111,39,83.5,2,1
111,54,85.5,2,1
111,55,90.0,2,1
111,70,86.4,2,1
111,71,90.1,2,1
111,86,85.1,2,1
111,87,83.5,2,1
111,100,84.9,2,1
111,101,88.0,2,1
111,114,93.9,2,1
111,115,78.7,2,1
111,128,84.0,2,1
111,129,92.8,2,1
111,138,94.5,2,1
111,139,92.6,2,1
111,8,282.4,2,4
111,9,287.8,2,4
111,24,290.8,2,4
111,25,286.4,2,4
111,40,285.8,2,4
111,41,289.5,2,4
111,56,286.1,2,4
111,57,289.8,2,4
111,72,285.6,2,4
111,73,290.0,2,4
111,88,293.9,2,4
111,89,285.5,2,4
111,102,293.7,2,4
111,103,287.8,2,4
111,116,293.1,2,4
111,117,289.7,2,4
111,130,291.3,2,4
111,131,286.3,2,4
111,140,294.4,2,4
111,141,295.5,2,4
111,10,293.0,2,5
111,11,293.4,2,5
111,26,296.9,2,5
111,27,293.1,2,5
111,42,295.4,2,5
111,43,297.3,2,5
111,58,294.1,2,5
111,59,291.9,2,5
111,74,291.0,2,5
111,75,299.4,2,5
111,90,294.2,2,5
111,91,292.2,2,5
111,104,292.0,2,5
111,105,293.3,2,5
111,118,297.4,2,5
111,119,294.3,2,5
111,132,294.0,2,5
111,133,295.7,2,5
111,142,300.8,2,5
111,143,294.6,2,5
111,12,296.2,2,6
111,13,290.9,2,6
111,28,297.5,2,6
111,29,295.6,2,6
111,44,301.6,2,6
111,45,293.6,2,6
111,60,288.9,2,6
111,61,291.7,2,6
111,76,294.0,2,6
111,77,293.9,2,6
111,92,294.8,2,6
111,93,293.9,2,6
111,106,293.2,2,6
111,107,288.3,2,6
111,120,292.3,2,6
111,121,299.0,2,6
111,134,295.5,2,6
111,135,291.9,2,6
111,144,296.2,2,6
111,145,293.5,2,6
111,14,296.0,2,7
111,15,296.0,2,7
111,30,300.5,2,7
111,31,296.3,2,7
111,46,300.3,2,7
111,47,288.1,2,7
111,62,296.1,2,7
111,63,298.6,2,7
111,78,296.7,2,7
111,79,296.0,2,7
111,94,296.7,2,7
111,95,295.7,2,7
111,108,294.9,2,7
111,109,297.3,2,7
111,122,300.7,2,7
111,123,298.5,2,7
111,136,296.9,2,7
111,137,295.7,2,7
111,146,298.4,2,7
111,147,298.0,2,7
124,150,87.3,2,9
124,151,90.7,2,9
124,148,80.3,2,8
124,149,76.6,2,8
124,0,83.0,2,0
124,1,81.5,2,0
124,16,77.0,2,0
124,17,73.9,2,0
124,32,77.2,2,0
124,33,69.7,2,0
124,48,77.7,2,0
124,49,67.0,2,0
124,64,77.3,2,0
124,65,77.6,2,0
124,80,70.2,2,0
124,81,74.0,2,0
124,2,75.0,2,2
124,3,77.3,2,2
124,18,69.9,2,2
124,19,76.3,2,2
124,34,75.8,2,2
124,35,74.3,2,2
124,50,74.8,2,2
124,51,72.2,2,2
124,66,79.2,2,2
124,67,69.6,2,2
124,82,64.7,2,2
124,83,70.5,2,2
124,96,67.4,2,2
124,97,60.5,2,2
124,110,68.8,2,2
124,111,62.5,2,2
124,124,0.0,2,2
124,125,63.3,2,2
124,4,68.8,2,3
124,5,74.2,2,3
124,20,75.1,2,3
124,21,67.2,2,3
124,36,73.2,2,3
124,37,88.5,2,3
124,52,94.9,2,3
124,53,93.1,2,3
124,68,89.6,2,3
124,69,84.2,2,3
124,84,86.2,2,3
124,85,85.6,2,3
124,98,86.9,2,3
124,99,84.9,2,3
124,112,85.1,2,3
124,113,83.0,2,3
124,126,76.2,2,3
124,127,78.8,2,3
124,6,78.8,2,1
124,7,76.3,2,1
124,22,82.1,2,1
124,23,75.6,2,1
124,38,81.6,2,1
124,39,81.5,2,1
124,54,80.4,2,1
124,55,85.5,2,1
124,70,80.2,2,1
124,71,83.4,2,1
124,86,82.0,2,1
124,87,79.7,2,1
124,100,74.6,2,1
124,101,79.2,2,1
124,114,76.6,2,1
124,115,79.7,2,1
124,128,80.8,2,1
124,129,93.0,2,1
124,138,88.3,2,1
124,139,92.6,2,1
124,8,283.7,2,4
124,9,288.5,2,4
124,24,290.9,2,4
124,25,286.8,2,4
124,40,286.4,2,4
124,41,289.1,2,4
124,56,285.9,2,4
124,57,290.3,2,4
124,72,286.6,2,4
124,73,291.1,2,4
124,88,294.1,2,4
124,89,287.0,2,4
124,102,294.6,2,4
124,103,288.7,2,4
124,116,293.4,2,4
124,117,291.1,2,4
124,130,292.2,2,4
124,131,288.5,2,4
124,140,294.9,2,4
124,141,295.4,2,4
124,10,293.8,2,5
124,11,293.7,2,5
124,26,296.9,2,5
124,27,293.6,2,5
124,42,296.2,2,5
124,43,298.2,2,5
124,58,295.3,2,5
124,59,293.0,2,5
124,74,292.7,2,5
124,75,300.4,2,5
124,90,295.8,2,5
124,91,293.8,2,5
124,104,293.8,2,5
124,105,294.6,2,5
124,118,298.2,2,5
124,119,296.1,2,5
124,132,294.5,2,5
124,133,296.0,2,5
124,142,301.2,2,5
124,143,295.7,2,5
124,12,297.5,2,6
124,13,292.2,2,6
124,28,298.2,2,6
124,29,296.3,2,6
124,44,302.6,2,6
124,45,295.5,2,6
124,60,288.8,2,6
124,61,292.2,2,6
124,76,294.9,2,6
124,77,294.1,2,6
124,92,295.7,2,6
124,93,294.7,2,6
124,106,294.3,2,6
124,107,290.4,2,6
124,120,292.9,2,6
124,121,299.5,2,6
124,134,296.8,2,6
124,135,292.2,2,6
124,144,296.7,2,6
124,145,294.5,2,6
124,14,296.1,2,7
124,15,296.4,2,7
124,30,301.6,2,7
124,31,296.7,2,7
124,46,301.0,2,7
124,47,289.7,2,7
124,62,296.3,2,7
124,63,299.0,2,7
124,78,296.9,2,7
124,79,296.9,2,7
124,94,297.0,2,7
124,95,296.8,2,7
124,108,295.9,2,7
124,109,297.5,2,7
124,122,301.4,2,7
124,123,298.7,2,7
124,136,297.6,2,7
124,137,296.5,2,7
124,146,299.4,2,7
124,147,298.6,2,7
125,150,89.4,2,9
125,151,92.7,2,9
125,148,80.9,2,8
125,149,76.2,2,8
125,0,80.3,2,0
125,1,80.6,2,0
125,16,80.3,2,0
125,17,76.1,2,0
125,32,77.4,2,0
125,33,73.2,2,0
125,48,75.4,2,0
125,49,71.8,2,0
125,64,73.2,2,0
125,65,75.7,2,0
125,80,75.4,2,0
125,81,70.6,2,0
125,2,52.6,2,2
125,3,77.4,2,2
125,18,72.3,2,2
125,19,73.9,2,2
125,34,77.2,2,2
125,35,77.4,2,2
125,50,78.7,2,2
125,51,73.0,2,2
125,66,85.6,2,2
125,67,71.7,2,2
125,82,70.5,2,2
125,83,74.0,2,2
125,96,83.5,2,2
125,97,72.8,2,2
125,110,64.8,2,2
125,111,70.0,2,2
125,124,63.3,2,2
125,125,0.0,2,2
125,4,67.1,2,3
125,5,73.8,2,3
125,20,74.9,2,3
125,21,72.5,2,3
125,36,71.8,2,3
125,37,84.5,2,3
125,52,98.5,2,3
125,53,93.8,2,3
125,68,87.3,2,3
125,69,83.9,2,3
125,84,82.3,2,3
125,85,86.8,2,3
125,98,89.2,2,3
125,99,92.5,2,3
125,112,82.1,2,3
125,113,78.2,2,3
125,126,76.1,2,3
125,127,63.7,2,3
125,6,79.1,2,1
125,7,75.4,2,1
125,22,77.5,2,1
125,23,81.8,2,1
125,38,79.5,2,1
125,39,82.1,2,1
125,54,85.1,2,1
125,55,85.8,2,1
125,70,76.9,2,1
125,71,81.6,2,1
125,86,83.4,2,1
125,87,77.3,2,1
125,100,73.6,2,1
125,101,85.7,2,1
125,114,84.7,2,1
125,115,78.8,2,1
125,128,79.7,2,1
125,129,91.1,2,1
125,138,88.3,2,1
125,139,93.9,2,1
125,8,286.4,2,4
125,9,290.0,2,4
125,24,292.6,2,4
125,25,288.1,2,4
125,40,287.7,2,4
125,41,291.7,2,4
125,56,288.7,2,4
125,57,291.9,2,4
125,72,289.4,2,4
125,73,292.8,2,4
125,88,295.8,2,4
125,89,288.7,2,4
125,102,296.3,2,4
125,103,290.8,2,4
125,116,295.3,2,4
125,117,291.1,2,4
125,130,293.8,2,4
125,131,291.0,2,4
125,140,296.8,2,4
125,141,297.4,2,4
125,10,296.1,2,5
125,11,295.2,2,5
125,26,298.7,2,5
125,27,295.1,2,5
125,42,297.6,2,5
125,43,299.1,2,5
125,58,296.8,2,5
125,59,294.9,2,5
125,74,294.4,2,5
125,75,302.1,2,5
125,90,298.0,2,5
125,91,295.6,2,5
125,104,295.5,2,5
125,105,296.3,2,5
125,118,300.3,2,5
125,119,299.1,2,5
125,132,296.2,2,5
125,133,298.6,2,5
125,142,303.6,2,5
125,143,297.8,2,5
125,12,299.2,2,6
125,13,293.8,2,6
125,28,300.4,2,6
125,29,297.8,2,6
125,44,304.6,2,6
125,45,297.6,2,6
125,60,291.6,2,6
125,61,294.7,2,6
125,76,297.1,2,6
125,77,296.8,2,6
125,92,297.9,2,6
125,93,297.2,2,6
125,106,296.2,2,6
125,107,292.9,2,6
125,120,294.6,2,6
125,121,301.4,2,6
125,134,298.9,2,6
125,135,294.6,2,6
125,144,298.6,2,6
125,145,296.6,2,6
125,14,298.3,2,7
125,15,298.9,2,7
125,30,303.2,2,7
125,31,298.7,2,7
125,46,303.2,2,7
125,47,292.0,2,7
125,62,298.6,2,7
125,63,300.9,2,7
125,78,299.0,2,7
125,79,298.2,2,7
125,94,299.3,2,7
125,95,298.4,2,7
125,108,297.6,2,7
125,109,299.2,2,7
125,122,303.4,2,7
125,123,300.6,2,7
125,136,300.0,2,7
125,137,298.1,2,7
125,146,301.2,2,7
125,147,300.2,2,7
4,150,85.0,3,9
4,151,93.9,3,9
4,148,85.5,3,8
4,149,79.6,3,8
4,0,77.6,3,0
4,1,84.0,3,0
4,16,83.0,3,0
4,17,83.0,3,0
4,32,80.2,3,0
4,33,77.0,3,0
4,48,80.4,3,0
4,49,75.7,3,0
4,64,82.8,3,0
4,65,79.1,3,0
4,80,71.8,3,0
4,81,75.6,3,0
4,2,78.8,3,2
4,3,79.0,3,2
4,18,76.1,3,2
4,19,79.5,3,2
4,34,80.4,3,2
4,35,77.1,3,2
4,50,82.0,3,2
4,51,81.8,3,2
4,66,88.6,3,2
4,67,77.6,3,2
4,82,76.7,3,2
4,83,80.7,3,2
4,96,84.7,3,2
4,97,77.1,3,2
4,110,72.7,3,2
4,111,74.4,3,2
4,124,68.8,3,2
4,125,67.1,3,2
4,4,0.0,3,3
4,5,70.0,3,3
4,20,66.0,3,3
4,21,63.6,3,3
4,36,61.7,3,3
4,37,78.0,3,3
4,52,87.4,3,3
4,53,81.5,3,3
4,68,80.4,3,3
4,69,74.8,3,3
4,84,73.6,3,3
4,85,78.6,3,3
4,98,76.3,3,3
4,99,77.9,3,3
4,112,69.2,3,3
4,113,70.7,3,3
4,126,65.9,3,3
4,127,67.6,3,3
4,6,68.2,3,1
4,7,71.3,3,1
4,22,73.3,3,1
4,23,77.2,3,1
4,38,76.3,3,1
4,39,71.7,3,1
4,54,74.6,3,1
4,55,74.7,3,1
4,70,71.4,3,1
4,71,76.9,3,1
4,86,69.1,3,1
4,87,69.7,3,1
4,100,69.2,3,1
4,101,74.1,3,1
4,114,66.2,3,1
4,115,69.0,3,1
4,128,72.8,3,1
4,129,87.7,3,1
4,138,77.7,3,1
4,139,79.2,3,1
4,8,283.3,3,4
4,9,287.9,3,4
4,24,290.5,3,4
4,25,286.4,3,4
4,40,285.7,3,4
4,41,288.8,3,4
4,56,286.1,3,4
4,57,289.0,3,4
4,72,286.3,3,4
4,73,290.1,3,4
4,88,293.1,3,4
4,89,285.1,3,4
4,102,293.1,3,4
4,103,287.5,3,4
4,116,292.6,3,4
4,117,289.6,3,4
4,130,291.1,3,4
4,131,288.0,3,4
4,140,294.3,3,4
4,141,295.1,3,4
4,10,292.9,3,5
4,11,293.2,3,5
4,26,296.4,3,5
4,27,292.6,3,5
4,42,295.6,3,5
4,43,297.6,3,5
4,58,294.5,3,5
4,59,291.1,3,5
4,74,291.5,3,5
4,75,299.4,3,5
4,90,295.3,3,5
4,91,292.7,3,5
4,104,292.4,3,5
4,105,293.3,3,5
4,118,297.7,3,5
4,119,295.9,3,5
4,132,294.2,3,5
4,133,296.1,3,5
4,142,301.1,3,5
4,143,294.8,3,5
4,12,297.4,3,6
4,13,292.6,3,6
4,28,298.6,3,6
4,29,296.8,3,6
4,44,302.8,3,6
4,45,296.2,3,6
4,60,290.0,3,6
4,61,292.9,3,6
4,76,295.6,3,6
4,77,295.1,3,6
4,92,296.4,3,6
4,93,294.4,3,6
4,106,294.5,3,6
4,107,291.2,3,6
4,120,293.6,3,6
4,121,300.5,3,6
4,134,296.6,3,6
4,135,292.0,3,6
4,144,297.6,3,6
4,145,294.6,3,6
4,14,296.6,3,7
4,15,296.6,3,7
4,30,302.0,3,7
4,31,296.9,3,7
4,46,301.2,3,7
4,47,290.1,3,7
4,62,296.9,3,7
4,63,299.5,3,7
4,78,297.3,3,7
4,79,296.5,3,7
4,94,297.4,3,7
4,95,296.9,3,7
4,108,295.7,3,7
4,109,297.1,3,7
4,122,301.6,3,7
4,123,298.7,3,7
4,136,298.2,3,7
4,137,295.9,3,7
4,146,299.8,3,7
4,147,299.0,3,7
5,150,93.9,3,9
5,151,93.8,3,9
5,148,80.5,3,8
5,149,62.6,3,8
5,0,84.7,3,0
5,1,83.1,3,0
5,16,70.6,3,0
5,17,80.9,3,0
5,32,79.8,3,0
5,33,80.3,3,0
5,48,78.8,3,0
5,49,76.2,3,0
5,64,82.3,3,0
5,65,76.6,3,0
5,80,74.5,3,0
5,81,77.0,3,0
5,2,77.3,3,2
5,3,84.7,3,2
5,18,74.4,3,2
5,19,67.2,3,2
5,34,84.1,3,2
5,35,74.0,3,2
5,50,79.7,3,2
5,51,81.4,3,2
5,66,84.6,3,2
5,67,73.3,3,2
5,82,79.6,3,2
5,83,73.9,3,2
5,96,91.6,3,2
5,97,77.9,3,2
5,110,77.9,3,2
5,111,78.4,3,2
5,124,74.2,3,2
5,125,73.8,3,2
5,4,70.0,3,3
5,5,0.0,3,3
5,20,63.9,3,3
5,21,67.2,3,3
5,36,64.5,3,3
5,37,82.2,3,3
5,52,77.4,3,3
5,53,90.1,3,3
5,68,87.2,3,3
5,69,76.1,3,3
5,84,77.7,3,3
5,85,78.1,3,3
5,98,74.8,3,3
5,99,70.4,3,3
5,112,79.3,3,3
5,113,75.5,3,3
5,126,69.5,3,3
5,127,69.4,3,3
5,6,72.1,3,1
5,7,69.2,3,1
5,22,73.0,3,1
5,23,72.9,3,1
5,38,69.3,3,1
5,39,75.2,3,1
5,54,66.4,3,1
5,55,79.0,3,1
5,70,75.3,3,1
5,71,77.8,3,1
5,86,81.7,3,1
5,87,69.9,3,1
5,100,74.1,3,1
5,101,82.8,3,1
5,114,78.2,3,1
5,115,74.1,3,1
5,128,71.9,3,1
5,129,90.0,3,1
5,138,83.3,3,1
5,139,92.2,3,1
5,8,285.1,3,4
5,9,288.5,3,4
5,24,291.8,3,4
5,25,287.1,3,4
5,40,287.3,3,4
5,41,290.5,3,4
5,56,287.6,3,4
5,57,291.0,3,4
5,72,288.5,3,4
5,73,292.1,3,4
5,88,294.6,3,4
5,89,287.5,3,4
5,102,294.4,3,4
5,103,289.7,3,4
5,116,294.3,3,4
5,117,291.5,3,4
5,130,293.4,3,4
5,131,291.1,3,4
5,140,296.1,3,4
5,141,296.7,3,4
5,10,295.1,3,5
5,11,294.2,3,5
5,26,297.6,3,5
5,27,293.9,3,5
5,42,297.1,3,5
5,43,298.6,3,5
5,58,296.0,3,5
5,59,293.7,3,5
5,74,293.5,3,5
5,75,301.6,3,5
5,90,297.1,3,5
5,91,294.3,3,5
5,104,294.6,3,5
5,105,295.3,3,5
5,118,299.6,3,5
5,119,297.8,3,5
5,132,295.6,3,5
5,133,297.8,3,5
5,142,301.9,3,5
5,143,296.9,3,5
5,12,298.5,3,6
5,13,293.1,3,6
5,28,299.7,3,6
5,29,297.6,3,6
5,44,304.1,3,6
5,45,297.2,3,6
5,60,290.6,3,6
5,61,293.9,3,6
5,76,296.6,3,6
5,77,296.5,3,6
5,92,297.4,3,6
5,93,296.8,3,6
5,106,295.9,3,6
5,107,292.6,3,6
5,120,294.4,3,6
5,121,300.8,3,6
5,134,298.5,3,6
5,135,294.5,3,6
5,144,298.8,3,6
5,145,296.6,3,6
5,14,297.9,3,7
5,15,297.9,3,7
5,30,302.5,3,7
5,31,297.3,3,7
5,46,302.7,3,7
5,47,291.8,3,7
5,62,298.1,3,7
5,63,300.6,3,7
5,78,297.8,3,7
5,79,297.6,3,7
5,94,298.8,3,7
5,95,298.6,3,7
5,108,297.3,3,7
5,109,299.3,3,7
5,122,302.9,3,7
5,123,300.4,3,7
5,136,299.5,3,7
5,137,296.6,3,7
5,146,300.5,3,7
5,147,299.4,3,7
20,150,82.5,3,9
20,151,92.4,3,9
20,148,83.0,3,8
20,149,79.3,3,8
20,0,81.3,3,0
20,1,81.5,3,0
20,16,82.9,3,0
20,17,83.3,3,0
20,32,75.5,3,0
20,33,77.3,3,0
20,48,71.6,3,0
20,49,73.1,3,0
20,64,79.1,3,0
20,65,76.5,3,0
20,80,76.2,3,0
20,81,75.4,3,0
20,2,70.3,3,2
20,3,80.6,3,2
20,18,74.5,3,2
20,19,74.4,3,2
20,34,76.8,3,2
20,35,69.3,3,2
20,50,77.5,3,2
20,51,82.2,3,2
20,66,82.2,3,2
20,67,74.5,3,2
20,82,72.0,3,2
20,83,75.9,3,2
20,96,87.1,3,2
20,97,77.8,3,2
20,110,76.6,3,2
20,111,75.6,3,2
20,124,75.1,3,2
20,125,74.9,3,2
20,4,66.0,3,3
20,5,63.9,3,3
20,20,0.0,3,3
20,21,63.7,3,3
20,36,56.1,3,3
20,37,75.1,3,3
20,52,83.5,3,3
20,53,76.1,3,3
20,68,71.9,3,3
20,69,71.8,3,3
20,84,69.7,3,3
20,85,75.2,3,3
20,98,70.3,3,3
20,99,75.1,3,3
20,112,75.9,3,3
20,113,64.6,3,3
20,126,70.8,3,3
20,127,68.3,3,3
20,6,64.2,3,1
20,7,64.6,3,1
20,22,71.3,3,1
20,23,76.7,3,1
20,38,72.6,3,1
20,39,67.1,3,1
20,54,73.2,3,1
20,55,74.1,3,1
20,70,72.7,3,1
20,71,77.5,3,1
20,86,74.7,3,1
20,87,65.1,3,1
20,100,64.9,3,1
20,101,73.7,3,1
20,114,74.0,3,1
20,115,70.6,3,1
20,128,68.0,3,1
20,129,89.4,3,1
20,138,89.2,3,1
20,139,84.6,3,1
20,8,285.4,3,4
20,9,289.0,3,4
20,24,291.9,3,4
20,25,287.9,3,4
20,40,287.6,3,4
20,41,290.9,3,4
20,56,288.0,3,4
20,57,291.3,3,4
20,72,288.2,3,4
20,73,292.4,3,4
20,88,295.1,3,4
20,89,287.5,3,4
20,102,294.4,3,4
20,103,290.4,3,4
20,116,294.9,3,4
20,117,292.1,3,4
20,130,293.4,3,4
20,131,291.1,3,4
20,140,295.9,3,4
20,141,297.2,3,4
20,10,295.0,3,5
20,11,294.8,3,5
20,26,298.1,3,5
20,27,294.5,3,5
20,42,296.9,3,5
20,43,299.2,3,5
20,58,296.1,3,5
20,59,293.2,3,5
20,74,293.1,3,5
20,75,301.2,3,5
20,90,297.0,3,5
20,91,294.3,3,5
20,104,293.8,3,5
20,105,295.1,3,5
20,118,299.9,3,5
20,119,297.9,3,5
20,132,295.6,3,5
20,133,297.9,3,5
20,142,302.2,3,5
20,143,296.9,3,5
20,12,298.2,3,6
20,13,293.4,3,6
20,28,299.4,3,6
20,29,297.9,3,6
20,44,304.1,3,6
20,45,297.6,3,6
20,60,291.5,3,6
20,61,294.1,3,6
20,76,296.1,3,6
20,77,296.6,3,6
20,92,297.5,3,6
20,93,297.0,3,6
20,106,295.8,3,6
20,107,292.1,3,6
20,120,294.4,3,6
20,121,301.4,3,6
20,134,297.5,3,6
20,135,293.5,3,6
20,144,299.4,3,6
20,145,297.4,3,6
20,14,297.7,3,7
20,15,298.7,3,7
20,30,303.4,3,7
20,31,298.4,3,7
20,46,302.4,3,7
20,47,291.2,3,7
20,62,298.3,3,7
20,63,301.3,3,7
20,78,298.9,3,7
20,79,298.0,3,7
20,94,299.2,3,7
20,95,298.8,3,7
20,108,297.6,3,7
20,109,299.9,3,7
20,122,303.1,3,7
20,123,300.7,3,7
20,136,299.5,3,7
20,137,297.3,3,7
20,146,301.0,3,7
20,147,300.2,3,7
21,150,85.3,3,9
21,151,92.0,3,9
21,148,83.7,3,8
21,149,73.7,3,8
21,0,80.3,3,0
21,1,81.8,3,0
21,16,81.5,3,0
21,17,76.4,3,0
21,32,74.5,3,0
21,33,75.8,3,0
21,48,81.8,3,0
21,49,76.8,3,0
21,64,82.6,3,0
21,65,82.1,3,0
21,80,68.4,3,0
21,81,74.8,3,0
21,2,76.0,3,2
21,3,78.4,3,2
21,18,72.4,3,2
21,19,75.6,3,2
21,34,81.1,3,2
21,35,78.3,3,2
21,50,81.2,3,2
21,51,80.1,3,2
21,66,87.5,3,2
21,67,74.8,3,2
21,82,75.0,3,2
21,83,76.9,3,2
21,96,78.3,3,2
21,97,77.2,3,2
21,110,75.8,3,2
21,111,69.6,3,2
21,124,67.2,3,2
21,125,72.5,3,2
21,4,63.6,3,3
21,5,67.2,3,3
21,20,63.7,3,3
21,21,0.0,3,3
21,36,62.3,3,3
21,37,80.3,3,3
21,52,88.1,3,3
21,53,80.3,3,3
21,68,83.4,3,3
21,69,80.4,3,3
21,84,81.0,3,3
21,85,73.9,3,3
21,98,80.4,3,3
21,99,76.2,3,3
21,112,69.9,3,3
21,113,72.2,3,3
21,126,72.9,3,3
21,127,70.8,3,3
21,6,77.1,3,1
21,7,72.1,3,1
21,22,75.5,3,1
21,23,76.5,3,1
21,38,73.8,3,1
21,39,73.4,3,1
21,54,72.4,3,1
21,55,69.2,3,1
21,70,64.6,3,1
21,71,76.0,3,1
21,86,71.5,3,1
21,87,70.1,3,1
21,100,66.8,3,1
21,101,76.7,3,1
21,114,75.2,3,1
21,115,75.3,3,1
21,128,72.4,3,1
21,129,86.5,3,1
21,138,78.7,3,1
21,139,89.6,3,1
21,8,282.9,3,4
21,9,286.9,3,4
21,24,289.9,3,4
21,25,285.6,3,4
21,40,284.9,3,4
21,41,288.5,3,4
21,56,285.5,3,4
21,57,289.4,3,4
21,72,285.0,3,4
21,73,290.2,3,4
21,88,292.7,3,4
21,89,285.2,3,4
21,102,292.8,3,4
21,103,287.4,3,4
21,116,292.2,3,4
21,117,289.9,3,4
21,130,290.4,3,4
21,131,287.8,3,4
21,140,293.3,3,4
21,141,294.5,3,4
21,10,292.5,3,5
21,11,292.6,3,5
21,26,295.8,3,5
21,27,292.5,3,5
21,42,294.7,3,5
21,43,296.8,3,5
21,58,293.8,3,5
21,59,290.7,3,5
21,74,291.0,3,5
21,75,298.9,3,5
21,90,294.2,3,5
21,91,292.1,3,5
21,104,291.7,3,5
21,105,292.6,3,5
21,118,297.0,3,5
21,119,294.3,3,5
21,132,292.8,3,5
21,133,295.0,3,5
21,142,300.1,3,5
21,143,294.1,3,5
21,12,296.7,3,6
21,13,291.7,3,6
21,28,297.5,3,6
21,29,295.6,3,6
21,44,301.7,3,6
21,45,294.7,3,6
21,60,288.5,3,6
21,61,291.5,3,6
21,76,293.9,3,6
21,77,293.4,3,6
21,92,294.8,3,6
21,93,293.7,3,6
21,106,293.3,3,6
21,107,288.6,3,6
21,120,292.4,3,6
21,121,299.3,3,6
21,134,295.5,3,6
21,135,291.2,3,6
21,144,296.4,3,6
21,145,294.0,3,6
21,14,295.6,3,7
21,15,295.9,3,7
21,30,300.7,3,7
21,31,295.9,3,7
21,46,300.2,3,7
21,47,288.2,3,7
21,62,295.7,3,7
21,63,298.4,3,7
21,78,296.3,3,7
21,79,295.5,3,7
21,94,296.7,3,7
21,95,296.3,3,7
21,108,295.2,3,7
21,109,297.2,3,7
21,122,300.8,3,7
21,123,297.9,3,7
21,136,297.0,3,7
21,137,295.7,3,7
21,146,298.5,3,7
21,147,298.3,3,7
36,150,90.4,3,9
36,151,92.8,3,9
36,148,81.3,3,8
36,149,78.4,3,8
36,0,82.4,3,0
36,1,81.3,3,0
36,16,83.6,3,0
36,17,80.5,3,0
36,32,74.1,3,0
36,33,77.6,3,0
36,48,77.7,3,0
36,49,75.3,3,0
36,64,77.8,3,0
36,65,75.6,3,0
36,80,76.0,3,0
36,81,73.7,3,0
36,2,76.2,3,2
36,3,77.3,3,2
36,18,72.9,3,2
36,19,72.6,3,2
36,34,76.2,3,2
36,35,77.7,3,2
36,50,77.0,3,2
36,51,80.0,3,2
36,66,88.8,3,2
36,67,73.0,3,2
36,82,74.3,3,2
36,83,75.1,3,2
36,96,88.9,3,2
36,97,76.0,3,2
36,110,69.4,3,2
36,111,72.2,3,2
36,124,73.2,3,2
36,125,71.8,3,2
36,4,61.7,3,3
36,5,64.5,3,3
36,20,56.1,3,3
36,21,62.3,3,3
36,36,0.0,3,3
36,37,69.4,3,3
36,52,81.5,3,3
36,53,78.0,3,3
36,68,73.7,3,3
36,69,70.1,3,3
36,84,70.0,3,3
36,85,71.3,3,3
36,98,62.6,3,3
36,99,79.8,3,3
36,112,66.2,3,3
36,113,63.0,3,3
36,126,67.0,3,3
36,127,64.7,3,3
36,6,65.8,3,1
36,7,62.1,3,1
36,22,60.8,3,1
36,23,72.5,3,1
36,38,69.8,3,1
36,39,62.1,3,1
36,54,68.6,3,1
36,55,69.2,3,1
36,70,65.4,3,1
36,71,74.7,3,1
36,86,66.8,3,1
36,87,61.9,3,1
36,100,59.6,3,1
36,101,65.9,3,1
36,114,69.2,3,1
36,115,58.7,3,1
36,128,63.7,3,1
36,129,90.1,3,1
36,138,85.3,3,1
36,139,90.7,3,1
36,8,289.3,3,4
36,9,293.5,3,4
36,24,295.6,3,4
36,25,291.7,3,4
36,40,291.2,3,4
36,41,294.6,3,4
36,56,291.2,3,4
36,57,295.4,3,4
36,72,292.6,3,4
36,73,296.2,3,4
36,88,298.4,3,4
36,89,291.3,3,4
36,102,298.0,3,4
36,103,293.5,3,4
36,116,297.8,3,4
36,117,295.0,3,4
36,130,297.0,3,4
36,131,294.7,3,4
36,140,299.4,3,4
36,141,300.1,3,4
36,10,298.2,3,5
36,11,298.4,3,5
36,26,301.6,3,5
36,27,297.5,3,5
36,42,300.2,3,5
36,43,302.3,3,5
36,58,299.3,3,5
36,59,295.7,3,5
36,74,296.8,3,5
36,75,303.8,3,5
36,90,300.1,3,5
36,91,297.7,3,5
36,104,297.1,3,5
36,105,298.4,3,5
36,118,302.9,3,5
36,119,301.5,3,5
36,132,298.9,3,5
36,133,300.9,3,5
36,142,305.7,3,5
36,143,299.9,3,5
36,12,302.0,3,6
36,13,297.5,3,6
36,28,303.2,3,6
36,29,301.5,3,6
36,44,306.9,3,6
36,45,300.7,3,6
36,60,295.1,3,6
36,61,297.6,3,6
36,76,300.5,3,6
36,77,299.9,3,6
36,92,301.0,3,6
36,93,300.2,3,6
36,106,299.1,3,6
36,107,296.2,3,6
36,120,298.4,3,6
36,121,305.1,3,6
36,134,301.2,3,6
36,135,297.4,3,6
36,144,302.5,3,6
36,145,300.2,3,6
36,14,301.2,3,7
36,15,301.8,3,7
36,30,306.0,3,7
36,31,301.6,3,7
36,46,305.5,3,7
36,47,295.6,3,7
36,62,302.1,3,7
36,63,304.2,3,7
36,78,302.6,3,7
36,79,301.3,3,7
36,94,302.2,3,7
36,95,301.7,3,7
36,108,300.6,3,7
36,109,302.9,3,7
36,122,306.3,3,7
36,123,304.0,3,7
36,136,302.9,3,7
36,137,301.2,3,7
36,146,304.6,3,7
36,147,304.0,3,7
37,150,97.0,3,9
37,151,93.4,3,9
37,148,91.0,3,8
37,149,89.4,3,8
37,0,91.3,3,0
37,1,89.1,3,0
37,16,83.4,3,0
37,17,94.1,3,0
37,32,85.9,3,0
37,33,89.6,3,0
37,48,91.9,3,0
37,49,84.9,3,0
37,64,86.5,3,0
37,65,84.5,3,0
37,80,87.7,3,0
37,81,84.3,3,0
37,2,84.7,3,2
37,3,78.7,3,2
37,18,89.1,3,2
37,19,76.3,3,2
37,34,82.8,3,2
37,35,86.6,3,2
37,50,88.6,3,2
37,51,95.7,3,2
37,66,100.9,3,2
37,67,80.8,3,2
37,82,86.6,3,2
37,83,90.1,3,2
37,96,98.2,3,2
37,97,90.7,3,2
37,110,73.9,3,2
37,111,84.6,3,2
37,124,88.5,3,2
37,125,84.5,3,2
37,4,78.0,3,3
37,5,82.2,3,3
37,20,75.1,3,3
37,21,80.3,3,3
37,36,69.4,3,3
37,37,0.0,3,3
37,52,65.8,3,3
37,53,65.9,3,3
37,68,64.6,3,3
37,69,58.7,3,3
37,84,65.9,3,3
37,85,67.4,3,3
37,98,70.2,3,3
37,99,79.5,3,3
37,112,72.5,3,3
37,113,70.5,3,3
37,126,74.8,3,3
37,127,71.2,3,3
37,6,77.2,3,1
37,7,69.7,3,1
37,22,75.6,3,1
37,23,83.0,3,1
37,38,79.6,3,1
37,39,73.4,3,1
37,54,78.1,3,1
37,55,77.6,3,1
37,70,71.3,3,1
37,71,84.7,3,1
37,86,76.1,3,1
37,87,73.1,3,1
37,100,77.4,3,1
37,101,76.6,3,1
37,114,84.4,3,1
37,115,72.7,3,1
37,128,79.6,3,1
37,129,92.5,3,1
37,138,91.8,3,1
37,139,89.2,3,1
37,8,284.9,3,4
37,9,290.7,3,4
37,24,291.9,3,4
37,25,288.0,3,4
37,40,287.3,3,4
37,41,291.0,3,4
37,56,287.2,3,4
37,57,291.2,3,4
37,72,288.5,3,4
37,73,292.1,3,4
37,88,295.1,3,4
37,89,287.8,3,4
37,102,294.1,3,4
37,103,290.9,3,4
37,116,294.5,3,4
37,117,291.2,3,4
37,130,292.1,3,4
37,131,290.1,3,4
37,140,295.7,3,4
37,141,297.7,3,4
37,10,294.9,3,5
37,11,295.0,3,5
37,26,298.3,3,5
37,27,293.7,3,5
37,42,297.5,3,5
37,43,299.3,3,5
37,58,295.8,3,5
37,59,292.8,3,5
37,74,292.8,3,5
37,75,300.5,3,5
37,90,296.7,3,5
37,91,292.7,3,5
37,104,293.6,3,5
37,105,294.7,3,5
37,118,299.3,3,5
37,119,298.3,3,5
37,132,295.5,3,5
37,133,298.0,3,5
37,142,303.1,3,5
37,143,296.8,3,5
37,12,298.4,3,6
37,13,293.8,3,6
37,28,300.3,3,6
37,29,299.0,3,6
37,44,304.7,3,6
37,45,298.1,3,6
37,60,292.0,3,6
37,61,294.0,3,6
37,76,296.9,3,6
37,77,296.1,3,6
37,92,298.0,3,6
37,93,297.1,3,6
37,106,295.7,3,6
37,107,292.3,3,6
37,120,295.4,3,6
37,121,302.3,3,6
37,134,297.6,3,6
37,135,293.5,3,6
37,144,299.8,3,6
37,145,298.0,3,6
37,14,298.1,3,7
37,15,299.2,3,7
37,30,304.0,3,7
37,31,298.9,3,7
37,46,302.9,3,7
37,47,292.0,3,7
37,62,299.4,3,7
37,63,302.5,3,7
37,78,300.0,3,7
37,79,299.2,3,7
37,94,300.1,3,7
37,95,299.3,3,7
37,108,297.3,3,7
37,109,300.6,3,7
37,122,303.7,3,7
37,123,301.8,3,7
37,136,299.7,3,7
37,137,298.6,3,7
37,146,302.1,3,7
37,147,301.6,3,7
52,150,96.3,3,9
52,151,91.7,3,9
52,148,94.3,3,8
52,149,80.7,3,8
52,0,95.6,3,0
52,1,95.3,3,0
52,16,77.0,3,0
52,17,99.8,3,0
52,32,89.3,3,0
52,33,96.3,3,0
52,48,102.1,3,0
52,49,91.7,3,0
52,64,94.0,3,0
52,65,95.5,3,0
52,80,94.4,3,0
52,81,98.6,3,0
52,2,102.6,3,2
52,3,84.1,3,2
52,18,94.8,3,2
52,19,75.8,3,2
52,34,85.8,3,2
52,35,89.2,3,2
52,50,89.4,3,2
52,51,99.7,3,2
52,66,101.5,3,2
52,67,91.1,3,2
52,82,94.6,3,2
52,83,94.2,3,2
52,96,105.4,3,2
52,97,92.4,3,2
52,110,96.1,3,2
52,111,95.7,3,2
52,124,94.9,3,2
52,125,98.5,3,2
52,4,87.4,3,3
52,5,77.4,3,3
52,20,83.5,3,3
52,21,88.1,3,3
52,36,81.5,3,3
52,37,65.8,3,3
52,52,0.0,3,3
52,53,73.8,3,3
52,68,70.0,3,3
52,69,73.4,3,3
52,84,75.4,3,3
52,85,74.6,3,3
52,98,60.1,3,3
52,99,66.6,3,3
52,112,83.6,3,3
52,113,79.4,3,3
52,126,83.6,3,3
52,127,82.7,3,3
52,6,78.2,3,1
52,7,80.1,3,1
52,22,79.2,3,1
52,23,77.9,3,1
52,38,76.9,3,1
52,39,80.1,3,1
52,54,71.9,3,1
52,55,84.9,3,1
52,70,84.9,3,1
52,71,85.5,3,1
52,86,91.7,3,1
52,87,85.2,3,1
52,100,85.4,3,1
52,101,89.3,3,1
52,114,84.3,3,1
52,115,86.4,3,1
52,128,81.6,3,1
52,129,98.4,3,1
52,138,98.3,3,1
52,139,90.7,3,1
52,8,278.3,3,4
52,9,286.5,3,4
52,24,288.4,3,4
52,25,283.9,3,4
52,40,283.3,3,4
52,41,286.9,3,4
52,56,282.3,3,4
52,57,287.0,3,4
52,72,284.3,3,4
52,73,287.6,3,4
52,88,290.3,3,4
52,89,282.9,3,4
52,102,290.2,3,4
52,103,287.3,3,4
52,116,290.4,3,4
52,117,287.0,3,4
52,130,288.0,3,4
52,131,287.3,3,4
52,140,292.9,3,4
52,141,293.6,3,4
52,10,291.2,3,5
52,11,288.8,3,5
52,26,293.8,3,5
52,27,290.0,3,5
52,42,294.1,3,5
52,43,295.8,3,5
52,58,293.0,3,5
52,59,288.9,3,5
52,74,289.2,3,5
52,75,297.9,3,5
52,90,294.3,3,5
52,91,289.9,3,5
52,104,290.3,3,5
52,105,291.1,3,5
52,118,295.7,3,5
52,119,295.1,3,5
52,132,291.4,3,5
52,133,294.5,3,5
52,142,299.5,3,5
52,143,293.6,3,5
52,12,295.6,3,6
52,13,290.6,3,6
52,28,295.3,3,6
52,29,295.3,3,6
52,44,301.3,3,6
52,45,294.3,3,6
52,60,286.7,3,6
52,61,289.5,3,6
52,76,292.1,3,6
52,77,292.5,3,6
52,92,294.5,3,6
52,93,294.2,3,6
52,106,292.8,3,6
52,107,288.4,3,6
52,120,290.2,3,6
52,121,299.0,3,6
52,134,294.1,3,6
52,135,289.2,3,6
52,144,296.9,3,6
52,145,294.9,3,6
52,14,293.5,3,7
52,15,294.3,3,7
52,30,300.3,3,7
52,31,294.7,3,7
52,46,299.0,3,7
52,47,287.6,3,7
52,62,296.2,3,7
52,63,299.4,3,7
52,78,295.4,3,7
52,79,296.4,3,7
52,94,297.1,3,7
52,95,296.3,3,7
52,108,294.5,3,7
52,109,297.1,3,7
52,122,300.9,3,7
52,123,298.9,3,7
52,136,296.0,3,7
52,137,294.3,3,7
52,146,297.8,3,7
52,147,297.4,3,7
53,150,92.1,3,9
53,151,96.1,3,9
53,148,94.6,3,8
53,149,94.6,3,8
53,0,97.9,3,0
53,1,97.5,3,0
53,16,94.1,3,0
53,17,93.8,3,0
53,32,89.9,3,0
53,33,93.5,3,0
53,48,98.3,3,0
53,49,89.3,3,0
53,64,81.6,3,0
53,65,98.3,3,0
53,80,86.2,3,0
53,81,96.4,3,0
53,2,98.8,3,2
53,3,82.0,3,2
53,18,93.2,3,2
53,19,87.5,3,2
53,34,81.8,3,2
53,35,82.6,3,2
53,50,87.6,3,2
53,51,97.0,3,2
53,66,98.2,3,2
53,67,89.4,3,2
53,82,86.8,3,2
53,83,90.8,3,2
53,96,98.4,3,2
53,97,94.5,3,2
53,110,88.9,3,2
53,111,99.1,3,2
53,124,93.1,3,2
53,125,93.8,3,2
53,4,81.5,3,3
53,5,90.1,3,3
53,20,76.1,3,3
53,21,80.3,3,3
53,36,78.0,3,3
53,37,65.9,3,3
53,52,73.8,3,3
53,53,0.0,3,3
53,68,71.4,3,3
53,69,72.0,3,3
53,84,76.7,3,3
53,85,76.0,3,3
53,98,78.1,3,3
53,99,80.1,3,3
53,112,64.0,3,3
53,113,72.7,3,3
53,126,84.1,3,3
53,127,81.0,3,3
53,6,75.9,3,1
53,7,81.2,3,1
53,22,78.0,3,1
53,23,87.3,3,1
53,38,82.1,3,1
53,39,74.3,3,1
53,54,81.0,3,1
53,55,75.4,3,1
53,70,73.0,3,1
53,71,87.8,3,1
53,86,85.4,3,1
53,87,82.4,3,1
53,100,79.5,3,1
53,101,71.3,3,1
53,114,82.7,3,1
53,115,87.3,3,1
53,128,82.4,3,1
53,129,93.6,3,1
53,138,87.3,3,1
53,139,83.4,3,1
53,8,278.3,3,4
53,9,284.4,3,4
53,24,285.9,3,4
53,25,280.2,3,4
53,40,281.0,3,4
53,41,284.4,3,4
53,56,281.0,3,4
53,57,284.5,3,4
53,72,281.1,3,4
53,73,285.8,3,4
53,88,288.6,3,4
53,89,281.2,3,4
53,102,288.7,3,4
53,103,285.6,3,4
53,116,287.9,3,4
53,117,284.3,3,4
53,130,284.0,3,4
53,131,283.9,3,4
53,140,289.8,3,4
53,141,291.4,3,4
53,10,287.9,3,5
53,11,288.2,3,5
53,26,291.6,3,5
53,27,288.3,3,5
53,42,291.5,3,5
53,43,293.8,3,5
53,58,289.7,3,5
53,59,286.3,3,5
53,74,286.6,3,5
53,75,294.5,3,5
53,90,291.4,3,5
53,91,287.1,3,5
53,104,287.4,3,5
53,105,288.4,3,5
53,118,292.3,3,5
53,119,292.2,3,5
53,132,288.5,3,5
53,133,291.1,3,5
53,142,296.9,3,5
53,143,290.7,3,5
53,12,292.2,3,6
53,13,288.0,3,6
53,28,294.6,3,6
53,29,293.1,3,6
53,44,298.9,3,6
53,45,291.8,3,6
53,60,284.7,3,6
53,61,287.3,3,6
53,76,290.3,3,6
53,77,289.9,3,6
53,92,291.9,3,6
53,93,289.5,3,6
53,106,289.6,3,6
53,107,285.1,3,6
53,120,289.1,3,6
53,121,296.9,3,6
53,134,290.8,3,6
53,135,285.0,3,6
53,144,294.0,3,6
53,145,292.2,3,6
53,14,290.9,3,7
53,15,293.2,3,7
53,30,298.4,3,7
53,31,293.0,3,7
53,46,296.6,3,7
53,47,285.3,3,7
53,62,293.0,3,7
53,63,296.7,3,7
53,78,293.7,3,7
53,79,293.6,3,7
53,94,294.4,3,7
53,95,293.7,3,7
53,108,291.5,3,7
53,109,294.4,3,7
53,122,298.4,3,7
53,123,296.1,3,7
53,136,292.9,3,7
53,137,292.6,3,7
53,146,296.2,3,7
53,147,296.1,3,7
68,150,95.9,3,9
68,151,96.6,3,9
68,148,95.1,3,8
68,149,91.7,3,8
68,0,91.2,3,0
68,1,94.7,3,0
68,16,88.6,3,0
68,17,95.8,3,0
68,32,79.8,3,0
68,33,89.8,3,0
68,48,95.8,3,0
68,49,81.5,3,0
68,64,89.5,3,0
68,65,90.6,3,0
68,80,91.7,3,0
68,81,92.0,3,0
68,2,89.9,3,2
68,3,83.7,3,2
68,18,91.7,3,2
68,19,80.3,3,2
68,34,85.3,3,2
68,35,85.8,3,2
68,50,88.4,3,2
68,51,95.8,3,2
68,66,97.2,3,2
68,67,80.8,3,2
68,82,83.5,3,2
68,83,87.3,3,2
68,96,97.1,3,2
68,97,93.2,3,2
68,110,82.5,3,2
68,111,86.9,3,2
68,124,89.6,3,2
68,125,87.3,3,2
68,4,80.4,3,3
68,5,87.2,3,3
68,20,71.9,3,3
68,21,83.4,3,3
68,36,73.7,3,3
68,37,64.6,3,3
68,52,70.0,3,3
68,53,71.4,3,3
68,68,0.0,3,3
68,69,67.9,3,3
68,84,67.4,3,3
68,85,78.0,3,3
68,98,65.3,3,3
68,99,77.5,3,3
68,112,80.6,3,3
68,113,70.7,3,3
68,126,76.9,3,3
68,127,73.6,3,3
68,6,73.6,3,1
68,7,61.6,3,1
68,22,79.3,3,1
68,23,80.4,3,1
68,38,87.8,3,1
68,39,74.7,3,1
68,54,81.2,3,1
68,55,81.4,3,1
68,70,72.9,3,1
68,71,89.2,3,1
68,86,82.4,3,1
68,87,74.6,3,1
68,100,77.1,3,1
68,101,84.1,3,1
68,114,87.2,3,1
68,115,76.4,3,1
68,128,76.9,3,1
68,129,98.4,3,1
68,138,104.3,3,1
68,139,93.6,3,1
68,8,287.8,3,4
68,9,293.7,3,4
68,24,296.0,3,4
68,25,291.4,3,4
68,40,290.6,3,4
68,41,294.9,3,4
68,56,291.1,3,4
68,57,295.0,3,4
68,72,291.7,3,4
68,73,295.8,3,4
68,88,298.2,3,4
68,89,290.7,3,4
68,102,298.3,3,4
68,103,294.9,3,4
68,116,298.2,3,4
68,117,294.0,3,4
68,130,294.3,3,4
68,131,294.6,3,4
68,140,300.4,3,4
68,141,301.3,3,4
68,10,298.9,3,5
68,11,296.1,3,5
68,26,301.8,3,5
68,27,297.7,3,5
68,42,301.6,3,5
68,43,303.2,3,5
68,58,300.2,3,5
68,59,296.5,3,5
68,74,296.9,3,5
68,75,305.1,3,5
68,90,301.5,3,5
68,91,298.0,3,5
68,104,296.5,3,5
68,105,298.9,3,5
68,118,303.1,3,5
68,119,301.8,3,5
68,132,298.6,3,5
68,133,301.6,3,5
68,142,307.1,3,5
68,143,300.8,3,5
68,12,303.1,3,6
68,13,298.2,3,6
68,28,302.0,3,6
68,29,302.9,3,6
68,44,308.3,3,6
68,45,301.8,3,6
68,60,295.3,3,6
68,61,295.9,3,6
68,76,300.0,3,6
68,77,300.5,3,6
68,92,301.5,3,6
68,93,301.7,3,6
68,106,299.7,3,6
68,107,295.5,3,6
68,120,298.8,3,6
68,121,306.2,3,6
68,134,300.5,3,6
68,135,296.2,3,6
68,144,304.2,3,6
68,145,302.4,3,6
68,14,301.0,3,7
68,15,302.7,3,7
68,30,308.2,3,7
68,31,301.7,3,7
68,46,305.6,3,7
68,47,293.4,3,7
68,62,303.7,3,7
68,63,306.5,3,7
68,78,303.2,3,7
68,79,303.5,3,7
68,94,304.3,3,7
68,95,303.7,3,7
68,108,302.0,3,7
68,109,304.8,3,7
68,122,308.1,3,7
68,123,306.3,3,7
68,136,303.5,3,7
68,137,300.9,3,7
68,146,305.1,3,7
68,147,304.8,3,7
69,150,90.4,3,9
69,151,90.6,3,9
69,148,81.6,3,8
69,149,81.6,3,8
69,0,87.6,3,0
69,1,92.5,3,0
69,16,85.0,3,0
69,17,90.4,3,0
69,32,83.9,3,0
69,33,82.2,3,0
69,48,86.9,3,0
69,49,81.1,3,0
69,64,85.8,3,0
69,65,77.3,3,0
69,80,85.9,3,0
69,81,84.2,3,0
69,2,88.2,3,2
69,3,82.0,3,2
69,18,82.4,3,2
69,19,77.5,3,2
69,34,80.1,3,2
69,35,77.5,3,2
69,50,81.4,3,2
69,51,90.0,3,2
69,66,92.6,3,2
69,67,80.7,3,2
69,82,83.3,3,2
69,83,84.5,3,2
69,96,95.0,3,2
69,97,85.7,3,2
69,110,82.2,3,2
69,111,85.1,3,2
69,124,84.2,3,2
69,125,83.9,3,2
69,4,74.8,3,3
69,5,76.1,3,3
69,20,71.8,3,3
69,21,80.4,3,3
69,36,70.1,3,3
69,37,58.7,3,3
69,52,73.4,3,3
69,53,72.0,3,3
69,68,67.9,3,3
69,69,0.0,3,3
69,84,65.3,3,3
69,85,75.3,3,3
69,98,68.3,3,3
69,99,72.6,3,3
69,112,74.0,3,3
69,113,71.0,3,3
69,126,67.4,3,3
69,127,68.8,3,3
69,6,69.1,3,1
69,7,70.3,3,1
69,22,74.5,3,1
69,23,74.1,3,1
69,38,70.4,3,1
69,39,72.5,3,1
69,54,71.2,3,1
69,55,77.1,3,1
69,70,73.6,3,1
69,71,77.5,3,1
69,86,80.0,3,1
69,87,71.7,3,1
69,100,76.1,3,1
69,101,73.0,3,1
69,114,79.7,3,1
69,115,79.0,3,1
69,128,74.5,3,1
69,129,86.2,3,1
69,138,86.8,3,1
69,139,81.0,3,1
69,8,280.0,3,4
69,9,285.6,3,4
69,24,287.5,3,4
69,25,283.2,3,4
69,40,283.0,3,4
69,41,285.8,3,4
69,56,282.7,3,4
69,57,285.9,3,4
69,72,283.5,3,4
69,73,287.3,3,4
69,88,290.4,3,4
69,89,281.9,3,4
69,102,289.3,3,4
69,103,285.8,3,4
69,116,290.3,3,4
69,117,286.3,3,4
69,130,287.5,3,4
69,131,285.5,3,4
69,140,290.9,3,4
69,141,293.3,3,4
69,10,290.5,3,5
69,11,290.2,3,5
69,26,293.5,3,5
69,27,288.1,3,5
69,42,293.0,3,5
69,43,295.2,3,5
69,58,291.3,3,5
69,59,288.0,3,5
69,74,288.5,3,5
69,75,296.7,3,5
69,90,292.8,3,5
69,91,288.3,3,5
69,104,289.0,3,5
69,105,290.4,3,5
69,118,294.7,3,5
69,119,294.4,3,5
69,132,291.4,3,5
69,133,293.7,3,5
69,142,298.6,3,5
69,143,292.7,3,5
69,12,294.3,3,6
69,13,289.3,3,6
69,28,295.7,3,6
69,29,294.6,3,6
69,44,300.1,3,6
69,45,293.6,3,6
69,60,287.1,3,6
69,61,289.3,3,6
69,76,292.9,3,6
69,77,292.3,3,6
69,92,293.8,3,6
69,93,293.2,3,6
69,106,291.6,3,6
69,107,288.2,3,6
69,120,290.3,3,6
69,121,298.1,3,6
69,134,293.6,3,6
69,135,289.1,3,6
69,144,295.4,3,6
69,145,293.7,3,6
69,14,293.4,3,7
69,15,294.7,3,7
69,30,299.6,3,7
69,31,294.1,3,7
69,46,297.9,3,7
69,47,287.1,3,7
69,62,294.9,3,7
69,63,298.0,3,7
69,78,294.9,3,7
69,79,294.7,3,7
69,94,295.7,3,7
69,95,294.9,3,7
69,108,293.0,3,7
69,109,296.3,3,7
69,122,299.5,3,7
69,123,297.3,3,7
69,136,294.9,3,7
69,137,293.6,3,7
69,146,297.3,3,7
69,147,296.6,3,7
84,150,100.9,3,9
84,151,96.9,3,9
84,148,93.0,3,8
84,149,84.6,3,8
84,0,89.6,3,0
84,1,92.9,3,0
84,16,86.1,3,0
84,17,98.1,3,0
84,32,88.8,3,0
84,33,89.8,3,0
84,48,88.5,3,0
84,49,81.9,3,0
84,64,93.4,3,0
84,65,80.6,3,0
84,80,88.1,3,0
84,81,79.1,3,0
84,2,83.6,3,2
84,3,83.8,3,2
84,18,83.7,3,2
84,19,83.5,3,2
84,34,88.0,3,2
84,35,87.5,3,2
84,50,89.0,3,2
84,51,97.3,3,2
84,66,102.0,3,2
84,67,82.9,3,2
84,82,81.8,3,2
84,83,89.1,3,2
84,96,98.5,3,2
84,97,90.2,3,2
84,110,84.7,3,2
84,111,86.8,3,2
84,124,86.2,3,2
84,125,82.3,3,2
84,4,73.6,3,3
84,5,77.7,3,3
84,20,69.7,3,3
84,21,81.0,3,3
84,36,70.0,3,3
84,37,65.9,3,3
84,52,75.4,3,3
84,53,76.7,3,3
84,68,67.4,3,3
84,69,65.3,3,3
84,84,0.0,3,3
84,85,72.4,3,3
84,98,70.8,3,3
84,99,76.8,3,3
84,112,76.1,3,3
84,113,63.1,3,3
84,126,65.2,3,3
84,127,56.6,3,3
84,6,75.0,3,1
84,7,66.1,3,1
84,22,76.9,3,1
84,23,80.9,3,1
84,38,82.5,3,1
84,39,69.4,3,1
84,54,74.3,3,1
84,55,79.8,3,1
84,70,72.7,3,1
84,71,81.1,3,1
84,86,73.3,3,1
84,87,62.2,3,1
84,100,77.0,3,1
84,101,83.0,3,1
84,114,84.2,3,1
84,115,77.9,3,1
84,128,78.7,3,1
84,129,97.2,3,1
84,138,98.1,3,1
84,139,91.8,3,1
84,8,286.1,3,4
84,9,291.4,3,4
84,24,293.8,3,4
84,25,289.8,3,4
84,40,287.8,3,4
84,41,292.3,3,4
84,56,288.8,3,4
84,57,292.7,3,4
84,72,290.1,3,4
84,73,293.6,3,4
84,88,296.3,3,4
84,89,289.0,3,4
84,102,295.8,3,4
84,103,291.5,3,4
84,116,296.1,3,4
84,117,292.5,3,4
84,130,293.9,3,4
84,131,292.3,3,4
84,140,297.2,3,4
84,141,298.6,3,4
84,10,296.0,3,5
84,11,295.2,3,5
84,26,299.4,3,5
84,27,295.8,3,5
84,42,298.2,3,5
84,43,300.3,3,5
84,58,297.3,3,5
84,59,293.5,3,5
84,74,293.5,3,5
84,75,302.5,3,5
84,90,298.4,3,5
84,91,295.3,3,5
84,104,295.0,3,5
84,105,296.4,3,5
84,118,300.8,3,5
84,119,300.1,3,5
84,132,296.8,3,5
84,133,299.4,3,5
84,142,304.1,3,5
84,143,298.0,3,5
84,12,300.4,3,6
84,13,295.6,3,6
84,28,300.3,3,6
84,29,300.4,3,6
84,44,305.7,3,6
84,45,299.7,3,6
84,60,293.9,3,6
84,61,295.9,3,6
84,76,298.6,3,6
84,77,298.5,3,6
84,92,299.0,3,6
84,93,299.3,3,6
84,106,297.9,3,6
84,107,294.6,3,6
84,120,296.9,3,6
84,121,304.0,3,6
84,134,299.5,3,6
84,135,294.8,3,6
84,144,301.2,3,6
84,145,299.3,3,6
84,14,299.3,3,7
84,15,300.0,3,7
84,30,305.4,3,7
84,31,299.7,3,7
84,46,303.8,3,7
84,47,292.8,3,7
84,62,300.3,3,7
84,63,302.5,3,7
84,78,299.7,3,7
84,79,300.1,3,7
84,94,300.4,3,7
84,95,300.5,3,7
84,108,298.5,3,7
84,109,301.2,3,7
84,122,304.1,3,7
84,123,302.5,3,7
84,136,301.1,3,7
84,137,299.1,3,7
84,146,302.8,3,7
84,147,302.1,3,7
85,150,87.8,3,9
85,151,78.6,3,9
85,148,88.0,3,8
85,149,81.0,3,8
85,0,90.6,3,0
85,1,72.1,3,0
85,16,81.3,3,0
85,17,90.7,3,0
85,32,83.3,3,0
85,33,86.8,3,0
85,48,88.4,3,0
85,49,90.0,3,0
85,64,91.1,3,0
85,65,86.9,3,0
85,80,85.4,3,0
85,81,83.8,3,0
85,2,88.3,3,2
85,3,76.3,3,2
85,18,69.9,3,2
85,19,84.2,3,2
85,34,82.6,3,2
85,35,85.2,3,2
85,50,87.6,3,2
85,51,93.2,3,2
85,66,96.1,3,2
85,67,87.8,3,2
85,82,86.1,3,2
85,83,84.1,3,2
85,96,97.6,3,2
85,97,83.2,3,2
85,110,85.0,3,2
85,111,87.5,3,2
85,124,85.6,3,2
85,125,86.8,3,2
85,4,78.6,3,3
85,5,78.1,3,3
85,20,75.2,3,3
85,21,73.9,3,3
85,36,71.3,3,3
85,37,67.4,3,3
85,52,74.6,3,3
85,53,76.0,3,3
85,68,78.0,3,3
85,69,75.3,3,3
85,84,72.4,3,3
85,85,0.0,3,3
85,98,71.1,3,3
85,99,76.9,3,3
85,112,75.5,3,3
85,113,70.4,3,3
85,126,76.0,3,3
85,127,75.2,3,3
85,6,77.3,3,1
85,7,73.9,3,1
85,22,74.6,3,1
85,23,80.4,3,1
85,38,74.7,3,1
85,39,68.7,3,1
85,54,73.8,3,1
85,55,76.3,3,1
85,70,75.5,3,1
85,71,77.6,3,1
85,86,77.9,3,1
85,87,76.8,3,1
85,100,73.0,3,1
85,101,82.6,3,1
85,114,83.1,3,1
85,115,81.6,3,1
85,128,77.9,3,1
85,129,85.6,3,1
85,138,90.0,3,1
85,139,87.3,3,1
85,8,282.0,3,4
85,9,286.9,3,4
85,24,289.1,3,4
85,25,284.4,3,4
85,40,284.3,3,4
85,41,287.9,3,4
85,56,284.3,3,4
85,57,288.6,3,4
85,72,285.8,3,4
85,73,289.3,3,4
85,88,291.9,3,4
85,89,284.9,3,4
85,102,291.9,3,4
85,103,287.7,3,4
85,116,291.2,3,4
85,117,288.7,3,4
85,130,289.7,3,4
85,131,287.9,3,4
85,140,292.8,3,4
85,141,294.5,3,4
85,10,291.9,3,5
85,11,292.3,3,5
85,26,295.2,3,5
85,27,291.8,3,5
85,42,294.2,3,5
85,43,295.7,3,5
85,58,292.6,3,5
85,59,289.5,3,5
85,74,290.4,3,5
85,75,297.5,3,5
85,90,293.4,3,5
85,91,290.5,3,5
85,104,291.0,3,5
85,105,292.1,3,5
85,118,295.6,3,5
85,119,293.9,3,5
85,132,291.1,3,5
85,133,294.6,3,5
85,142,299.7,3,5
85,143,293.4,3,5
85,12,295.6,3,6
85,13,291.2,3,6
85,28,297.3,3,6
85,29,295.5,3,6
85,44,301.4,3,6
85,45,294.6,3,6
85,60,288.2,3,6
85,61,291.8,3,6
85,76,294.0,3,6
85,77,293.2,3,6
85,92,295.5,3,6
85,93,293.8,3,6
85,106,293.1,3,6
85,107,289.7,3,6
85,120,292.7,3,6
85,121,299.0,3,6
85,134,294.9,3,6
85,135,290.2,3,6
85,144,296.4,3,6
85,145,294.5,3,6
85,14,294.5,3,7
85,15,296.4,3,7
85,30,300.8,3,7
85,31,295.2,3,7
85,46,299.8,3,7
85,47,289.0,3,7
85,62,295.6,3,7
85,63,298.7,3,7
85,78,296.4,3,7
85,79,296.0,3,7
85,94,296.8,3,7
85,95,296.1,3,7
85,108,294.8,3,7
85,109,297.7,3,7
85,122,300.9,3,7
85,123,297.3,3,7
85,136,296.6,3,7
85,137,295.3,3,7
85,146,298.7,3,7
85,147,298.3,3,7
98,150,93.4,3,9
98,151,95.9,3,9
98,148,85.0,3,8
98,149,79.6,3,8
98,0,90.0,3,0
98,1,93.1,3,0
98,16,85.6,3,0
98,17,93.0,3,0
98,32,84.2,3,0
98,33,86.9,3,0
98,48,86.5,3,0
98,49,84.7,3,0
98,64,83.5,3,0
98,65,82.4,3,0
98,80,86.3,3,0
98,81,87.5,3,0
98,2,92.7,3,2
98,3,85.9,3,2
98,18,83.7,3,2
98,19,72.9,3,2
98,34,78.6,3,2
98,35,84.7,3,2
98,50,84.1,3,2
98,51,90.2,3,2
98,66,94.0,3,2
98,67,85.5,3,2
98,82,87.8,3,2
98,83,86.4,3,2
98,96,101.4,3,2
98,97,85.0,3,2
98,110,85.2,3,2
98,111,81.5,3,2
98,124,86.9,3,2
98,125,89.2,3,2
98,4,76.3,3,3
98,5,74.8,3,3
98,20,70.3,3,3
98,21,80.4,3,3
98,36,62.6,3,3
98,37,70.2,3,3
98,52,60.1,3,3
98,53,78.1,3,3
98,68,65.3,3,3
98,69,68.3,3,3
98,84,70.8,3,3
98,85,71.1,3,3
98,98,0.0,3,3
98,99,66.5,3,3
98,112,74.6,3,3
98,113,67.7,3,3
98,126,74.6,3,3
98,127,75.6,3,3
98,6,67.7,3,1
98,7,68.3,3,1
98,22,65.5,3,1
98,23,71.6,3,1
98,38,74.3,3,1
98,39,69.4,3,1
98,54,70.2,3,1
98,55,73.8,3,1
98,70,78.5,3,1
98,71,81.5,3,1
98,86,79.6,3,1
98,87,75.8,3,1
98,100,71.6,3,1
98,101,77.4,3,1
98,114,80.6,3,1
98,115,70.0,3,1
98,128,72.0,3,1
98,129,97.2,3,1
98,138,94.8,3,1
98,139,90.5,3,1
98,8,286.2,3,4
98,9,291.3,3,4
98,24,293.1,3,4
98,25,289.4,3,4
98,40,289.0,3,4
98,41,291.9,3,4
98,56,289.0,3,4
98,57,292.3,3,4
98,72,289.9,3,4
98,73,293.3,3,4
98,88,295.6,3,4
98,89,288.2,3,4
98,102,295.2,3,4
98,103,292.1,3,4
98,116,296.0,3,4
98,117,292.5,3,4
98,130,294.5,3,4
98,131,292.2,3,4
98,140,298.2,3,4
98,141,298.4,3,4
98,10,296.3,3,5
98,11,296.3,3,5
98,26,299.0,3,5
98,27,295.1,3,5
98,42,298.5,3,5
98,43,300.5,3,5
98,58,297.6,3,5
98,59,294.4,3,5
98,74,294.4,3,5
98,75,302.7,3,5
98,90,298.8,3,5
98,91,295.8,3,5
98,104,295.7,3,5
98,105,296.7,3,5
98,118,301.3,3,5
98,119,300.3,3,5
98,132,297.4,3,5
98,133,299.3,3,5
98,142,304.3,3,5
98,143,298.4,3,5
98,12,300.5,3,6
98,13,295.8,3,6
98,28,301.7,3,6
98,29,300.1,3,6
98,44,306.2,3,6
98,45,299.9,3,6
98,60,293.3,3,6
98,61,296.7,3,6
98,76,298.5,3,6
98,77,299.0,3,6
98,92,300.4,3,6
98,93,299.8,3,6
98,106,298.2,3,6
98,107,294.6,3,6
98,120,297.0,3,6
98,121,303.9,3,6
98,134,299.6,3,6
98,135,295.9,3,6
98,144,301.7,3,6
98,145,299.8,3,6
98,14,299.7,3,7
98,15,300.6,3,7
98,30,305.8,3,7
98,31,300.5,3,7
98,46,303.9,3,7
98,47,293.7,3,7
98,62,301.0,3,7
98,63,303.6,3,7
98,78,300.8,3,7
98,79,301.0,3,7
98,94,301.7,3,7
98,95,300.8,3,7
98,108,299.4,3,7
98,109,302.2,3,7
98,122,305.4,3,7
98,123,303.0,3,7
98,136,301.3,3,7
98,137,299.5,3,7
98,146,302.9,3,7
98,147,302.4,3,7
99,150,91.8,3,9
99,151,96.5,3,9
99,148,88.1,3,8
99,149,77.2,3,8
99,0,90.6,3,0
99,1,93.2,3,0
99,16,80.5,3,0
99,17,94.9,3,0
99,32,87.8,3,0
99,33,86.5,3,0
99,48,91.0,3,0
99,49,86.0,3,0
99,64,90.6,3,0
99,65,86.9,3,0
99,80,88.8,3,0
99,81,90.7,3,0
99,2,94.1,3,2
99,3,86.2,3,2
99,18,88.1,3,2
99,19,76.1,3,2
99,34,88.5,3,2
99,35,85.6,3,2
99,50,91.4,3,2
99,51,93.3,3,2
99,66,87.5,3,2
99,67,90.1,3,2
99,82,89.7,3,2
99,83,90.2,3,2
99,96,89.5,3,2
99,97,83.5,3,2
99,110,94.5,3,2
99,111,84.1,3,2
99,124,84.9,3,2
99,125,92.5,3,2
99,4,77.9,3,3
99,5,70.4,3,3
99,20,75.1,3,3
99,21,76.2,3,3
99,36,79.8,3,3
99,37,79.5,3,3
99,52,66.6,3,3
99,53,80.1,3,3
99,68,77.5,3,3
99,69,72.6,3,3
99,84,76.8,3,3
99,85,76.9,3,3
99,98,66.5,3,3
99,99,0.0,3,3
99,112,78.6,3,3
99,113,75.6,3,3
99,126,77.7,3,3
99,127,80.2,3,3
99,6,69.8,3,1
99,7,75.0,3,1
99,22,82.9,3,1
99,23,78.1,3,1
99,38,69.7,3,1
99,39,74.4,3,1
99,54,69.1,3,1
99,55,81.4,3,1
99,70,85.2,3,1
99,71,77.0,3,1
99,86,86.2,3,1
99,87,81.5,3,1
99,100,80.3,3,1
99,101,83.4,3,1
99,114,83.3,3,1
99,115,84.7,3,1
99,128,79.2,3,1
99,129,92.7,3,1
99,138,92.5,3,1
99,139,86.2,3,1
99,8,278.6,3,4
99,9,284.2,3,4
99,24,287.2,3,4
99,25,282.7,3,4
99,40,281.9,3,4
99,41,285.0,3,4
99,56,281.8,3,4
99,57,285.2,3,4
99,72,281.9,3,4
99,73,286.4,3,4
99,88,289.4,3,4
99,89,280.5,3,4
99,102,289.3,3,4
99,103,285.2,3,4
99,116,289.5,3,4
99,117,286.9,3,4
99,130,287.4,3,4
99,131,284.8,3,4
99,140,291.6,3,4
99,141,292.1,3,4
99,10,290.4,3,5
99,11,289.6,3,5
99,26,293.5,3,5
99,27,289.2,3,5
99,42,292.6,3,5
99,43,294.0,3,5
99,58,291.7,3,5
99,59,287.8,3,5
99,74,288.0,3,5
99,75,296.7,3,5
99,90,292.4,3,5
99,91,288.8,3,5
99,104,289.4,3,5
99,105,290.1,3,5
99,118,294.6,3,5
99,119,292.2,3,5
99,132,290.4,3,5
99,133,293.1,3,5
99,142,298.0,3,5
99,143,292.0,3,5
99,12,294.7,3,6
99,13,289.4,3,6
99,28,295.3,3,6
99,29,293.0,3,6
99,44,300.1,3,6
99,45,293.2,3,6
99,60,285.8,3,6
99,61,289.6,3,6
99,76,291.8,3,6
99,77,292.2,3,6
99,92,293.5,3,6
99,93,292.4,3,6
99,106,291.6,3,6
99,107,286.6,3,6
99,120,289.6,3,6
99,121,297.9,3,6
99,134,292.9,3,6
99,135,288.6,3,6
99,144,295.1,3,6
99,145,292.6,3,6
99,14,292.7,3,7
99,15,293.7,3,7
99,30,299.0,3,7
99,31,293.8,3,7
99,46,297.7,3,7
99,47,285.9,3,7
99,62,294.3,3,7
99,63,297.1,3,7
99,78,293.5,3,7
99,79,294.7,3,7
99,94,295.5,3,7
99,95,294.6,3,7
99,108,293.7,3,7
99,109,295.9,3,7
99,122,299.1,3,7
99,123,296.6,3,7
99,136,294.7,3,7
99,137,292.9,3,7
99,146,296.2,3,7
99,147,295.7,3,7
112,150,92.4,3,9
112,151,104.1,3,9
112,148,85.8,3,8
112,149,88.7,3,8
112,0,92.5,3,0
112,1,91.0,3,0
112,16,93.4,3,0
112,17,85.2,3,0
112,32,87.9,3,0
112,33,83.7,3,0
112,48,88.5,3,0
112,49,82.3,3,0
112,64,83.5,3,0
112,65,84.9,3,0
112,80,74.9,3,0
112,81,81.6,3,0
112,2,84.1,3,2
112,3,91.0,3,2
112,18,84.3,3,2
112,19,82.2,3,2
112,34,83.7,3,2
112,35,84.6,3,2
112,50,86.6,3,2
112,51,95.6,3,2
112,66,97.9,3,2
112,67,84.7,3,2
112,82,82.9,3,2
112,83,87.8,3,2
112,96,95.8,3,2
112,97,87.5,3,2
112,110,80.4,3,2
112,111,88.4,3,2
112,124,85.1,3,2
112,125,82.1,3,2
112,4,69.2,3,3
112,5,79.3,3,3
112,20,75.9,3,3
112,21,69.9,3,3
112,36,66.2,3,3
112,37,72.5,3,3
112,52,83.6,3,3
112,53,64.0,3,3
112,68,80.6,3,3
112,69,74.0,3,3
112,84,76.1,3,3
112,85,75.5,3,3
112,98,74.6,3,3
112,99,78.6,3,3
112,112,0.0,3,3
112,113,65.9,3,3
112,126,70.6,3,3
112,127,71.2,3,3
112,6,72.6,3,1
112,7,76.5,3,1
112,22,76.1,3,1
112,23,82.9,3,1
112,38,76.4,3,1
112,39,68.8,3,1
112,54,75.8,3,1
112,55,73.1,3,1
112,70,66.3,3,1
112,71,86.1,3,1
112,86,76.9,3,1
112,87,70.8,3,1
112,100,73.9,3,1
112,101,67.8,3,1
112,114,76.1,3,1
112,115,72.7,3,1
112,128,80.6,3,1
112,129,94.7,3,1
112,138,76.0,3,1
112,139,94.1,3,1
112,8,283.7,3,4
112,9,288.4,3,4
112,24,290.8,3,4
112,25,287.0,3,4
112,40,286.0,3,4
112,41,288.7,3,4
112,56,285.9,3,4
112,57,288.4,3,4
112,72,285.7,3,4
112,73,289.9,3,4
112,88,293.1,3,4
112,89,286.5,3,4
112,102,293.0,3,4
112,103,287.8,3,4
112,116,292.3,3,4
112,117,289.2,3,4
112,130,289.6,3,4
112,131,288.2,3,4
112,140,294.0,3,4
112,141,295.1,3,4
112,10,292.9,3,5
112,11,293.1,3,5
112,26,296.1,3,5
112,27,292.8,3,5
112,42,295.7,3,5
112,43,297.8,3,5
112,58,294.2,3,5
112,59,291.7,3,5
112,74,291.3,3,5
112,75,299.3,3,5
112,90,295.4,3,5
112,91,292.1,3,5
112,104,292.2,3,5
112,105,292.7,3,5
112,118,297.8,3,5
112,119,297.2,3,5
112,132,294.3,3,5
112,133,296.0,3,5
112,142,301.4,3,5
112,143,295.4,3,5
112,12,297.2,3,6
112,13,292.5,3,6
112,28,298.9,3,6
112,29,297.2,3,6
112,44,303.0,3,6
112,45,296.6,3,6
112,60,289.7,3,6
112,61,292.9,3,6
112,76,295.7,3,6
112,77,294.5,3,6
112,92,296.2,3,6
112,93,294.7,3,6
112,106,294.4,3,6
112,107,290.9,3,6
112,120,293.9,3,6
112,121,301.1,3,6
112,134,296.6,3,6
112,135,292.5,3,6
112,144,297.6,3,6
112,145,294.9,3,6
112,14,296.4,3,7
112,15,297.2,3,7
112,30,302.2,3,7
112,31,297.3,3,7
112,46,301.5,3,7
112,47,290.4,3,7
112,62,297.0,3,7
112,63,299.9,3,7
112,78,297.6,3,7
112,79,295.4,3,7
112,94,297.2,3,7
112,95,297.3,3,7
112,108,295.8,3,7
112,109,298.2,3,7
112,122,302.3,3,7
112,123,299.7,3,7
112,136,298.1,3,7
112,137,297.0,3,7
112,146,300.4,3,7
112,147,299.8,3,7
113,150,88.1,3,9
113,151,93.3,3,9
113,148,87.1,3,8
113,149,83.0,3,8
113,0,76.3,3,0
113,1,84.5,3,0
113,16,85.7,3,0
113,17,82.8,3,0
113,32,79.8,3,0
113,33,81.5,3,0
113,48,79.8,3,0
113,49,80.6,3,0
113,64,86.4,3,0
113,65,83.5,3,0
113,80,83.6,3,0
113,81,80.7,3,0
113,2,79.8,3,2
113,3,81.5,3,2
113,18,82.1,3,2
113,19,80.3,3,2
113,34,82.8,3,2
113,35,79.5,3,2
113,50,84.3,3,2
113,51,89.6,3,2
113,66,91.2,3,2
113,67,82.0,3,2
113,82,74.0,3,2
113,83,82.7,3,2
113,96,92.0,3,2
113,97,83.2,3,2
113,110,83.1,3,2
113,111,81.3,3,2
113,124,83.0,3,2
113,125,78.2,3,2
113,4,70.7,3,3
113,5,75.5,3,3
113,20,64.6,3,3
113,21,72.2,3,3
113,36,63.0,3,3
113,37,70.5,3,3
113,52,79.4,3,3
113,53,72.7,3,3
113,68,70.7,3,3
113,69,71.0,3,3
113,84,63.1,3,3
113,85,70.4,3,3
113,98,67.7,3,3
113,99,75.6,3,3
113,112,65.9,3,3
113,113,0.0,3,3
113,126,66.2,3,3
113,127,62.9,3,3
113,6,68.9,3,1
113,7,66.4,3,1
113,22,68.4,3,1
113,23,76.9,3,1
113,38,72.6,3,1
113,39,66.8,3,1
113,54,72.6,3,1
113,55,73.2,3,1
113,70,74.0,3,1
113,71,78.5,3,1
113,86,74.7,3,1
113,87,62.3,3,1
113,100,67.5,3,1
113,101,72.3,3,1
113,114,77.4,3,1
113,115,71.9,3,1
113,128,69.8,3,1
113,129,91.0,3,1
113,138,89.2,3,1
113,139,87.6,3,1
113,8,283.4,3,4
113,9,287.1,3,4
113,24,290.6,3,4
113,25,286.7,3,4
113,40,285.1,3,4
113,41,289.0,3,4
113,56,286.3,3,4
113,57,289.3,3,4
113,72,286.7,3,4
113,73,289.9,3,4
113,88,293.2,3,4
113,89,285.6,3,4
113,102,293.2,3,4
113,103,288.9,3,4
113,116,292.7,3,4
113,117,289.3,3,4
113,130,290.9,3,4
113,131,289.2,3,4
113,140,294.5,3,4
113,141,295.1,3,4
113,10,292.9,3,5
113,11,293.1,3,5
113,26,296.3,3,5
113,27,292.2,3,5
113,42,295.3,3,5
113,43,297.6,3,5
113,58,294.2,3,5
113,59,290.9,3,5
113,74,291.1,3,5
113,75,299.2,3,5
113,90,295.5,3,5
113,91,292.8,3,5
113,104,291.5,3,5
113,105,293.7,3,5
113,118,298.2,3,5
113,119,296.3,3,5
113,132,293.9,3,5
113,133,296.3,3,5
113,142,301.0,3,5
113,143,295.3,3,5
113,12,297.2,3,6
113,13,292.7,3,6
113,28,298.4,3,6
113,29,296.9,3,6
113,44,302.7,3,6
113,45,296.6,3,6
113,60,290.8,3,6
113,61,293.2,3,6
113,76,295.2,3,6
113,77,295.2,3,6
113,92,295.7,3,6
113,93,295.9,3,6
113,106,294.6,3,6
113,107,290.6,3,6
113,120,293.4,3,6
113,121,300.5,3,6
113,134,295.5,3,6
113,135,292.5,3,6
113,144,297.9,3,6
113,145,296.3,3,6
113,14,296.5,3,7
113,15,297.5,3,7
113,30,302.3,3,7
113,31,297.0,3,7
113,46,301.1,3,7
113,47,290.3,3,7
113,62,297.7,3,7
113,63,300.2,3,7
113,78,298.0,3,7
113,79,297.1,3,7
113,94,297.9,3,7
113,95,297.4,3,7
113,108,295.7,3,7
113,109,298.5,3,7
113,122,302.0,3,7
113,123,299.7,3,7
113,136,297.9,3,7
113,137,296.7,3,7
113,146,300.0,3,7
113,147,299.5,3,7
126,150,95.8,3,9
126,151,98.0,3,9
126,148,82.5,3,8
126,149,81.0,3,8
126,0,85.4,3,0
126,1,86.6,3,0
126,16,82.3,3,0
126,17,86.6,3,0
126,32,83.7,3,0
126,33,81.8,3,0
126,48,87.2,3,0
126,49,74.6,3,0
126,64,86.6,3,0
126,65,72.0,3,0
126,80,77.8,3,0
126,81,74.2,3,0
126,2,78.6,3,2
126,3,85.9,3,2
126,18,79.0,3,2
126,19,77.8,3,2
126,34,85.4,3,2
126,35,81.8,3,2
126,50,87.4,3,2
126,51,90.3,3,2
126,66,91.1,3,2
126,67,72.3,3,2
126,82,82.0,3,2
126,83,82.0,3,2
126,96,91.0,3,2
126,97,84.4,3,2
126,110,77.4,3,2
126,111,80.0,3,2
126,124,76.2,3,2
126,125,76.1,3,2
126,4,65.9,3,3
126,5,69.5,3,3
126,20,70.8,3,3
126,21,72.9,3,3
126,36,67.0,3,3
126,37,74.8,3,3
126,52,83.6,3,3
126,53,84.1,3,3
126,68,76.9,3,3
126,69,67.4,3,3
126,84,65.2,3,3
126,85,76.0,3,3
126,98,74.6,3,3
126,99,77.7,3,3
126,112,70.6,3,3
126,113,66.2,3,3
126,126,0.0,3,3
126,127,62.4,3,3
126,6,68.8,3,1
126,7,59.0,3,1
126,22,74.5,3,1
126,23,70.9,3,1
126,38,76.3,3,1
126,39,73.0,3,1
126,54,73.8,3,1
126,55,76.7,3,1
126,70,74.4,3,1
126,71,80.4,3,1
126,86,79.8,3,1
126,87,68.9,3,1
126,100,71.6,3,1
126,101,81.1,3,1
126,114,77.4,3,1
126,115,71.3,3,1
126,128,74.4,3,1
126,129,96.1,3,1
126,138,85.0,3,1
126,139,93.2,3,1
126,8,286.9,3,4
126,9,290.6,3,4
126,24,293.4,3,4
126,25,289.5,3,4
126,40,288.5,3,4
126,41,291.5,3,4
126,56,288.6,3,4
126,57,292.1,3,4
126,72,289.3,3,4
126,73,293.1,3,4
126,88,295.9,3,4
126,89,288.7,3,4
126,102,296.5,3,4
126,103,291.3,3,4
126,116,295.6,3,4
126,117,293.0,3,4
126,130,294.3,3,4
126,131,292.5,3,4
126,140,297.4,3,4
126,141,298.1,3,4
126,10,296.4,3,5
126,11,295.5,3,5
126,26,298.9,3,5
126,27,295.9,3,5
126,42,298.5,3,5
126,43,299.8,3,5
126,58,295.9,3,5
126,59,295.0,3,5
126,74,294.9,3,5
126,75,302.5,3,5
126,90,298.1,3,5
126,91,295.6,3,5
126,104,295.7,3,5
126,105,296.7,3,5
126,118,299.7,3,5
126,119,299.6,3,5
126,132,296.9,3,5
126,133,299.2,3,5
126,142,303.5,3,5
126,143,298.1,3,5
126,12,300.5,3,6
126,13,295.4,3,6
126,28,301.0,3,6
126,29,299.4,3,6
126,44,305.4,3,6
126,45,299.1,3,6
126,60,292.4,3,6
126,61,295.7,3,6
126,76,298.1,3,6
126,77,297.9,3,6
126,92,298.7,3,6
126,93,298.7,3,6
126,106,297.7,3,6
126,107,294.1,3,6
126,120,296.3,3,6
126,121,303.2,3,6
126,134,299.9,3,6
126,135,295.3,3,6
126,144,300.3,3,6
126,145,298.2,3,6
126,14,299.2,3,7
126,15,299.5,3,7
126,30,304.4,3,7
126,31,299.3,3,7
126,46,304.0,3,7
126,47,292.5,3,7
126,62,299.3,3,7
126,63,301.8,3,7
126,78,299.2,3,7
126,79,299.3,3,7
126,94,300.3,3,7
126,95,299.8,3,7
126,108,298.7,3,7
126,109,300.0,3,7
126,122,304.3,3,7
126,123,301.8,3,7
126,136,299.7,3,7
126,137,299.0,3,7
126,146,302.2,3,7
126,147,301.6,3,7
127,150,95.8,3,9
127,151,95.5,3,9
127,148,87.7,3,8
127,149,80.9,3,8
127,0,82.9,3,0
127,1,88.8,3,0
127,16,83.8,3,0
127,17,87.8,3,0
127,32,82.5,3,0
127,33,82.7,3,0
127,48,82.8,3,0
127,49,76.2,3,0
127,64,84.9,3,0
127,65,80.7,3,0
127,80,79.7,3,0
127,81,77.5,3,0
127,2,72.0,3,2
127,3,82.4,3,2
127,18,78.1,3,2
127,19,77.7,3,2
127,34,86.0,3,2
127,35,81.3,3,2
127,50,82.6,3,2
127,51,88.2,3,2
127,66,94.2,3,2
127,67,72.5,3,2
127,82,76.0,3,2
127,83,81.6,3,2
127,96,92.9,3,2
127,97,83.2,3,2
127,110,77.5,3,2
127,111,82.8,3,2
127,124,78.8,3,2
127,125,63.7,3,2
127,4,67.6,3,3
127,5,69.4,3,3
127,20,68.3,3,3
127,21,70.8,3,3
127,36,64.7,3,3
127,37,71.2,3,3
127,52,82.7,3,3
127,53,81.0,3,3
127,68,73.6,3,3
127,69,68.8,3,3
127,84,56.6,3,3
127,85,75.2,3,3
127,98,75.6,3,3
127,99,80.2,3,3
127,112,71.2,3,3
127,113,62.9,3,3
127,126,62.4,3,3
127,127,0.0,3,3
127,6,68.6,3,1
127,7,63.4,3,1
127,22,71.1,3,1
127,23,75.4,3,1
127,38,69.2,3,1
127,39,70.3,3,1
127,54,73.2,3,1
127,55,74.3,3,1
127,70,61.6,3,1
127,71,78.2,3,1
127,86,76.9,3,1
127,87,56.0,3,1
127,100,70.9,3,1
127,101,79.0,3,1
127,114,77.5,3,1
127,115,71.1,3,1
127,128,74.6,3,1
127,129,92.4,3,1
127,138,87.6,3,1
127,139,91.5,3,1
127,8,284.3,3,4
127,9,288.8,3,4
127,24,291.1,3,4
127,25,287.2,3,4
127,40,285.7,3,4
127,41,290.0,3,4
127,56,286.9,3,4
127,57,290.1,3,4
127,72,287.9,3,4
127,73,291.3,3,4
127,88,293.8,3,4
127,89,287.0,3,4
127,102,293.9,3,4
127,103,288.7,3,4
127,116,293.5,3,4
127,117,290.2,3,4
127,130,291.8,3,4
127,131,289.8,3,4
127,140,295.1,3,4
127,141,295.8,3,4
127,10,294.2,3,5
127,11,293.0,3,5
127,26,297.1,3,5
127,27,293.4,3,5
127,42,296.4,3,5
127,43,298.3,3,5
127,58,295.2,3,5
127,59,292.1,3,5
127,74,292.1,3,5
127,75,300.7,3,5
127,90,296.4,3,5
127,91,293.5,3,5
127,104,293.0,3,5
127,105,294.1,3,5
127,118,298.6,3,5
127,119,297.7,3,5
127,132,294.6,3,5
127,133,297.0,3,5
127,142,301.8,3,5
127,143,296.1,3,5
127,12,298.3,3,6
127,13,293.3,3,6
127,28,298.4,3,6
127,29,297.2,3,6
127,44,303.4,3,6
127,45,297.0,3,6
127,60,290.9,3,6
127,61,293.3,3,6
127,76,296.3,3,6
127,77,295.9,3,6
127,92,296.4,3,6
127,93,296.6,3,6
127,106,295.5,3,6
127,107,292.2,3,6
127,120,293.7,3,6
127,121,301.1,3,6
127,134,297.7,3,6
127,135,293.3,3,6
127,144,298.0,3,6
127,145,296.2,3,6
127,14,297.1,3,7
127,15,297.4,3,7
127,30,302.6,3,7
127,31,297.3,3,7
127,46,301.8,3,7
127,47,290.5,3,7
127,62,298.0,3,7
127,63,300.4,3,7
127,78,297.8,3,7
127,79,297.6,3,7
127,94,298.0,3,7
127,95,298.0,3,7
127,108,296.7,3,7
127,109,298.3,3,7
127,122,302.4,3,7
127,123,299.9,3,7
127,136,298.7,3,7
127,137,296.7,3,7
127,146,300.1,3,7
127,147,299.6,3,7
6,150,87.1,1,9
6,151,95.7,1,9
6,148,86.1,1,8
6,149,81.6,1,8
6,0,88.6,1,0
6,1,87.3,1,0
6,16,85.0,1,0
6,17,86.7,1,0
6,32,80.4,1,0
6,33,78.5,1,0
6,48,84.2,1,0
6,49,76.3,1,0
6,64,80.4,1,0
6,65,79.6,1,0
6,80,78.6,1,0
6,81,81.2,1,0
6,2,83.2,1,2
6,3,81.4,1,2
6,18,78.1,1,2
6,19,77.7,1,2
6,34,70.3,1,2
6,35,72.3,1,2
6,50,71.1,1,2
6,51,83.4,1,2
6,66,77.7,1,2
6,67,79.0,1,2
6,82,76.7,1,2
6,83,77.5,1,2
6,96,91.4,1,2
6,97,69.7,1,2
6,110,81.6,1,2
6,111,84.5,1,2
6,124,78.8,1,2
6,125,79.1,1,2
6,4,68.2,1,3
6,5,72.1,1,3
6,20,64.2,1,3
6,21,77.1,1,3
6,36,65.8,1,3
6,37,77.2,1,3
6,52,78.2,1,3
6,53,75.9,1,3
6,68,73.6,1,3
6,69,69.1,1,3
6,84,75.0,1,3
6,85,77.3,1,3
6,98,67.7,1,3
6,99,69.8,1,3
6,112,72.6,1,3
6,113,68.9,1,3
6,126,68.8,1,3
6,127,68.6,1,3
6,6,0.0,1,1
6,7,64.2,1,1
6,22,68.2,1,1
6,23,73.7,1,1
6,38,71.1,1,1
6,39,71.8,1,1
6,54,72.8,1,1
6,55,79.7,1,1
6,70,77.6,1,1
6,71,73.4,1,1
6,86,79.1,1,1
6,87,70.7,1,1
6,100,62.1,1,1
6,101,74.8,1,1
6,114,75.1,1,1
6,115,72.6,1,1
6,128,73.3,1,1
6,129,89.1,1,1
6,138,87.6,1,1
6,139,82.6,1,1
6,8,283.3,1,4
6,9,287.8,1,4
6,24,290.5,1,4
6,25,286.1,1,4
6,40,286.2,1,4
6,41,288.9,1,4
6,56,286.1,1,4
6,57,289.4,1,4
6,72,286.8,1,4
6,73,290.4,1,4
6,88,293.2,1,4
6,89,285.8,1,4
6,102,293.1,1,4
6,103,289.0,1,4
6,116,292.6,1,4
6,117,290.3,1,4
6,130,291.6,1,4
6,131,289.3,1,4
6,140,294.7,1,4
6,141,295.4,1,4
6,10,293.1,1,5
6,11,293.0,1,5
6,26,296.0,1,5
6,27,292.5,1,5
6,42,295.7,1,5
6,43,296.9,1,5
6,58,294.1,1,5
6,59,291.8,1,5
6,74,292.0,1,5
6,75,299.6,1,5
6,90,295.7,1,5
6,91,292.9,1,5
6,104,292.9,1,5
6,105,293.6,1,5
6,118,298.1,1,5
6,119,296.7,1,5
6,132,293.8,1,5
6,133,296.4,1,5
6,142,301.0,1,5
6,143,295.5,1,5
6,12,296.7,1,6
6,13,292.3,1,6
6,28,298.5,1,6
6,29,296.0,1,6
6,44,302.9,1,6
6,45,296.5,1,6
6,60,289.8,1,6
6,61,292.4,1,6
6,76,295.3,1,6
6,77,295.2,1,6
6,92,296.8,1,6
6,93,296.0,1,6
6,106,294.4,1,6
6,107,291.5,1,6
6,120,293.4,1,6
6,121,300.6,1,6
6,134,296.8,1,6
6,135,292.2,1,6
6,144,297.9,1,6
6,145,295.8,1,6
6,14,296.3,1,7
6,15,296.6,1,7
6,30,301.9,1,7
6,31,296.8,1,7
6,46,301.2,1,7
6,47,290.7,1,7
6,62,297.4,1,7
6,63,299.8,1,7
6,78,297.2,1,7
6,79,297.1,1,7
6,94,298.0,1,7
6,95,297.4,1,7
6,108,296.2,1,7
6,109,298.3,1,7
6,122,301.9,1,7
6,123,299.5,1,7
6,136,298.0,1,7
6,137,295.6,1,7
6,146,299.7,1,7
6,147,299.0,1,7
7,150,92.2,1,9
7,151,92.4,1,9
7,148,84.6,1,8
7,149,79.6,1,8
7,0,85.4,1,0
7,1,86.1,1,0
7,16,79.8,1,0
7,17,80.1,1,0
7,32,65.6,1,0
7,33,80.8,1,0
7,48,81.0,1,0
7,49,66.1,1,0
7,64,81.0,1,0
7,65,74.4,1,0
7,80,80.4,1,0
7,81,75.5,1,0
7,2,77.2,1,2
7,3,77.7,1,2
7,18,78.6,1,2
7,19,73.8,1,2
7,34,81.1,1,2
7,35,79.6,1,2
7,50,81.8,1,2
7,51,84.8,1,2
7,66,88.4,1,2
7,67,72.1,1,2
7,82,74.4,1,2
7,83,73.2,1,2
7,96,87.5,1,2
7,97,79.3,1,2
7,110,71.5,1,2
7,111,76.7,1,2
7,124,76.3,1,2
7,125,75.4,1,2
7,4,71.3,1,3
7,5,69.2,1,3
7,20,64.6,1,3
7,21,72.1,1,3
7,36,62.1,1,3
7,37,69.7,1,3
7,52,80.1,1,3
7,53,81.2,1,3
7,68,61.6,1,3
7,69,70.3,1,3
7,84,66.1,1,3
7,85,73.9,1,3
7,98,68.3,1,3
7,99,75.0,1,3
7,112,76.5,1,3
7,113,66.4,1,3
7,126,59.0,1,3
7,127,63.4,1,3
7,6,64.2,1,1
7,7,0.0,1,1
7,22,63.8,1,1
7,23,66.3,1,1
7,38,76.6,1,1
7,39,65.3,1,1
7,54,71.0,1,1
7,55,75.3,1,1
7,70,70.4,1,1
7,71,78.1,1,1
7,86,66.9,1,1
7,87,67.7,1,1
7,100,68.9,1,1
7,101,77.4,1,1
7,114,74.6,1,1
7,115,64.5,1,1
7,128,71.4,1,1
7,129,96.2,1,1
7,138,98.0,1,1
7,139,94.6,1,1
7,8,290.1,1,4
7,9,293.9,1,4
7,24,296.8,1,4
7,25,292.7,1,4
7,40,292.3,1,4
7,41,295.1,1,4
7,56,292.1,1,4
7,57,296.4,1,4
7,72,293.4,1,4
7,73,297.4,1,4
7,88,299.3,1,4
7,89,292.7,1,4
7,102,299.7,1,4
7,103,295.0,1,4
7,116,299.0,1,4
7,117,296.3,1,4
7,130,297.2,1,4
7,131,295.6,1,4
7,140,300.6,1,4
7,141,301.6,1,4
7,10,299.6,1,5
7,11,298.2,1,5
7,26,302.5,1,5
7,27,299.0,1,5
7,42,301.2,1,5
7,43,302.9,1,5
7,58,300.6,1,5
7,59,297.6,1,5
7,74,298.3,1,5
7,75,305.9,1,5
7,90,301.6,1,5
7,91,299.3,1,5
7,104,298.9,1,5
7,105,299.9,1,5
7,118,304.0,1,5
7,119,302.4,1,5
7,132,299.5,1,5
7,133,302.3,1,5
7,142,306.9,1,5
7,143,301.0,1,5
7,12,303.4,1,6
7,13,298.3,1,6
7,28,304.0,1,6
7,29,302.4,1,6
7,44,308.4,1,6
7,45,302.1,1,6
7,60,296.1,1,6
7,61,298.2,1,6
7,76,301.6,1,6
7,77,301.0,1,6
7,92,302.0,1,6
7,93,301.8,1,6
7,106,300.6,1,6
7,107,297.1,1,6
7,120,299.5,1,6
7,121,306.0,1,6
7,134,302.3,1,6
7,135,298.3,1,6
7,144,303.6,1,6
7,145,301.8,1,6
7,14,302.3,1,7
7,15,302.9,1,7
7,30,307.8,1,7
7,31,302.4,1,7
7,46,306.8,1,7
7,47,296.2,1,7
7,62,302.7,1,7
7,63,305.3,1,7
7,78,303.0,1,7
7,79,302.9,1,7
7,94,303.9,1,7
7,95,303.4,1,7
7,108,302.0,1,7
7,109,304.2,1,7
7,122,307.4,1,7
7,123,305.3,1,7
7,136,304.1,1,7
7,137,301.5,1,7
7,146,305.5,1,7
7,147,304.8,1,7
22,150,93.5,1,9
22,151,89.2,1,9
22,148,78.1,1,8
22,149,79.9,1,8
22,0,88.1,1,0
22,1,83.9,1,0
22,16,85.5,1,0
22,17,83.4,1,0
22,32,80.0,1,0
22,33,83.8,1,0
22,48,73.6,1,0
22,49,80.9,1,0
22,64,70.6,1,0
22,65,81.1,1,0
22,80,82.8,1,0
22,81,82.3,1,0
22,2,81.0,1,2
22,3,82.3,1,2
22,18,79.8,1,2
22,19,79.1,1,2
22,34,68.5,1,2
22,35,82.3,1,2
22,50,81.8,1,2
22,51,80.5,1,2
22,66,93.4,1,2
22,67,80.5,1,2
22,82,80.4,1,2
22,83,79.5,1,2
22,96,94.4,1,2
22,97,85.2,1,2
22,110,76.5,1,2
22,111,82.3,1,2
22,124,82.1,1,2
22,125,77.5,1,2
22,4,73.3,1,3
22,5,73.0,1,3
22,20,71.3,1,3
22,21,75.5,1,3
22,36,60.8,1,3
22,37,75.6,1,3
22,52,79.2,1,3
22,53,78.0,1,3
22,68,79.3,1,3
22,69,74.5,1,3
22,84,76.9,1,3
22,85,74.6,1,3
22,98,65.5,1,3
22,99,82.9,1,3
22,112,76.1,1,3
22,113,68.4,1,3
22,126,74.5,1,3
22,127,71.1,1,3
22,6,68.2,1,1
22,7,63.8,1,1
22,22,0.0,1,1
22,23,64.6,1,1
22,38,72.4,1,1
22,39,67.9,1,1
22,54,78.4,1,1
22,55,82.0,1,1
22,70,77.8,1,1
22,71,81.4,1,1
22,86,79.2,1,1
22,87,74.9,1,1
22,100,70.2,1,1
22,101,75.7,1,1
22,114,78.3,1,1
22,115,67.1,1,1
22,128,72.8,1,1
22,129,94.0,1,1
22,138,90.4,1,1
22,139,95.5,1,1
22,8,283.9,1,4
22,9,288.5,1,4
22,24,290.5,1,4
22,25,286.0,1,4
22,40,286.5,1,4
22,41,289.9,1,4
22,56,286.7,1,4
22,57,290.6,1,4
22,72,287.8,1,4
22,73,291.3,1,4
22,88,293.3,1,4
22,89,286.7,1,4
22,102,293.7,1,4
22,103,289.6,1,4
22,116,292.9,1,4
22,117,289.9,1,4
22,130,291.9,1,4
22,131,290.0,1,4
22,140,295.0,1,4
22,141,295.7,1,4
22,10,293.9,1,5
22,11,293.9,1,5
22,26,295.9,1,5
22,27,293.0,1,5
22,42,296.0,1,5
22,43,297.8,1,5
22,58,295.1,1,5
22,59,292.5,1,5
22,74,292.7,1,5
22,75,300.1,1,5
22,90,296.6,1,5
22,91,293.7,1,5
22,104,293.1,1,5
22,105,294.6,1,5
22,118,298.3,1,5
22,119,297.4,1,5
22,132,294.0,1,5
22,133,296.8,1,5
22,142,301.5,1,5
22,143,296.2,1,5
22,12,297.5,1,6
22,13,292.6,1,6
22,28,299.2,1,6
22,29,296.9,1,6
22,44,303.3,1,6
22,45,296.1,1,6
22,60,290.1,1,6
22,61,293.7,1,6
22,76,295.3,1,6
22,77,295.4,1,6
22,92,296.9,1,6
22,93,295.3,1,6
22,106,295.1,1,6
22,107,291.6,1,6
22,120,293.6,1,6
22,121,300.3,1,6
22,134,296.5,1,6
22,135,293.2,1,6
22,144,298.1,1,6
22,145,296.1,1,6
22,14,297.0,1,7
22,15,297.5,1,7
22,30,302.3,1,7
22,31,297.2,1,7
22,46,301.8,1,7
22,47,291.1,1,7
22,62,297.6,1,7
22,63,299.9,1,7
22,78,297.6,1,7
22,79,297.3,1,7
22,94,298.4,1,7
22,95,297.6,1,7
22,108,296.8,1,7
22,109,297.9,1,7
22,122,302.3,1,7
22,123,299.5,1,7
22,136,298.6,1,7
22,137,296.3,1,7
22,146,299.9,1,7
22,147,299.5,1,7
23,150,96.0,1,9
23,151,88.6,1,9
23,148,81.5,1,8
23,149,79.5,1,8
23,0,86.7,1,0
23,1,86.3,1,0
23,16,83.8,1,0
23,17,86.7,1,0
23,32,82.9,1,0
23,33,73.4,1,0
23,48,86.1,1,0
23,49,79.8,1,0
23,64,76.9,1,0
23,65,82.4,1,0
23,80,83.1,1,0
23,81,85.7,1,0
23,2,86.6,1,2
23,3,83.0,1,2
23,18,80.4,1,2
23,19,76.3,1,2
23,34,80.2,1,2
23,35,82.0,1,2
23,50,80.8,1,2
23,51,77.0,1,2
23,66,83.7,1,2
23,67,79.3,1,2
23,82,84.0,1,2
23,83,72.0,1,2
23,96,86.3,1,2
23,97,81.0,1,2
23,110,81.6,1,2
23,111,80.7,1,2
23,124,75.6,1,2
23,125,81.8,1,2
23,4,77.2,1,3
23,5,72.9,1,3
23,20,76.7,1,3
23,21,76.5,1,3
23,36,72.5,1,3
23,37,83.0,1,3
23,52,77.9,1,3
23,53,87.3,1,3
23,68,80.4,1,3
23,69,74.1,1,3
23,84,80.9,1,3
23,85,80.4,1,3
23,98,71.6,1,3
23,99,78.1,1,3
23,112,82.9,1,3
23,113,76.9,1,3
23,126,70.9,1,3
23,127,75.4,1,3
23,6,73.7,1,1
23,7,66.3,1,1
23,22,64.6,1,1
23,23,0.0,1,1
23,38,67.9,1,1
23,39,76.4,1,1
23,54,67.0,1,1
23,55,86.7,1,1
23,70,84.6,1,1
23,71,76.3,1,1
23,86,83.2,1,1
23,87,79.0,1,1
23,100,76.1,1,1
23,101,79.7,1,1
23,114,80.5,1,1
23,115,73.9,1,1
23,128,70.6,1,1
23,129,95.8,1,1
23,138,91.9,1,1
23,139,93.3,1,1
23,8,285.5,1,4
23,9,290.2,1,4
23,24,292.1,1,4
23,25,287.0,1,4
23,40,287.9,1,4
23,41,291.3,1,4
23,56,288.0,1,4
23,57,291.8,1,4
23,72,288.8,1,4
23,73,293.0,1,4
23,88,295.2,1,4
23,89,288.3,1,4
23,102,296.0,1,4
23,103,291.0,1,4
23,116,294.8,1,4
23,117,292.2,1,4
23,130,294.0,1,4
23,131,291.4,1,4
23,140,296.9,1,4
23,141,297.6,1,4
23,10,295.3,1,5
23,11,295.3,1,5
23,26,297.2,1,5
23,27,294.9,1,5
23,42,298.0,1,5
23,43,300.0,1,5
23,58,297.2,1,5
23,59,294.9,1,5
23,74,294.9,1,5
23,75,302.4,1,5
23,90,298.4,1,5
23,91,295.7,1,5
23,104,296.1,1,5
23,105,296.4,1,5
23,118,298.7,1,5
23,119,297.6,1,5
23,132,296.3,1,5
23,133,298.3,1,5
23,142,302.8,1,5
23,143,297.9,1,5
23,12,299.8,1,6
23,13,295.0,1,6
23,28,301.2,1,6
23,29,298.8,1,6
23,44,305.3,1,6
23,45,297.9,1,6
23,60,291.3,1,6
23,61,295.5,1,6
23,76,296.6,1,6
23,77,297.3,1,6
23,92,298.6,1,6
23,93,297.7,1,6
23,106,297.4,1,6
23,107,293.5,1,6
23,120,295.5,1,6
23,121,302.4,1,6
23,134,299.7,1,6
23,135,295.0,1,6
23,144,299.5,1,6
23,145,297.7,1,6
23,14,298.5,1,7
23,15,299.1,1,7
23,30,303.4,1,7
23,31,298.9,1,7
23,46,303.5,1,7
23,47,292.9,1,7
23,62,299.3,1,7
23,63,301.4,1,7
23,78,299.4,1,7
23,79,299.5,1,7
23,94,300.3,1,7
23,95,299.7,1,7
23,108,298.7,1,7
23,109,300.3,1,7
23,122,304.3,1,7
23,123,301.5,1,7
23,136,300.2,1,7
23,137,298.8,1,7
23,146,301.1,1,7
23,147,301.5,1,7
38,150,87.7,1,9
38,151,95.5,1,9
38,148,87.1,1,8
38,149,75.7,1,8
38,0,88.1,1,0
38,1,88.2,1,0
38,16,83.4,1,0
38,17,84.6,1,0
38,32,83.1,1,0
38,33,75.3,1,0
38,48,83.2,1,0
38,49,81.0,1,0
38,64,85.3,1,0
38,65,84.9,1,0
38,80,83.5,1,0
38,81,80.5,1,0
38,2,82.8,1,2
38,3,84.6,1,2
38,18,78.9,1,2
38,19,74.3,1,2
38,34,81.7,1,2
38,35,82.1,1,2
38,50,81.2,1,2
38,51,85.8,1,2
38,66,82.9,1,2
38,67,83.5,1,2
38,82,83.7,1,2
38,83,78.1,1,2
38,96,92.9,1,2
38,97,78.6,1,2
38,110,86.8,1,2
38,111,89.2,1,2
38,124,81.6,1,2
38,125,79.5,1,2
38,4,76.3,1,3
38,5,69.3,1,3
38,20,72.6,1,3
38,21,73.8,1,3
38,36,69.8,1,3
38,37,79.6,1,3
38,52,76.9,1,3
38,53,82.1,1,3
38,68,87.8,1,3
38,69,70.4,1,3
38,84,82.5,1,3
38,85,74.7,1,3
38,98,74.3,1,3
38,99,69.7,1,3
38,112,76.4,1,3
38,113,72.6,1,3
38,126,76.3,1,3
38,127,69.2,1,3
38,6,71.1,1,1
38,7,76.6,1,1
38,22,72.4,1,1
38,23,67.9,1,1
38,38,0.0,1,1
38,39,75.8,1,1
38,54,56.7,1,1
38,55,77.4,1,1
38,70,79.8,1,1
38,71,74.8,1,1
38,86,81.6,1,1
38,87,77.2,1,1
38,100,74.0,1,1
38,101,68.3,1,1
38,114,75.7,1,1
38,115,81.2,1,1
38,128,73.9,1,1
38,129,83.8,1,1
38,138,79.3,1,1
38,139,82.7,1,1
38,8,282.9,1,4
38,9,287.8,1,4
38,24,290.0,1,4
38,25,284.7,1,4
38,40,285.5,1,4
38,41,288.7,1,4
38,56,286.0,1,4
38,57,288.7,1,4
38,72,286.4,1,4
38,73,290.3,1,4
38,88,293.1,1,4
38,89,285.7,1,4
38,102,292.6,1,4
38,103,288.5,1,4
38,116,292.9,1,4
38,117,290.6,1,4
38,130,291.4,1,4
38,131,288.6,1,4
38,140,294.1,1,4
38,141,295.7,1,4
38,10,293.2,1,5
38,11,293.8,1,5
38,26,296.4,1,5
38,27,292.5,1,5
38,42,295.9,1,5
38,43,298.0,1,5
38,58,295.0,1,5
38,59,291.7,1,5
38,74,291.9,1,5
38,75,299.6,1,5
38,90,295.7,1,5
38,91,291.6,1,5
38,104,293.0,1,5
38,105,293.6,1,5
38,118,297.3,1,5
38,119,295.8,1,5
38,132,293.6,1,5
38,133,295.9,1,5
38,142,300.7,1,5
38,143,295.5,1,5
38,12,297.6,1,6
38,13,292.3,1,6
38,28,299.5,1,6
38,29,296.7,1,6
38,44,303.3,1,6
38,45,295.9,1,6
38,60,288.4,1,6
38,61,292.9,1,6
38,76,294.9,1,6
38,77,294.9,1,6
38,92,296.2,1,6
38,93,295.2,1,6
38,106,294.6,1,6
38,107,290.9,1,6
38,120,292.7,1,6
38,121,300.6,1,6
38,134,296.5,1,6
38,135,292.1,1,6
38,144,296.8,1,6
38,145,295.3,1,6
38,14,296.1,1,7
38,15,297.1,1,7
38,30,301.6,1,7
38,31,296.9,1,7
38,46,301.2,1,7
38,47,290.8,1,7
38,62,297.0,1,7
38,63,299.9,1,7
38,78,297.0,1,7
38,79,297.4,1,7
38,94,298.1,1,7
38,95,297.6,1,7
38,108,295.8,1,7
38,109,298.0,1,7
38,122,302.1,1,7
38,123,299.1,1,7
38,136,297.9,1,7
38,137,296.9,1,7
38,146,299.4,1,7
38,147,299.5,1,7
39,150,92.1,1,9
39,151,90.0,1,9
39,148,76.6,1,8
39,149,85.1,1,8
39,0,88.5,1,0
39,1,85.1,1,0
39,16,88.0,1,0
39,17,88.9,1,0
39,32,79.7,1,0
39,33,83.0,1,0
39,48,79.9,1,0
39,49,82.3,1,0
39,64,83.7,1,0
39,65,80.5,1,0
39,80,79.2,1,0
39,81,79.5,1,0
39,2,84.2,1,2
39,3,79.7,1,2
39,18,75.6,1,2
39,19,81.5,1,2
39,34,80.1,1,2
39,35,81.5,1,2
39,50,77.1,1,2
39,51,90.1,1,2
39,66,93.8,1,2
39,67,80.9,1,2
39,82,77.4,1,2
39,83,83.2,1,2
39,96,90.2,1,2
39,97,81.2,1,2
39,110,81.3,1,2
39,111,83.5,1,2
39,124,81.5,1,2
39,125,82.1,1,2
39,4,71.7,1,3
39,5,75.2,1,3
39,20,67.1,1,3
39,21,73.4,1,3
39,36,62.1,1,3
39,37,73.4,1,3
39,52,80.1,1,3
39,53,74.3,1,3
39,68,74.7,1,3
39,69,72.5,1,3
39,84,69.4,1,3
39,85,68.7,1,3
39,98,69.4,1,3
39,99,74.4,1,3
39,112,68.8,1,3
39,113,66.8,1,3
39,126,73.0,1,3
39,127,70.3,1,3
39,6,71.8,1,1
39,7,65.3,1,1
39,22,67.9,1,1
39,23,76.4,1,1
39,38,75.8,1,1
39,39,0.0,1,1
39,54,61.1,1,1
39,55,66.6,1,1
39,70,63.4,1,1
39,71,70.5,1,1
39,86,67.6,1,1
39,87,64.0,1,1
39,100,65.1,1,1
39,101,67.8,1,1
39,114,69.9,1,1
39,115,64.4,1,1
39,128,69.5,1,1
39,129,90.3,1,1
39,138,88.2,1,1
39,139,87.5,1,1
39,8,286.8,1,4
39,9,292.4,1,4
39,24,294.7,1,4
39,25,290.5,1,4
39,40,289.9,1,4
39,41,293.1,1,4
39,56,290.1,1,4
39,57,293.5,1,4
39,72,291.1,1,4
39,73,294.7,1,4
39,88,296.7,1,4
39,89,290.4,1,4
39,102,297.1,1,4
39,103,292.9,1,4
39,116,296.2,1,4
39,117,294.0,1,4
39,130,294.7,1,4
39,131,293.0,1,4
39,140,298.6,1,4
39,141,299.4,1,4
39,10,297.1,1,5
39,11,297.1,1,5
39,26,300.4,1,5
39,27,296.8,1,5
39,42,299.3,1,5
39,43,301.6,1,5
39,58,298.4,1,5
39,59,294.9,1,5
39,74,295.6,1,5
39,75,303.3,1,5
39,90,299.3,1,5
39,91,295.7,1,5
39,104,295.8,1,5
39,105,296.9,1,5
39,118,301.8,1,5
39,119,300.7,1,5
39,132,296.8,1,5
39,133,300.0,1,5
39,142,304.4,1,5
39,143,299.0,1,5
39,12,301.1,1,6
39,13,296.8,1,6
39,28,302.3,1,6
39,29,300.8,1,6
39,44,306.3,1,6
39,45,300.2,1,6
39,60,294.1,1,6
39,61,296.9,1,6
39,76,299.9,1,6
39,77,298.6,1,6
39,92,300.7,1,6
39,93,299.4,1,6
39,106,298.2,1,6
39,107,294.9,1,6
39,120,297.8,1,6
39,121,304.9,1,6
39,134,300.0,1,6
39,135,295.7,1,6
39,144,301.8,1,6
39,145,299.7,1,6
39,14,300.1,1,7
39,15,301.3,1,7
39,30,306.3,1,7
39,31,300.9,1,7
39,46,304.7,1,7
39,47,294.2,1,7
39,62,301.2,1,7
39,63,304.0,1,7
39,78,301.5,1,7
39,79,301.2,1,7
39,94,301.9,1,7
39,95,301.0,1,7
39,108,299.9,1,7
39,109,302.4,1,7
39,122,305.9,1,7
39,123,303.1,1,7
39,136,301.9,1,7
39,137,300.5,1,7
39,146,303.6,1,7
39,147,303.6,1,7
54,150,90.2,1,9
54,151,93.5,1,9
54,148,88.3,1,8
54,149,77.2,1,8
54,0,86.2,1,0
54,1,89.0,1,0
54,16,81.4,1,0
54,17,88.5,1,0
54,32,82.5,1,0
54,33,76.3,1,0
54,48,87.3,1,0
54,49,81.8,1,0
54,64,86.7,1,0
54,65,82.8,1,0
54,80,78.8,1,0
54,81,83.1,1,0
54,2,88.7,1,2
54,3,77.0,1,2
54,18,77.9,1,2
54,19,71.7,1,2
54,34,83.1,1,2
54,35,76.9,1,2
54,50,81.7,1,2
54,51,84.2,1,2
54,66,83.2,1,2
54,67,79.4,1,2
54,82,79.8,1,2
54,83,76.6,1,2
54,96,89.4,1,2
54,97,75.8,1,2
54,110,84.0,1,2
54,111,85.5,1,2
54,124,80.4,1,2
54,125,85.1,1,2
54,4,74.6,1,3
54,5,66.4,1,3
54,20,73.2,1,3
54,21,72.4,1,3
54,36,68.6,1,3
54,37,78.1,1,3
54,52,71.9,1,3
54,53,81.0,1,3
54,68,81.2,1,3
54,69,71.2,1,3
54,84,74.3,1,3
54,85,73.8,1,3
54,98,70.2,1,3
54,99,69.1,1,3
54,112,75.8,1,3
54,113,72.6,1,3
54,126,73.8,1,3
54,127,73.2,1,3
54,6,72.8,1,1
54,7,71.0,1,1
54,22,78.4,1,1
54,23,67.0,1,1
54,38,56.7,1,1
54,39,61.1,1,1
54,54,0.0,1,1
54,55,66.1,1,1
54,70,65.0,1,1
54,71,68.4,1,1
54,86,66.9,1,1
54,87,61.7,1,1
54,100,67.2,1,1
54,101,72.8,1,1
54,114,70.2,1,1
54,115,73.1,1,1
54,128,69.9,1,1
54,129,87.5,1,1
54,138,86.0,1,1
54,139,81.7,1,1
54,8,284.3,1,4
54,9,289.2,1,4
54,24,291.9,1,4
54,25,286.9,1,4
54,40,286.8,1,4
54,41,290.1,1,4
54,56,287.2,1,4
54,57,290.8,1,4
54,72,288.2,1,4
54,73,292.1,1,4
54,88,294.2,1,4
54,89,287.3,1,4
54,102,294.6,1,4
54,103,290.0,1,4
54,116,294.2,1,4
54,117,292.0,1,4
54,130,293.0,1,4
54,131,290.5,1,4
54,140,295.7,1,4
54,141,296.9,1,4
54,10,294.2,1,5
54,11,294.7,1,5
54,26,297.8,1,5
54,27,294.3,1,5
54,42,296.7,1,5
54,43,298.9,1,5
54,58,295.6,1,5
54,59,292.1,1,5
54,74,293.0,1,5
54,75,300.5,1,5
54,90,296.8,1,5
54,91,293.6,1,5
54,104,294.0,1,5
54,105,294.7,1,5
54,118,297.9,1,5
54,119,296.7,1,5
54,132,294.6,1,5
54,133,296.8,1,5
54,142,302.0,1,5
54,143,296.2,1,5
54,12,298.9,1,6
54,13,294.2,1,6
54,28,300.3,1,6
54,29,298.1,1,6
54,44,304.1,1,6
54,45,297.4,1,6
54,60,290.2,1,6
54,61,293.8,1,6
54,76,297.0,1,6
54,77,296.3,1,6
54,92,297.5,1,6
54,93,296.8,1,6
54,106,296.1,1,6
54,107,292.6,1,6
54,120,295.3,1,6
54,121,302.4,1,6
54,134,297.9,1,6
54,135,293.1,1,6
54,144,298.7,1,6
54,145,296.8,1,6
54,14,297.1,1,7
54,15,298.4,1,7
54,30,302.9,1,7
54,31,298.3,1,7
54,46,302.0,1,7
54,47,291.7,1,7
54,62,298.4,1,7
54,63,301.6,1,7
54,78,298.7,1,7
54,79,298.8,1,7
54,94,299.1,1,7
54,95,299.0,1,7
54,108,297.5,1,7
54,109,300.2,1,7
54,122,303.6,1,7
54,123,300.6,1,7
54,136,298.9,1,7
54,137,298.1,1,7
54,146,301.0,1,7
54,147,300.9,1,7
55,150,88.2,1,9
55,151,93.8,1,9
55,148,91.8,1,8
55,149,85.7,1,8
55,0,83.1,1,0
55,1,92.0,1,0
55,16,88.7,1,0
55,17,85.9,1,0
55,32,82.1,1,0
55,33,89.9,1,0
55,48,88.3,1,0
55,49,83.9,1,0
55,64,91.6,1,0
55,65,87.8,1,0
55,80,78.0,1,0
55,81,86.4,1,0
55,2,93.6,1,2
55,3,83.9,1,2
55,18,82.5,1,2
55,19,74.3,1,2
55,34,86.6,1,2
55,35,85.7,1,2
55,50,89.4,1,2
55,51,94.3,1,2
55,66,96.0,1,2
55,67,85.2,1,2
55,82,85.9,1,2
55,83,89.6,1,2
55,96,97.5,1,2
55,97,84.9,1,2
55,110,85.2,1,2
55,111,90.0,1,2
55,124,85.5,1,2
55,125,85.8,1,2
55,4,74.7,1,3
55,5,79.0,1,3
55,20,74.1,1,3
55,21,69.2,1,3
55,36,69.2,1,3
55,37,77.6,1,3
55,52,84.9,1,3
55,53,75.4,1,3
55,68,81.4,1,3
55,69,77.1,1,3
55,84,79.8,1,3
55,85,76.3,1,3
55,98,73.8,1,3
55,99,81.4,1,3
55,112,73.1,1,3
55,113,73.2,1,3
55,126,76.7,1,3
55,127,74.3,1,3
55,6,79.7,1,1
55,7,75.3,1,1
55,22,82.0,1,1
55,23,86.7,1,1
55,38,77.4,1,1
55,39,66.6,1,1
55,54,66.1,1,1
55,55,0.0,1,1
55,70,50.1,1,1
55,71,71.8,1,1
55,86,70.3,1,1
55,87,69.6,1,1
55,100,72.0,1,1
55,101,70.3,1,1
55,114,69.5,1,1
55,115,78.3,1,1
55,128,58.3,1,1
55,129,93.4,1,1
55,138,85.4,1,1
55,139,87.9,1,1
55,8,282.3,1,4
55,9,287.3,1,4
55,24,290.1,1,4
55,25,286.2,1,4
55,40,285.1,1,4
55,41,288.1,1,4
55,56,285.4,1,4
55,57,288.9,1,4
55,72,286.0,1,4
55,73,289.8,1,4
55,88,291.1,1,4
55,89,284.1,1,4
55,102,292.1,1,4
55,103,288.4,1,4
55,116,292.4,1,4
55,117,289.1,1,4
55,130,289.6,1,4
55,131,288.8,1,4
55,140,294.0,1,4
55,141,294.9,1,4
55,10,292.3,1,5
55,11,292.3,1,5
55,26,296.0,1,5
55,27,292.2,1,5
55,42,294.4,1,5
55,43,297.1,1,5
55,58,293.8,1,5
55,59,289.1,1,5
55,74,291.4,1,5
55,75,298.3,1,5
55,90,294.8,1,5
55,91,291.3,1,5
55,104,291.0,1,5
55,105,292.4,1,5
55,118,297.8,1,5
55,119,296.3,1,5
55,132,292.2,1,5
55,133,294.2,1,5
55,142,300.7,1,5
55,143,293.6,1,5
55,12,296.8,1,6
55,13,292.2,1,6
55,28,297.8,1,6
55,29,296.1,1,6
55,44,301.3,1,6
55,45,295.6,1,6
55,60,288.5,1,6
55,61,290.6,1,6
55,76,294.7,1,6
55,77,294.0,1,6
55,92,295.5,1,6
55,93,294.3,1,6
55,106,293.0,1,6
55,107,289.2,1,6
55,120,292.8,1,6
55,121,300.1,1,6
55,134,294.1,1,6
55,135,290.1,1,6
55,144,297.4,1,6
55,145,295.1,1,6
55,14,294.9,1,7
55,15,296.5,1,7
55,30,301.5,1,7
55,31,296.4,1,7
55,46,299.5,1,7
55,47,287.5,1,7
55,62,296.0,1,7
55,63,299.8,1,7
55,78,296.8,1,7
55,79,296.8,1,7
55,94,297.4,1,7
55,95,297.2,1,7
55,108,295.0,1,7
55,109,298.3,1,7
55,122,301.7,1,7
55,123,298.6,1,7
55,136,297.4,1,7
55,137,295.7,1,7
55,146,298.8,1,7
55,147,298.6,1,7
70,150,92.8,1,9
70,151,94.8,1,9
70,148,90.4,1,8
70,149,84.7,1,8
70,0,89.6,1,0
70,1,91.2,1,0
70,16,86.4,1,0
70,17,85.6,1,0
70,32,82.6,1,0
70,33,86.4,1,0
70,48,84.1,1,0
70,49,79.6,1,0
70,64,87.2,1,0
70,65,84.9,1,0
70,80,69.6,1,0
70,81,78.2,1,0
70,2,85.2,1,2
70,3,80.2,1,2
70,18,76.2,1,2
70,19,75.7,1,2
70,34,83.7,1,2
70,35,81.7,1,2
70,50,81.6,1,2
70,51,90.0,1,2
70,66,95.3,1,2
70,67,74.2,1,2
70,82,81.4,1,2
70,83,84.0,1,2
70,96,92.6,1,2
70,97,82.5,1,2
70,110,75.2,1,2
70,111,86.4,1,2
70,124,80.2,1,2
70,125,76.9,1,2
70,4,71.4,1,3
70,5,75.3,1,3
70,20,72.7,1,3
70,21,64.6,1,3
70,36,65.4,1,3
70,37,71.3,1,3
70,52,84.9,1,3
70,53,73.0,1,3
70,68,72.9,1,3
70,69,73.6,1,3
70,84,72.7,1,3
70,85,75.5,1,3
70,98,78.5,1,3
70,99,85.2,1,3
70,112,66.3,1,3
70,113,74.0,1,3
70,126,74.4,1,3
70,127,61.6,1,3
70,6,77.6,1,1
70,7,70.4,1,1
70,22,77.8,1,1
70,23,84.6,1,1
70,38,79.8,1,1
70,39,63.4,1,1
70,54,65.0,1,1
70,55,50.1,1,1
70,70,0.0,1,1
70,71,75.2,1,1
70,86,65.7,1,1
70,87,54.6,1,1
70,100,70.3,1,1
70,101,71.2,1,1
70,114,73.0,1,1
70,115,72.7,1,1
70,128,70.7,1,1
70,129,91.1,1,1
70,138,82.7,1,1
70,139,92.7,1,1
70,8,284.7,1,4
70,9,289.4,1,4
70,24,292.1,1,4
70,25,288.0,1,4
70,40,287.5,1,4
70,41,290.6,1,4
70,56,287.7,1,4
70,57,290.9,1,4
70,72,287.9,1,4
70,73,292.0,1,4
70,88,293.9,1,4
70,89,287.4,1,4
70,102,294.3,1,4
70,103,289.6,1,4
70,116,293.7,1,4
70,117,291.0,1,4
70,130,291.2,1,4
70,131,290.5,1,4
70,140,295.8,1,4
70,141,296.5,1,4
70,10,294.4,1,5
70,11,293.6,1,5
70,26,297.6,1,5
70,27,294.0,1,5
70,42,296.6,1,5
70,43,298.9,1,5
70,58,295.6,1,5
70,59,292.0,1,5
70,74,293.2,1,5
70,75,300.5,1,5
70,90,296.8,1,5
70,91,293.3,1,5
70,104,292.6,1,5
70,105,294.3,1,5
70,118,299.4,1,5
70,119,297.9,1,5
70,132,294.3,1,5
70,133,296.9,1,5
70,142,302.4,1,5
70,143,296.2,1,5
70,12,298.5,1,6
70,13,293.7,1,6
70,28,298.6,1,6
70,29,297.6,1,6
70,44,303.5,1,6
70,45,297.1,1,6
70,60,289.8,1,6
70,61,291.5,1,6
70,76,296.7,1,6
70,77,295.5,1,6
70,92,297.1,1,6
70,93,295.9,1,6
70,106,294.6,1,6
70,107,291.6,1,6
70,120,294.8,1,6
70,121,301.6,1,6
70,134,296.7,1,6
70,135,292.1,1,6
70,144,298.9,1,6
70,145,296.6,1,6
70,14,296.7,1,7
70,15,298.1,1,7
70,30,302.9,1,7
70,31,297.5,1,7
70,46,301.5,1,7
70,47,289.3,1,7
70,62,298.0,1,7
70,63,301.1,1,7
70,78,298.2,1,7
70,79,298.2,1,7
70,94,298.8,1,7
70,95,298.8,1,7
70,108,296.9,1,7
70,109,299.6,1,7
70,122,303.1,1,7
70,123,300.5,1,7
70,136,299.3,1,7
70,137,297.1,1,7
70,146,300.9,1,7
70,147,300.1,1,7
71,150,82.7,1,9
71,151,85.6,1,9
71,148,87.8,1,8
71,149,80.1,1,8
71,0,83.5,1,0
71,1,86.2,1,0
71,16,83.5,1,0
71,17,82.5,1,0
71,32,81.7,1,0
71,33,86.3,1,0
71,48,88.1,1,0
71,49,89.3,1,0
71,64,90.9,1,0
71,65,84.7,1,0
71,80,84.9,1,0
71,81,80.2,1,0
71,2,88.0,1,2
71,3,78.3,1,2
71,18,77.9,1,2
71,19,79.6,1,2
71,34,82.6,1,2
71,35,82.6,1,2
71,50,85.1,1,2
71,51,87.6,1,2
71,66,84.4,1,2
71,67,80.4,1,2
71,82,80.8,1,2
71,83,81.5,1,2
71,96,90.9,1,2
71,97,73.3,1,2
71,110,88.4,1,2
71,111,90.1,1,2
71,124,83.4,1,2
71,125,81.6,1,2
71,4,76.9,1,3
71,5,77.8,1,3
71,20,77.5,1,3
71,21,76.0,1,3
71,36,74.7,1,3
71,37,84.7,1,3
71,52,85.5,1,3
71,53,87.8,1,3
71,68,89.2,1,3
71,69,77.5,1,3
71,84,81.1,1,3
71,85,77.6,1,3
71,98,81.5,1,3
71,99,77.0,1,3
71,112,86.1,1,3
71,113,78.5,1,3
71,126,80.4,1,3
71,127,78.2,1,3
71,6,73.4,1,1
71,7,78.1,1,1
71,22,81.4,1,1
71,23,76.3,1,1
71,38,74.8,1,1
71,39,70.5,1,1
71,54,68.4,1,1
71,55,71.8,1,1
71,70,75.2,1,1
71,71,0.0,1,1
71,86,75.5,1,1
71,87,75.7,1,1
71,100,72.2,1,1
71,101,82.8,1,1
71,114,78.6,1,1
71,115,81.0,1,1
71,128,72.1,1,1
71,129,75.2,1,1
71,138,84.3,1,1
71,139,77.7,1,1
71,8,280.0,1,4
71,9,284.3,1,4
71,24,287.2,1,4
71,25,282.1,1,4
71,40,282.7,1,4
71,41,285.6,1,4
71,56,283.0,1,4
71,57,286.7,1,4
71,72,284.3,1,4
71,73,287.8,1,4
71,88,289.8,1,4
71,89,282.7,1,4
71,102,290.9,1,4
71,103,286.4,1,4
71,116,290.6,1,4
71,117,288.1,1,4
71,130,289.1,1,4
71,131,286.5,1,4
71,140,291.3,1,4
71,141,293.1,1,4
71,10,291.0,1,5
71,11,291.0,1,5
71,26,293.6,1,5
71,27,290.4,1,5
71,42,292.5,1,5
71,43,294.8,1,5
71,58,292.3,1,5
71,59,288.7,1,5
71,74,289.7,1,5
71,75,297.0,1,5
71,90,293.3,1,5
71,91,290.1,1,5
71,104,290.5,1,5
71,105,289.2,1,5
71,118,294.8,1,5
71,119,293.7,1,5
71,132,289.6,1,5
71,133,293.1,1,5
71,142,298.4,1,5
71,143,292.3,1,5
71,12,295.0,1,6
71,13,289.5,1,6
71,28,296.7,1,6
71,29,293.4,1,6
71,44,300.2,1,6
71,45,293.0,1,6
71,60,286.5,1,6
71,61,290.2,1,6
71,76,290.5,1,6
71,77,292.3,1,6
71,92,293.6,1,6
71,93,292.2,1,6
71,106,291.8,1,6
71,107,287.3,1,6
71,120,290.4,1,6
71,121,297.7,1,6
71,134,293.3,1,6
71,135,289.4,1,6
71,144,295.1,1,6
71,145,293.0,1,6
71,14,293.8,1,7
71,15,294.9,1,7
71,30,299.8,1,7
71,31,294.6,1,7
71,46,298.5,1,7
71,47,287.9,1,7
71,62,293.8,1,7
71,63,297.2,1,7
71,78,294.7,1,7
71,79,294.6,1,7
71,94,295.5,1,7
71,95,294.9,1,7
71,108,293.6,1,7
71,109,295.9,1,7
71,122,299.6,1,7
71,123,296.3,1,7
71,136,294.6,1,7
71,137,294.1,1,7
71,146,297.2,1,7
71,147,296.9,1,7
86,150,92.2,1,9
86,151,100.5,1,9
86,148,91.7,1,8
86,149,90.2,1,8
86,0,90.7,1,0
86,1,95.1,1,0
86,16,93.2,1,0
86,17,84.8,1,0
86,32,80.1,1,0
86,33,86.4,1,0
86,48,88.6,1,0
86,49,84.6,1,0
86,64,89.4,1,0
86,65,86.3,1,0
86,80,86.0,1,0
86,81,84.6,1,0
86,2,84.9,1,2
86,3,81.9,1,2
86,18,82.4,1,2
86,19,82.6,1,2
86,34,81.7,1,2
86,35,87.8,1,2
86,50,90.7,1,2
86,51,83.9,1,2
86,66,98.8,1,2
86,67,83.0,1,2
86,82,81.9,1,2
86,83,86.7,1,2
86,96,82.3,1,2
86,97,83.8,1,2
86,110,74.5,1,2
86,111,85.1,1,2
86,124,82.0,1,2
86,125,83.4,1,2
86,4,69.1,1,3
86,5,81.7,1,3
86,20,74.7,1,3
86,21,71.5,1,3
86,36,66.8,1,3
86,37,76.1,1,3
86,52,91.7,1,3
86,53,85.4,1,3
86,68,82.4,1,3
86,69,80.0,1,3
86,84,73.3,1,3
86,85,77.9,1,3
86,98,79.6,1,3
86,99,86.2,1,3
86,112,76.9,1,3
86,113,74.7,1,3
86,126,79.8,1,3
86,127,76.9,1,3
86,6,79.1,1,1
86,7,66.9,1,1
86,22,79.2,1,1
86,23,83.2,1,1
86,38,81.6,1,1
86,39,67.6,1,1
86,54,66.9,1,1
86,55,70.3,1,1
86,70,65.7,1,1
86,71,75.5,1,1
86,86,0.0,1,1
86,87,69.9,1,1
86,100,71.7,1,1
86,101,71.4,1,1
86,114,72.1,1,1
86,115,65.8,1,1
86,128,79.0,1,1
86,129,95.2,1,1
86,138,93.8,1,1
86,139,94.0,1,1
86,8,285.6,1,4
86,9,290.2,1,4
86,24,292.9,1,4
86,25,289.0,1,4
86,40,288.2,1,4
86,41,290.8,1,4
86,56,288.2,1,4
86,57,292.5,1,4
86,72,289.6,1,4
86,73,293.5,1,4
86,88,294.8,1,4
86,89,289.0,1,4
86,102,295.6,1,4
86,103,290.8,1,4
86,116,295.6,1,4
86,117,292.7,1,4
86,130,293.6,1,4
86,131,290.0,1,4
86,140,296.2,1,4
86,141,297.8,1,4
86,10,294.8,1,5
86,11,296.0,1,5
86,26,299.1,1,5
86,27,295.7,1,5
86,42,296.4,1,5
86,43,300.0,1,5
86,58,296.6,1,5
86,59,292.2,1,5
86,74,294.0,1,5
86,75,301.0,1,5
86,90,297.0,1,5
86,91,293.5,1,5
86,104,294.1,1,5
86,105,294.9,1,5
86,118,300.6,1,5
86,119,297.3,1,5
86,132,294.4,1,5
86,133,297.4,1,5
86,142,303.5,1,5
86,143,295.3,1,5
86,12,299.5,1,6
86,13,295.2,1,6
86,28,300.9,1,6
86,29,299.4,1,6
86,44,304.4,1,6
86,45,298.2,1,6
86,60,292.0,1,6
86,61,294.7,1,6
86,76,297.8,1,6
86,77,296.7,1,6
86,92,298.4,1,6
86,93,296.7,1,6
86,106,296.3,1,6
86,107,293.1,1,6
86,120,296.6,1,6
86,121,302.8,1,6
86,134,297.3,1,6
86,135,293.5,1,6
86,144,299.6,1,6
86,145,297.5,1,6
86,14,298.2,1,7
86,15,299.6,1,7
86,30,304.5,1,7
86,31,299.6,1,7
86,46,303.0,1,7
86,47,292.3,1,7
86,62,298.1,1,7
86,63,302.4,1,7
86,78,299.9,1,7
86,79,299.4,1,7
86,94,300.1,1,7
86,95,299.8,1,7
86,108,298.1,1,7
86,109,301.4,1,7
86,122,304.2,1,7
86,123,301.2,1,7
86,136,300.2,1,7
86,137,299.3,1,7
86,146,302.7,1,7
86,147,302.2,1,7
87,150,92.8,1,9
87,151,94.3,1,9
87,148,88.1,1,8
87,149,82.1,1,8
87,0,84.4,1,0
87,1,85.3,1,0
87,16,84.5,1,0
87,17,87.2,1,0
87,32,81.8,1,0
87,33,81.3,1,0
87,48,80.6,1,0
87,49,77.4,1,0
87,64,84.8,1,0
87,65,79.2,1,0
87,80,73.4,1,0
87,81,74.4,1,0
87,2,79.3,1,2
87,3,80.7,1,2
87,18,74.3,1,2
87,19,78.7,1,2
87,34,84.8,1,2
87,35,74.7,1,2
87,50,80.7,1,2
87,51,87.6,1,2
87,66,88.1,1,2
87,67,73.6,1,2
87,82,76.3,1,2
87,83,74.7,1,2
87,96,91.4,1,2
87,97,80.4,1,2
87,110,79.0,1,2
87,111,83.5,1,2
87,124,79.7,1,2
87,125,77.3,1,2
87,4,69.7,1,3
87,5,69.9,1,3
87,20,65.1,1,3
87,21,70.1,1,3
87,36,61.9,1,3
87,37,73.1,1,3
87,52,85.2,1,3
87,53,82.4,1,3
87,68,74.6,1,3
87,69,71.7,1,3
87,84,62.2,1,3
87,85,76.8,1,3
87,98,75.8,1,3
87,99,81.5,1,3
87,112,70.8,1,3
87,113,62.3,1,3
87,126,68.9,1,3
87,127,56.0,1,3
87,6,70.7,1,1
87,7,67.7,1,1
87,22,74.9,1,1
87,23,79.0,1,1
87,38,77.2,1,1
87,39,64.0,1,1
87,54,61.7,1,1
87,55,69.6,1,1
87,70,54.6,1,1
87,71,75.7,1,1
87,86,69.9,1,1
87,87,0.0,1,1
87,100,57.2,1,1
87,101,72.5,1,1
87,114,71.9,1,1
87,115,68.2,1,1
87,128,69.0,1,1
87,129,90.8,1,1
87,138,88.8,1,1
87,139,90.9,1,1
87,8,286.6,1,4
87,9,291.1,1,4
87,24,293.5,1,4
87,25,289.6,1,4
87,40,288.3,1,4
87,41,292.2,1,4
87,56,289.2,1,4
87,57,292.2,1,4
87,72,290.1,1,4
87,73,293.2,1,4
87,88,296.0,1,4
87,89,289.1,1,4
87,102,294.9,1,4
87,103,290.0,1,4
87,116,295.4,1,4
87,117,292.7,1,4
87,130,294.3,1,4
87,131,292.6,1,4
87,140,297.2,1,4
87,141,297.9,1,4
87,10,295.8,1,5
87,11,295.3,1,5
87,26,299.3,1,5
87,27,295.0,1,5
87,42,297.9,1,5
87,43,299.9,1,5
87,58,296.9,1,5
87,59,293.5,1,5
87,74,294.1,1,5
87,75,301.7,1,5
87,90,297.9,1,5
87,91,295.4,1,5
87,104,294.2,1,5
87,105,296.0,1,5
87,118,300.6,1,5
87,119,298.8,1,5
87,132,296.3,1,5
87,133,298.6,1,5
87,142,303.3,1,5
87,143,297.5,1,5
87,12,299.7,1,6
87,13,294.7,1,6
87,28,299.6,1,6
87,29,298.9,1,6
87,44,304.8,1,6
87,45,298.5,1,6
87,60,292.6,1,6
87,61,293.8,1,6
87,76,298.1,1,6
87,77,297.6,1,6
87,92,298.2,1,6
87,93,297.9,1,6
87,106,296.4,1,6
87,107,293.4,1,6
87,120,295.9,1,6
87,121,302.4,1,6
87,134,298.5,1,6
87,135,294.6,1,6
87,144,300.0,1,6
87,145,298.1,1,6
87,14,298.4,1,7
87,15,299.4,1,7
87,30,304.1,1,7
87,31,298.7,1,7
87,46,303.0,1,7
87,47,291.8,1,7
87,62,299.6,1,7
87,63,302.1,1,7
87,78,299.7,1,7
87,79,298.7,1,7
87,94,299.2,1,7
87,95,299.7,1,7
87,108,297.8,1,7
87,109,300.4,1,7
87,122,303.9,1,7
87,123,301.6,1,7
87,136,300.6,1,7
87,137,298.3,1,7
87,146,302.0,1,7
87,147,301.0,1,7
100,150,87.7,1,9
100,151,94.6,1,9
100,148,86.5,1,8
100,149,82.3,1,8
100,0,87.2,1,0
100,1,83.1,1,0
100,16,84.8,1,0
100,17,77.2,1,0
100,32,82.2,1,0
100,33,78.2,1,0
100,48,82.0,1,0
100,49,76.4,1,0
100,64,74.9,1,0
100,65,82.4,1,0
100,80,76.3,1,0
100,81,76.2,1,0
100,2,76.4,1,2
100,3,79.0,1,2
100,18,74.3,1,2
100,19,78.1,1,2
100,34,74.7,1,2
100,35,77.3,1,2
100,50,77.3,1,2
100,51,79.8,1,2
100,66,83.9,1,2
100,67,80.4,1,2
100,82,76.3,1,2
100,83,75.6,1,2
100,96,92.2,1,2
100,97,75.5,1,2
100,110,82.1,1,2
100,111,84.9,1,2
100,124,74.6,1,2
100,125,73.6,1,2
100,4,69.2,1,3
100,5,74.1,1,3
100,20,64.9,1,3
100,21,66.8,1,3
100,36,59.6,1,3
100,37,77.4,1,3
100,52,85.4,1,3
100,53,79.5,1,3
100,68,77.1,1,3
100,69,76.1,1,3
100,84,77.0,1,3
100,85,73.0,1,3
100,98,71.6,1,3
100,99,80.3,1,3
100,112,73.9,1,3
100,113,67.5,1,3
100,126,71.6,1,3
100,127,70.9,1,3
100,6,62.1,1,1
100,7,68.9,1,1
100,22,70.2,1,1
100,23,76.1,1,1
100,38,74.0,1,1
100,39,65.1,1,1
100,54,67.2,1,1
100,55,72.0,1,1
100,70,70.3,1,1
100,71,72.2,1,1
100,86,71.7,1,1
100,87,57.2,1,1
100,100,0.0,1,1
100,101,63.1,1,1
100,114,66.1,1,1
100,115,65.5,1,1
100,128,68.3,1,1
100,129,92.4,1,1
100,138,88.5,1,1
100,139,89.9,1,1
100,8,289.3,1,4
100,9,293.3,1,4
100,24,295.7,1,4
100,25,291.6,1,4
100,40,291.1,1,4
100,41,294.3,1,4
100,56,291.3,1,4
100,57,295.2,1,4
100,72,292.5,1,4
100,73,296.0,1,4
100,88,298.5,1,4
100,89,291.8,1,4
100,102,298.2,1,4
100,103,293.4,1,4
100,116,296.8,1,4
100,117,295.4,1,4
100,130,297.0,1,4
100,131,294.8,1,4
100,140,298.8,1,4
100,141,299.4,1,4
100,10,298.4,1,5
100,11,298.7,1,5
100,26,301.5,1,5
100,27,297.8,1,5
100,42,300.1,1,5
100,43,301.0,1,5
100,58,298.6,1,5
100,59,296.7,1,5
100,74,296.7,1,5
100,75,303.4,1,5
100,90,299.8,1,5
100,91,298.4,1,5
100,104,297.7,1,5
100,105,298.4,1,5
100,118,302.4,1,5
100,119,300.8,1,5
100,132,298.7,1,5
100,133,300.7,1,5
100,142,305.6,1,5
100,143,299.7,1,5
100,12,301.9,1,6
100,13,297.1,1,6
100,28,302.6,1,6
100,29,301.0,1,6
100,44,307.2,1,6
100,45,300.9,1,6
100,60,295.3,1,6
100,61,298.2,1,6
100,76,300.4,1,6
100,77,299.9,1,6
100,92,301.3,1,6
100,93,300.6,1,6
100,106,299.0,1,6
100,107,296.1,1,6
100,120,298.6,1,6
100,121,305.0,1,6
100,134,301.5,1,6
100,135,297.8,1,6
100,144,302.3,1,6
100,145,300.4,1,6
100,14,300.9,1,7
100,15,301.6,1,7
100,30,305.8,1,7
100,31,301.5,1,7
100,46,305.9,1,7
100,47,295.9,1,7
100,62,301.9,1,7
100,63,304.3,1,7
100,78,302.4,1,7
100,79,301.6,1,7
100,94,302.0,1,7
100,95,301.4,1,7
100,108,300.6,1,7
100,109,302.8,1,7
100,122,306.4,1,7
100,123,303.8,1,7
100,136,302.8,1,7
100,137,300.6,1,7
100,146,304.5,1,7
100,147,303.5,1,7
101,150,92.5,1,9
101,151,101.5,1,9
101,148,85.4,1,8
101,149,90.4,1,8
101,0,93.8,1,0
101,1,95.6,1,0
101,16,94.3,1,0
101,17,78.8,1,0
101,32,86.5,1,0
101,33,81.3,1,0
101,48,85.0,1,0
101,49,74.3,1,0
101,64,78.8,1,0
101,65,83.9,1,0
101,80,83.9,1,0
101,81,85.5,1,0
101,2,89.9,1,2
101,3,89.2,1,2
101,18,85.0,1,2
101,19,81.4,1,2
101,34,79.3,1,2
101,35,84.1,1,2
101,50,83.8,1,2
101,51,88.3,1,2
101,66,91.9,1,2
101,67,86.2,1,2
101,82,81.7,1,2
101,83,84.4,1,2
101,96,91.9,1,2
101,97,84.8,1,2
101,110,81.1,1,2
101,111,88.0,1,2
101,124,79.2,1,2
101,125,85.7,1,2
101,4,74.1,1,3
101,5,82.8,1,3
101,20,73.7,1,3
101,21,76.7,1,3
101,36,65.9,1,3
101,37,76.6,1,3
101,52,89.3,1,3
101,53,71.3,1,3
101,68,84.1,1,3
101,69,73.0,1,3
101,84,83.0,1,3
101,85,82.6,1,3
101,98,77.4,1,3
101,99,83.4,1,3
101,112,67.8,1,3
101,113,72.3,1,3
101,126,81.1,1,3
101,127,79.0,1,3
101,6,74.8,1,1
101,7,77.4,1,1
101,22,75.7,1,1
101,23,79.7,1,1
101,38,68.3,1,1
101,39,67.8,1,1
101,54,72.8,1,1
101,55,70.3,1,1
101,70,71.2,1,1
101,71,82.8,1,1
101,86,71.4,1,1
101,87,72.5,1,1
101,100,63.1,1,1
101,101,0.0,1,1
101,114,61.0,1,1
101,115,69.3,1,1
101,128,71.3,1,1
101,129,94.0,1,1
101,138,85.3,1,1
101,139,91.1,1,1
101,8,282.5,1,4
101,9,287.6,1,4
101,24,289.5,1,4
101,25,285.7,1,4
101,40,285.1,1,4
101,41,287.9,1,4
101,56,285.3,1,4
101,57,288.3,1,4
101,72,285.7,1,4
101,73,289.5,1,4
101,88,292.2,1,4
101,89,285.3,1,4
101,102,291.4,1,4
101,103,288.0,1,4
101,116,291.5,1,4
101,117,288.7,1,4
101,130,288.4,1,4
101,131,287.1,1,4
101,140,293.2,1,4
101,141,294.0,1,4
101,10,291.7,1,5
101,11,292.6,1,5
101,26,295.0,1,5
101,27,291.6,1,5
101,42,294.3,1,5
101,43,297.1,1,5
101,58,293.4,1,5
101,59,289.9,1,5
101,74,290.8,1,5
101,75,297.8,1,5
101,90,294.3,1,5
101,91,290.4,1,5
101,104,291.0,1,5
101,105,292.4,1,5
101,118,297.2,1,5
101,119,296.0,1,5
101,132,293.0,1,5
101,133,294.2,1,5
101,142,300.3,1,5
101,143,294.3,1,5
101,12,295.6,1,6
101,13,291.4,1,6
101,28,298.0,1,6
101,29,296.1,1,6
101,44,301.8,1,6
101,45,295.6,1,6
101,60,288.7,1,6
101,61,291.5,1,6
101,76,294.5,1,6
101,77,293.9,1,6
101,92,295.4,1,6
101,93,293.8,1,6
101,106,293.0,1,6
101,107,289.5,1,6
101,120,292.6,1,6
101,121,299.8,1,6
101,134,294.7,1,6
101,135,290.7,1,6
101,144,296.3,1,6
101,145,294.6,1,6
101,14,294.7,1,7
101,15,295.4,1,7
101,30,300.5,1,7
101,31,296.2,1,7
101,46,299.9,1,7
101,47,289.6,1,7
101,62,296.1,1,7
101,63,298.8,1,7
101,78,296.8,1,7
101,79,296.2,1,7
101,94,296.7,1,7
101,95,296.8,1,7
101,108,294.1,1,7
101,109,297.4,1,7
101,122,301.1,1,7
101,123,298.5,1,7
101,136,297.0,1,7
101,137,296.0,1,7
101,146,298.9,1,7
101,147,298.9,1,7
114,150,88.9,1,9
114,151,99.6,1,9
114,148,89.5,1,8
114,149,88.7,1,8
114,0,93.7,1,0
114,1,93.9,1,0
114,16,93.0,1,0
114,17,77.7,1,0
114,32,83.5,1,0
114,33,86.7,1,0
114,48,87.3,1,0
114,49,75.5,1,0
114,64,86.6,1,0
114,65,85.9,1,0
114,80,79.4,1,0
114,81,87.3,1,0
114,2,92.8,1,2
114,3,88.1,1,2
114,18,79.7,1,2
114,19,80.9,1,2
114,34,84.5,1,2
114,35,85.3,1,2
114,50,87.3,1,2
114,51,90.1,1,2
114,66,91.3,1,2
114,67,87.0,1,2
114,82,77.1,1,2
114,83,86.4,1,2
114,96,91.4,1,2
114,97,76.7,1,2
114,110,83.7,1,2
114,111,93.9,1,2
114,124,76.6,1,2
114,125,84.7,1,2
114,4,66.2,1,3
114,5,78.2,1,3
114,20,74.0,1,3
114,21,75.2,1,3
114,36,69.2,1,3
114,37,84.4,1,3
114,52,84.3,1,3
114,53,82.7,1,3
114,68,87.2,1,3
114,69,79.7,1,3
114,84,84.2,1,3
114,85,83.1,1,3
114,98,80.6,1,3
114,99,83.3,1,3
114,112,76.1,1,3
114,113,77.4,1,3
114,126,77.4,1,3
114,127,77.5,1,3
114,6,75.1,1,1
114,7,74.6,1,1
114,22,78.3,1,1
114,23,80.5,1,1
114,38,75.7,1,1
114,39,69.9,1,1
114,54,70.2,1,1
114,55,69.5,1,1
114,70,73.0,1,1
114,71,78.6,1,1
114,86,72.1,1,1
114,87,71.9,1,1
114,100,66.1,1,1
114,101,61.0,1,1
114,114,0.0,1,1
114,115,69.5,1,1
114,128,68.5,1,1
114,129,96.6,1,1
114,138,87.2,1,1
114,139,88.2,1,1
114,8,284.7,1,4
114,9,290.0,1,4
114,24,292.4,1,4
114,25,288.8,1,4
114,40,287.7,1,4
114,41,290.1,1,4
114,56,287.4,1,4
114,57,291.3,1,4
114,72,288.4,1,4
114,73,292.5,1,4
114,88,294.8,1,4
114,89,286.9,1,4
114,102,294.3,1,4
114,103,289.9,1,4
114,116,294.1,1,4
114,117,292.2,1,4
114,130,293.1,1,4
114,131,291.1,1,4
114,140,296.4,1,4
114,141,296.3,1,4
114,10,294.9,1,5
114,11,294.2,1,5
114,26,297.9,1,5
114,27,294.4,1,5
114,42,297.0,1,5
114,43,299.1,1,5
114,58,296.0,1,5
114,59,292.0,1,5
114,74,293.4,1,5
114,75,301.0,1,5
114,90,297.3,1,5
114,91,293.6,1,5
114,104,293.9,1,5
114,105,295.0,1,5
114,118,299.8,1,5
114,119,298.6,1,5
114,132,295.2,1,5
114,133,296.9,1,5
114,142,302.7,1,5
114,143,296.8,1,5
114,12,299.1,1,6
114,13,294.1,1,6
114,28,299.4,1,6
114,29,298.4,1,6
114,44,304.3,1,6
114,45,298.0,1,6
114,60,290.6,1,6
114,61,293.5,1,6
114,76,297.1,1,6
114,77,295.7,1,6
114,92,297.7,1,6
114,93,296.6,1,6
114,106,296.0,1,6
114,107,292.8,1,6
114,120,294.6,1,6
114,121,301.6,1,6
114,134,297.8,1,6
114,135,292.7,1,6
114,144,298.8,1,6
114,145,296.0,1,6
114,14,297.4,1,7
114,15,296.7,1,7
114,30,302.9,1,7
114,31,298.1,1,7
114,46,302.4,1,7
114,47,291.6,1,7
114,62,298.2,1,7
114,63,301.2,1,7
114,78,298.5,1,7
114,79,298.6,1,7
114,94,298.8,1,7
114,95,299.0,1,7
114,108,297.2,1,7
114,109,299.3,1,7
114,122,303.3,1,7
114,123,299.7,1,7
114,136,299.8,1,7
114,137,297.9,1,7
114,146,301.2,1,7
114,147,300.6,1,7
115,150,98.1,1,9
115,151,104.7,1,9
115,148,81.9,1,8
115,149,87.3,1,8
115,0,90.6,1,0
115,1,91.4,1,0
115,16,90.4,1,0
115,17,86.3,1,0
115,32,81.5,1,0
115,33,82.5,1,0
115,48,83.7,1,0
115,49,79.4,1,0
115,64,81.6,1,0
115,65,77.2,1,0
115,80,84.0,1,0
115,81,77.7,1,0
115,2,78.0,1,2
115,3,88.4,1,2
115,18,81.0,1,2
115,19,75.6,1,2
115,34,82.1,1,2
115,35,86.2,1,2
115,50,83.9,1,2
115,51,88.3,1,2
115,66,93.2,1,2
115,67,77.1,1,2
115,82,74.5,1,2
115,83,82.4,1,2
115,96,90.8,1,2
115,97,83.6,1,2
115,110,72.8,1,2
115,111,78.7,1,2
115,124,79.7,1,2
115,125,78.8,1,2
115,4,69.0,1,3
115,5,74.1,1,3
115,20,70.6,1,3
115,21,75.3,1,3
115,36,58.7,1,3
115,37,72.7,1,3
115,52,86.4,1,3
115,53,87.3,1,3
115,68,76.4,1,3
115,69,79.0,1,3
115,84,77.9,1,3
115,85,81.6,1,3
115,98,70.0,1,3
115,99,84.7,1,3
115,112,72.7,1,3
115,113,71.9,1,3
115,126,71.3,1,3
115,127,71.1,1,3
115,6,72.6,1,1
115,7,64.5,1,1
115,22,67.1,1,1
115,23,73.9,1,1
115,38,81.2,1,1
115,39,64.4,1,1
115,54,73.1,1,1
115,55,78.3,1,1
115,70,72.7,1,1
115,71,81.0,1,1
115,86,65.8,1,1
115,87,68.2,1,1
115,100,65.5,1,1
115,101,69.3,1,1
115,114,69.5,1,1
115,115,0.0,1,1
115,128,74.1,1,1
115,129,97.5,1,1
115,138,91.6,1,1
115,139,99.5,1,1
115,8,292.6,1,4
115,9,297.1,1,4
115,24,299.1,1,4
115,25,295.7,1,4
115,40,294.9,1,4
115,41,297.6,1,4
115,56,295.0,1,4
115,57,298.2,1,4
115,72,295.9,1,4
115,73,299.4,1,4
115,88,301.7,1,4
115,89,295.5,1,4
115,102,301.5,1,4
115,103,296.9,1,4
115,116,301.1,1,4
115,117,299.1,1,4
115,130,300.5,1,4
115,131,297.1,1,4
115,140,303.0,1,4
115,141,303.0,1,4
115,10,301.7,1,5
115,11,301.9,1,5
115,26,304.6,1,5
115,27,301.3,1,5
115,42,303.9,1,5
115,43,305.8,1,5
115,58,302.8,1,5
115,59,300.3,1,5
115,74,299.8,1,5
115,75,307.9,1,5
115,90,303.6,1,5
115,91,300.7,1,5
115,104,300.9,1,5
115,105,301.3,1,5
115,118,306.4,1,5
115,119,305.1,1,5
115,132,302.6,1,5
115,133,304.1,1,5
115,142,309.3,1,5
115,143,303.7,1,5
115,12,305.1,1,6
115,13,300.9,1,6
115,28,306.9,1,6
115,29,304.9,1,6
115,44,310.9,1,6
115,45,304.5,1,6
115,60,298.6,1,6
115,61,301.7,1,6
115,76,303.9,1,6
115,77,303.3,1,6
115,92,304.8,1,6
115,93,303.5,1,6
115,106,303.2,1,6
115,107,300.1,1,6
115,120,302.0,1,6
115,121,308.3,1,6
115,134,305.3,1,6
115,135,301.4,1,6
115,144,305.6,1,6
115,145,303.4,1,6
115,14,304.9,1,7
115,15,305.0,1,7
115,30,310.1,1,7
115,31,305.1,1,7
115,46,309.6,1,7
115,47,299.5,1,7
115,62,305.5,1,7
115,63,307.8,1,7
115,78,305.8,1,7
115,79,305.0,1,7
115,94,305.7,1,7
115,95,304.9,1,7
115,108,304.1,1,7
115,109,305.9,1,7
115,122,309.9,1,7
115,123,307.4,1,7
115,136,306.2,1,7
115,137,304.5,1,7
115,146,308.2,1,7
115,147,307.5,1,7
128,150,82.8,1,9
128,151,82.3,1,9
128,148,81.4,1,8
128,149,75.5,1,8
128,0,76.6,1,0
128,1,81.6,1,0
128,16,80.5,1,0
128,17,79.8,1,0
128,32,73.8,1,0
128,33,82.0,1,0
128,48,81.7,1,0
128,49,77.8,1,0
128,64,83.6,1,0
128,65,81.9,1,0
128,80,80.0,1,0
128,81,83.5,1,0
128,2,85.1,1,2
128,3,77.5,1,2
128,18,77.8,1,2
128,19,69.0,1,2
128,34,80.6,1,2
128,35,77.5,1,2
128,50,82.3,1,2
128,51,80.3,1,2
128,66,85.4,1,2
128,67,83.7,1,2
128,82,79.2,1,2
128,83,79.0,1,2
128,96,92.0,1,2
128,97,79.9,1,2
128,110,84.6,1,2
128,111,84.0,1,2
128,124,80.8,1,2
128,125,79.7,1,2
128,4,72.8,1,3
128,5,71.9,1,3
128,20,68.0,1,3
128,21,72.4,1,3
128,36,63.7,1,3
128,37,79.6,1,3
128,52,81.6,1,3
128,53,82.4,1,3
128,68,76.9,1,3
128,69,74.5,1,3
128,84,78.7,1,3
128,85,77.9,1,3
128,98,72.0,1,3
128,99,79.2,1,3
128,112,80.6,1,3
128,113,69.8,1,3
128,126,74.4,1,3
128,127,74.6,1,3
128,6,73.3,1,1
128,7,71.4,1,1
128,22,72.8,1,1
128,23,70.6,1,1
128,38,73.9,1,1
128,39,69.5,1,1
128,54,69.9,1,1
128,55,58.3,1,1
128,70,70.7,1,1
128,71,72.1,1,1
128,86,79.0,1,1
128,87,69.0,1,1
128,100,68.3,1,1
128,101,71.3,1,1
128,114,68.5,1,1
128,115,74.1,1,1
128,128,0.0,1,1
128,129,90.2,1,1
128,138,88.9,1,1
128,139,85.9,1,1
128,8,282.5,1,4
128,9,286.5,1,4
128,24,289.0,1,4
128,25,284.8,1,4
128,40,284.5,1,4
128,41,287.7,1,4
128,56,284.8,1,4
128,57,288.3,1,4
128,72,285.6,1,4
128,73,289.3,1,4
128,88,291.6,1,4
128,89,283.4,1,4
128,102,292.1,1,4
128,103,287.6,1,4
128,116,291.8,1,4
128,117,287.7,1,4
128,130,290.1,1,4
128,131,288.4,1,4
128,140,293.7,1,4
128,141,294.2,1,4
128,10,292.2,1,5
128,11,291.8,1,5
128,26,294.9,1,5
128,27,291.1,1,5
128,42,294.4,1,5
128,43,296.6,1,5
128,58,293.7,1,5
128,59,290.2,1,5
128,74,291.3,1,5
128,75,298.6,1,5
128,90,294.4,1,5
128,91,292.0,1,5
128,104,291.4,1,5
128,105,292.9,1,5
128,118,297.4,1,5
128,119,295.8,1,5
128,132,292.8,1,5
128,133,294.9,1,5
128,142,300.0,1,5
128,143,294.4,1,5
128,12,296.3,1,6
128,13,291.4,1,6
128,28,297.4,1,6
128,29,295.5,1,6
128,44,301.5,1,6
128,45,295.1,1,6
128,60,288.3,1,6
128,61,290.6,1,6
128,76,293.6,1,6
128,77,294.0,1,6
128,92,295.1,1,6
128,93,294.4,1,6
128,106,293.0,1,6
128,107,288.6,1,6
128,120,291.8,1,6
128,121,299.0,1,6
128,134,294.5,1,6
128,135,290.6,1,6
128,144,296.8,1,6
128,145,294.4,1,6
128,14,294.4,1,7
128,15,295.7,1,7
128,30,299.4,1,7
128,31,295.5,1,7
128,46,299.4,1,7
128,47,288.1,1,7
128,62,296.0,1,7
128,63,298.2,1,7
128,78,296.1,1,7
128,79,296.1,1,7
128,94,296.5,1,7
128,95,296.1,1,7
128,108,295.0,1,7
128,109,297.2,1,7
128,122,300.9,1,7
128,123,298.1,1,7
128,136,296.9,1,7
128,137,295.1,1,7
128,146,297.3,1,7
128,147,297.8,1,7
129,150,92.0,1,9
129,151,92.9,1,9
129,148,95.8,1,8
129,149,89.5,1,8
129,0,88.8,1,0
129,1,84.6,1,0
129,16,90.3,1,0
129,17,96.5,1,0
129,32,89.8,1,0
129,33,85.0,1,0
129,48,92.6,1,0
129,49,97.6,1,0
129,64,94.9,1,0
129,65,92.3,1,0
129,80,94.5,1,0
129,81,86.0,1,0
129,2,91.5,1,2
129,3,86.6,1,2
129,18,88.7,1,2
129,19,91.7,1,2
129,34,90.2,1,2
129,35,85.1,1,2
129,50,82.2,1,2
129,51,90.8,1,2
129,66,87.0,1,2
129,67,85.8,1,2
129,82,85.7,1,2
129,83,86.3,1,2
129,96,92.4,1,2
129,97,87.1,1,2
129,110,93.5,1,2
129,111,92.8,1,2
129,124,93.0,1,2
129,125,91.1,1,2
129,4,87.7,1,3
129,5,90.0,1,3
129,20,89.4,1,3
129,21,86.5,1,3
129,36,90.1,1,3
129,37,92.5,1,3
129,52,98.4,1,3
129,53,93.6,1,3
129,68,98.4,1,3
129,69,86.2,1,3
129,84,97.2,1,3
129,85,85.6,1,3
129,98,97.2,1,3
129,99,92.7,1,3
129,112,94.7,1,3
129,113,91.0,1,3
129,126,96.1,1,3
129,127,92.4,1,3
129,6,89.1,1,1
129,7,96.2,1,1
129,22,94.0,1,1
129,23,95.8,1,1
129,38,83.8,1,1
129,39,90.3,1,1
129,54,87.5,1,1
129,55,93.4,1,1
129,70,91.1,1,1
129,71,75.2,1,1
129,86,95.2,1,1
129,87,90.8,1,1
129,100,92.4,1,1
129,101,94.0,1,1
129,114,96.6,1,1
129,115,97.5,1,1
129,128,90.2,1,1
129,129,0.0,1,1
129,138,62.1,1,1
129,139,66.2,1,1
129,8,276.8,1,4
129,9,281.4,1,4
129,24,284.2,1,4
129,25,276.8,1,4
129,40,279.5,1,4
129,41,284.0,1,4
129,56,281.2,1,4
129,57,284.6,1,4
129,72,281.2,1,4
129,73,286.0,1,4
129,88,288.1,1,4
129,89,280.2,1,4
129,102,288.6,1,4
129,103,284.2,1,4
129,116,287.9,1,4
129,117,284.8,1,4
129,130,285.5,1,4
129,131,282.7,1,4
129,140,289.1,1,4
129,141,291.7,1,4
129,10,289.1,1,5
129,11,288.2,1,5
129,26,292.3,1,5
129,27,288.4,1,5
129,42,291.4,1,5
129,43,293.4,1,5
129,58,290.3,1,5
129,59,287.4,1,5
129,74,287.4,1,5
129,75,295.3,1,5
129,90,290.6,1,5
129,91,287.7,1,5
129,104,288.1,1,5
129,105,286.9,1,5
129,118,291.6,1,5
129,119,289.2,1,5
129,132,286.9,1,5
129,133,290.6,1,5
129,142,295.7,1,5
129,143,290.4,1,5
129,12,292.8,1,6
129,13,286.4,1,6
129,28,294.9,1,6
129,29,291.1,1,6
129,44,298.4,1,6
129,45,290.0,1,6
129,60,284.3,1,6
129,61,288.0,1,6
129,76,287.8,1,6
129,77,289.7,1,6
129,92,291.8,1,6
129,93,288.6,1,6
129,106,289.2,1,6
129,107,285.4,1,6
129,120,288.9,1,6
129,121,295.5,1,6
129,134,292.0,1,6
129,135,287.3,1,6
129,144,293.5,1,6
129,145,291.4,1,6
129,14,291.3,1,7
129,15,293.4,1,7
129,30,297.9,1,7
129,31,292.2,1,7
129,46,297.1,1,7
129,47,285.8,1,7
129,62,292.5,1,7
129,63,296.2,1,7
129,78,293.3,1,7
129,79,293.0,1,7
129,94,293.9,1,7
129,95,293.0,1,7
129,108,292.0,1,7
129,109,294.5,1,7
129,122,298.1,1,7
129,123,295.4,1,7
129,136,292.0,1,7
129,137,291.7,1,7
129,146,295.5,1,7
129,147,295.1,1,7
138,150,92.9,1,9
138,151,102.8,1,9
138,148,91.6,1,8
138,149,88.6,1,8
138,0,90.7,1,0
138,1,91.3,1,0
138,16,91.7,1,0
138,17,89.9,1,0
138,32,93.7,1,0
138,33,85.6,1,0
138,48,88.8,1,0
138,49,91.4,1,0
138,64,91.6,1,0
138,65,90.3,1,0
138,80,77.6,1,0
138,81,82.5,1,0
138,2,88.4,1,2
138,3,93.3,1,2
138,18,84.6,1,2
138,19,89.5,1,2
138,34,88.4,1,2
138,35,85.5,1,2
138,50,82.0,1,2
138,51,90.9,1,2
138,66,91.8,1,2
138,67,86.6,1,2
138,82,86.9,1,2
138,83,87.7,1,2
138,96,95.4,1,2
138,97,86.4,1,2
138,110,92.2,1,2
138,111,94.5,1,2
138,124,88.3,1,2
138,125,88.3,1,2
138,4,77.7,1,3
138,5,83.3,1,3
138,20,89.2,1,3
138,21,78.7,1,3
138,36,85.3,1,3
138,37,91.8,1,3
138,52,98.3,1,3
138,53,87.3,1,3
138,68,104.3,1,3
138,69,86.8,1,3
138,84,98.1,1,3
138,85,90.0,1,3
138,98,94.8,1,3
138,99,92.5,1,3
138,112,76.0,1,3
138,113,89.2,1,3
138,126,85.0,1,3
138,127,87.6,1,3
138,6,87.6,1,1
138,7,98.0,1,1
138,22,90.4,1,1
138,23,91.9,1,1
138,38,79.3,1,1
138,39,88.2,1,1
138,54,86.0,1,1
138,55,85.4,1,1
138,70,82.7,1,1
138,71,84.3,1,1
138,86,93.8,1,1
138,87,88.8,1,1
138,100,88.5,1,1
138,101,85.3,1,1
138,114,87.2,1,1
138,115,91.6,1,1
138,128,88.9,1,1
138,129,62.1,1,1
138,138,0.0,1,1
138,139,76.1,1,1
138,8,278.7,1,4
138,9,282.9,1,4
138,24,285.8,1,4
138,25,280.1,1,4
138,40,281.1,1,4
138,41,284.5,1,4
138,56,282.1,1,4
138,57,284.6,1,4
138,72,280.6,1,4
138,73,286.2,1,4
138,88,289.1,1,4
138,89,281.7,1,4
138,102,288.9,1,4
138,103,284.4,1,4
138,116,287.0,1,4
138,117,286.0,1,4
138,130,285.5,1,4
138,131,283.1,1,4
138,140,290.2,1,4
138,141,291.3,1,4
138,10,290.0,1,5
138,11,289.8,1,5
138,26,292.2,1,5
138,27,289.1,1,5
138,42,292.4,1,5
138,43,294.2,1,5
138,58,290.8,1,5
138,59,288.8,1,5
138,74,287.2,1,5
138,75,296.1,1,5
138,90,291.8,1,5
138,91,287.6,1,5
138,104,289.5,1,5
138,105,289.2,1,5
138,118,292.9,1,5
138,119,292.2,1,5
138,132,289.5,1,5
138,133,291.4,1,5
138,142,297.3,1,5
138,143,291.8,1,5
138,12,294.0,1,6
138,13,287.9,1,6
138,28,295.8,1,6
138,29,293.0,1,6
138,44,299.9,1,6
138,45,291.2,1,6
138,60,283.9,1,6
138,61,288.6,1,6
138,76,289.5,1,6
138,77,289.5,1,6
138,92,291.6,1,6
138,93,289.1,1,6
138,106,289.7,1,6
138,107,286.2,1,6
138,120,289.2,1,6
138,121,296.4,1,6
138,134,293.3,1,6
138,135,289.2,1,6
138,144,293.6,1,6
138,145,291.2,1,6
138,14,293.0,1,7
138,15,292.8,1,7
138,30,298.3,1,7
138,31,293.0,1,7
138,46,298.6,1,7
138,47,286.2,1,7
138,62,292.5,1,7
138,63,296.0,1,7
138,78,293.1,1,7
138,79,293.1,1,7
138,94,293.9,1,7
138,95,293.4,1,7
138,108,291.0,1,7
138,109,292.7,1,7
138,122,299.0,1,7
138,123,295.8,1,7
138,136,294.5,1,7
138,137,292.4,1,7
138,146,296.2,1,7
138,147,295.4,1,7
139,150,82.4,1,9
139,151,95.1,1,9
139,148,100.4,1,8
139,149,91.4,1,8
139,0,87.0,1,0
139,1,92.9,1,0
139,16,89.9,1,0
139,17,100.3,1,0
139,32,91.2,1,0
139,33,87.2,1,0
139,48,96.4,1,0
139,49,94.5,1,0
139,64,99.6,1,0
139,65,92.8,1,0
139,80,95.6,1,0
139,81,93.3,1,0
139,2,98.5,1,2
139,3,82.4,1,2
139,18,93.0,1,2
139,19,94.8,1,2
139,34,84.2,1,2
139,35,79.2,1,2
139,50,87.7,1,2
139,51,93.2,1,2
139,66,88.9,1,2
139,67,91.8,1,2
139,82,89.0,1,2
139,83,90.9,1,2
139,96,94.4,1,2
139,97,88.3,1,2
139,110,101.8,1,2
139,111,92.6,1,2
139,124,92.6,1,2
139,125,93.9,1,2
139,4,79.2,1,3
139,5,92.2,1,3
139,20,84.6,1,3
139,21,89.6,1,3
139,36,90.7,1,3
139,37,89.2,1,3
139,52,90.7,1,3
139,53,83.4,1,3
139,68,93.6,1,3
139,69,81.0,1,3
139,84,91.8,1,3
139,85,87.3,1,3
139,98,90.5,1,3
139,99,86.2,1,3
139,112,94.1,1,3
139,113,87.6,1,3
139,126,93.2,1,3
139,127,91.5,1,3
139,6,82.6,1,1
139,7,94.6,1,1
139,22,95.5,1,1
139,23,93.3,1,1
139,38,82.7,1,1
139,39,87.5,1,1
139,54,81.7,1,1
139,55,87.9,1,1
139,70,92.7,1,1
139,71,77.7,1,1
139,86,94.0,1,1
139,87,90.9,1,1
139,100,89.9,1,1
139,101,91.1,1,1
139,114,88.2,1,1
139,115,99.5,1,1
139,128,85.9,1,1
139,129,66.2,1,1
139,138,76.1,1,1
139,139,0.0,1,1
139,8,272.3,1,4
139,9,278.7,1,4
139,24,281.1,1,4
139,25,275.3,1,4
139,40,276.4,1,4
139,41,279.6,1,4
139,56,276.7,1,4
139,57,279.9,1,4
139,72,276.6,1,4
139,73,281.8,1,4
139,88,283.6,1,4
139,89,275.0,1,4
139,102,284.8,1,4
139,103,280.3,1,4
139,116,284.6,1,4
139,117,281.3,1,4
139,130,282.5,1,4
139,131,279.3,1,4
139,140,286.1,1,4
139,141,288.2,1,4
139,10,285.1,1,5
139,11,285.1,1,5
139,26,288.6,1,5
139,27,285.2,1,5
139,42,288.0,1,5
139,43,289.4,1,5
139,58,286.6,1,5
139,59,282.5,1,5
139,74,283.4,1,5
139,75,291.3,1,5
139,90,287.1,1,5
139,91,284.0,1,5
139,104,284.7,1,5
139,105,284.5,1,5
139,118,288.5,1,5
139,119,286.9,1,5
139,132,284.6,1,5
139,133,287.5,1,5
139,142,292.4,1,5
139,143,286.9,1,5
139,12,289.4,1,6
139,13,283.7,1,6
139,28,291.7,1,6
139,29,288.7,1,6
139,44,295.6,1,6
139,45,287.4,1,6
139,60,281.4,1,6
139,61,284.6,1,6
139,76,285.8,1,6
139,77,287.3,1,6
139,92,289.0,1,6
139,93,287.1,1,6
139,106,286.5,1,6
139,107,282.2,1,6
139,120,285.5,1,6
139,121,292.9,1,6
139,134,288.5,1,6
139,135,282.2,1,6
139,144,290.1,1,6
139,145,286.9,1,6
139,14,288.2,1,7
139,15,289.3,1,7
139,30,294.9,1,7
139,31,289.5,1,7
139,46,293.7,1,7
139,47,282.2,1,7
139,62,288.7,1,7
139,63,293.2,1,7
139,78,289.8,1,7
139,79,289.7,1,7
139,94,290.9,1,7
139,95,289.9,1,7
139,108,288.6,1,7
139,109,291.4,1,7
139,122,295.1,1,7
139,123,291.3,1,7
139,136,289.1,1,7
139,137,288.6,1,7
139,146,292.1,1,7
139,147,291.7,1,7
8,150,275.9,4,9
8,151,273.9,4,9
8,148,284.5,4,8
8,149,280.2,4,8
8,0,278.4,4,0
8,1,280.2,4,0
8,16,278.7,4,0
8,17,281.2,4,0
8,32,282.7,4,0
8,33,283.3,4,0
8,48,282.3,4,0
8,49,285.6,4,0
8,64,284.7,4,0
8,65,285.5,4,0
8,80,285.6,4,0
8,81,286.0,4,0
8,2,286.3,4,2
8,3,278.9,4,2
8,18,286.0,4,2
8,19,287.3,4,2
8,34,282.4,4,2
8,35,276.3,4,2
8,50,281.2,4,2
8,51,279.4,4,2
8,66,281.4,4,2
8,67,287.3,4,2
8,82,281.0,4,2
8,83,285.2,4,2
8,96,280.1,4,2
8,97,281.7,4,2
8,110,289.3,4,2
8,111,282.4,4,2
8,124,283.7,4,2
8,125,286.4,4,2
8,4,283.3,4,3
8,5,285.1,4,3
8,20,285.4,4,3
8,21,282.9,4,3
8,36,289.3,4,3
8,37,284.9,4,3
8,52,278.3,4,3
8,53,278.3,4,3
8,68,287.8,4,3
8,69,280.0,4,3
8,84,286.1,4,3
8,85,282.0,4,3
8,98,286.2,4,3
8,99,278.6,4,3
8,112,283.7,4,3
8,113,283.4,4,3
8,126,286.9,4,3
8,127,284.3,4,3
8,6,283.3,4,1
8,7,290.1,4,1
8,22,283.9,4,1
8,23,285.5,4,1
8,38,282.9,4,1
8,39,286.8,4,1
8,54,284.3,4,1
8,55,282.3,4,1
8,70,284.7,4,1
8,71,280.0,4,1
8,86,285.6,4,1
8,87,286.6,4,1
8,100,289.3,4,1
8,101,282.5,4,1
8,114,284.7,4,1
8,115,292.6,4,1
8,128,282.5,4,1
8,129,276.8,4,1
8,138,278.7,4,1
8,139,272.3,4,1
8,8,0.0,4,4
8,9,74.9,4,4
8,24,71.1,4,4
8,25,75.5,4,4
8,40,70.7,4,4
8,41,76.2,4,4
8,56,72.8,4,4
8,57,81.0,4,4
8,72,78.0,4,4
8,73,66.4,4,4
8,88,78.5,4,4
8,89,76.7,4,4
8,102,71.2,4,4
8,103,72.9,4,4
8,116,80.4,4,4
8,117,86.1,4,4
8,130,83.6,4,4
8,131,88.2,4,4
8,140,84.1,4,4
8,141,83.6,4,4
8,10,78.0,4,5
8,11,72.5,4,5
8,26,83.9,4,5
8,27,79.8,4,5
8,42,81.2,4,5
8,43,87.7,4,5
8,58,88.3,4,5
8,59,81.4,4,5
8,74,79.5,4,5
8,75,85.6,4,5
8,90,84.3,4,5
8,91,86.1,4,5
8,104,78.8,4,5
8,105,77.8,4,5
8,118,83.3,4,5
8,119,92.2,4,5
8,132,86.3,4,5
8,133,82.9,4,5
8,142,85.7,4,5
8,143,81.5,4,5
8,12,87.2,4,6
8,13,88.0,4,6
8,28,84.3,4,6
8,29,84.9,4,6
8,44,87.5,4,6
8,45,85.8,4,6
8,60,91.3,4,6
8,61,95.4,4,6
8,76,93.6,4,6
8,77,88.3,4,6
8,92,96.8,4,6
8,93,93.8,4,6
8,106,90.5,4,6
8,107,88.4,4,6
8,120,88.2,4,6
8,121,96.2,4,6
8,134,90.3,4,6
8,135,88.1,4,6
8,144,93.6,4,6
8,145,86.9,4,6
8,14,88.0,4,7
8,15,84.3,4,7
8,30,94.4,4,7
8,31,87.3,4,7
8,46,89.5,4,7
8,47,90.2,4,7
8,62,90.9,4,7
8,63,93.5,4,7
8,78,87.1,4,7
8,79,88.9,4,7
8,94,89.8,4,7
8,95,87.8,4,7
8,108,85.6,4,7
8,109,89.2,4,7
8,122,89.1,4,7
8,123,90.0,4,7
8,136,89.5,4,7
8,137,81.8,4,7
8,146,88.4,4,7
8,147,84.8,4,7
9,150,279.9,4,9
9,151,278.6,4,9
9,148,288.1,4,8
9,149,283.6,4,8
9,0,282.5,4,0
9,1,283.7,4,0
9,16,282.8,4,0
9,17,283.5,4,0
9,32,285.8,4,0
9,33,287.8,4,0
9,48,287.0,4,0
9,49,289.3,4,0
9,64,287.6,4,0
9,65,289.5,4,0
9,80,289.6,4,0
9,81,290.5,4,0
9,2,289.3,4,2
9,3,284.4,4,2
9,18,289.9,4,2
9,19,290.9,4,2
9,34,286.9,4,2
9,35,280.2,4,2
9,50,285.5,4,2
9,51,283.0,4,2
9,66,283.6,4,2
9,67,290.5,4,2
9,82,285.1,4,2
9,83,288.2,4,2
9,96,284.4,4,2
9,97,286.9,4,2
9,110,292.5,4,2
9,111,287.8,4,2
9,124,288.5,4,2
9,125,290.0,4,2
9,4,287.9,4,3
9,5,288.5,4,3
9,20,289.0,4,3
9,21,286.9,4,3
9,36,293.5,4,3
9,37,290.7,4,3
9,52,286.5,4,3
9,53,284.4,4,3
9,68,293.7,4,3
9,69,285.6,4,3
9,84,291.4,4,3
9,85,286.9,4,3
9,98,291.3,4,3
9,99,284.2,4,3
9,112,288.4,4,3
9,113,287.1,4,3
9,126,290.6,4,3
9,127,288.8,4,3
9,6,287.8,4,1
9,7,293.9,4,1
9,22,288.5,4,1
9,23,290.2,4,1
9,38,287.8,4,1
9,39,292.4,4,1
9,54,289.2,4,1
9,55,287.3,4,1
9,70,289.4,4,1
9,71,284.3,4,1
9,86,290.2,4,1
9,87,291.1,4,1
9,100,293.3,4,1
9,101,287.6,4,1
9,114,290.0,4,1
9,115,297.1,4,1
9,128,286.5,4,1
9,129,281.4,4,1
9,138,282.9,4,1
9,139,278.7,4,1
9,8,74.9,4,4
9,9,0.0,4,4
9,24,63.3,4,4
9,25,68.7,4,4
9,40,62.1,4,4
9,41,69.4,4,4
9,56,75.7,4,4
9,57,80.6,4,4
9,72,77.2,4,4
9,73,74.7,4,4
9,88,74.9,4,4
9,89,75.0,4,4
9,102,75.6,4,4
9,103,74.2,4,4
9,116,82.7,4,4
9,117,86.5,4,4
9,130,89.1,4,4
9,131,92.1,4,4
9,140,76.1,4,4
9,141,74.3,4,4
9,10,82.2,4,5
9,11,85.9,4,5
9,26,83.2,4,5
9,27,78.3,4,5
9,42,67.7,4,5
9,43,82.1,4,5
9,58,87.8,4,5
9,59,86.9,4,5
9,74,86.9,4,5
9,75,85.6,4,5
9,90,86.0,4,5
9,91,95.4,4,5
9,104,88.2,4,5
9,105,84.6,4,5
9,118,86.6,4,5
9,119,80.7,4,5
9,132,87.2,4,5
9,133,79.6,4,5
9,142,80.8,4,5
9,143,83.5,4,5
9,12,88.6,4,6
9,13,86.8,4,6
9,28,86.4,4,6
9,29,68.6,4,6
9,44,85.7,4,6
9,45,87.4,4,6
9,60,88.1,4,6
9,61,98.3,4,6
9,76,85.0,4,6
9,77,86.0,4,6
9,92,89.2,4,6
9,93,92.1,4,6
9,106,91.1,4,6
9,107,88.7,4,6
9,120,92.6,4,6
9,121,91.0,4,6
9,134,96.5,4,6
9,135,94.5,4,6
9,144,94.2,4,6
9,145,92.2,4,6
9,14,87.1,4,7
9,15,88.8,4,7
9,30,86.3,4,7
9,31,82.3,4,7
9,46,92.0,4,7
9,47,94.3,4,7
9,62,85.2,4,7
9,63,87.4,4,7
9,78,86.1,4,7
9,79,86.4,4,7
9,94,89.2,4,7
9,95,90.6,4,7
9,108,92.7,4,7
9,109,89.3,4,7
9,122,87.3,4,7
9,123,85.7,4,7
9,136,85.9,4,7
9,137,83.6,4,7
9,146,82.3,4,7
9,147,81.6,4,7
24,150,282.4,4,9
24,151,280.5,4,9
24,148,290.0,4,8
24,149,286.3,4,8
24,0,286.0,4,0
24,1,286.5,4,0
24,16,285.7,4,0
24,17,286.9,4,0
24,32,288.8,4,0
24,33,290.5,4,0
24,48,289.2,4,0
24,49,291.8,4,0
24,64,289.8,4,0
24,65,292.2,4,0
24,80,292.2,4,0
24,81,293.0,4,0
24,2,292.9,4,2
24,3,286.8,4,2
24,18,292.1,4,2
24,19,293.5,4,2
24,34,288.7,4,2
24,35,283.2,4,2
24,50,287.3,4,2
24,51,285.5,4,2
24,66,288.0,4,2
24,67,293.4,4,2
24,82,287.8,4,2
24,83,290.7,4,2
24,96,286.8,4,2
24,97,289.2,4,2
24,110,294.4,4,2
24,111,290.8,4,2
24,124,290.9,4,2
24,125,292.6,4,2
24,4,290.5,4,3
24,5,291.8,4,3
24,20,291.9,4,3
24,21,289.9,4,3
24,36,295.6,4,3
24,37,291.9,4,3
24,52,288.4,4,3
24,53,285.9,4,3
24,68,296.0,4,3
24,69,287.5,4,3
24,84,293.8,4,3
24,85,289.1,4,3
24,98,293.1,4,3
24,99,287.2,4,3
24,112,290.8,4,3
24,113,290.6,4,3
24,126,293.4,4,3
24,127,291.1,4,3
24,6,290.5,4,1
24,7,296.8,4,1
24,22,290.5,4,1
24,23,292.1,4,1
24,38,290.0,4,1
24,39,294.7,4,1
24,54,291.9,4,1
24,55,290.1,4,1
24,70,292.1,4,1
24,71,287.2,4,1
24,86,292.9,4,1
24,87,293.5,4,1
24,100,295.7,4,1
24,101,289.5,4,1
24,114,292.4,4,1
24,115,299.1,4,1
24,128,289.0,4,1
24,129,284.2,4,1
24,138,285.8,4,1
24,139,281.1,4,1
24,8,71.1,4,4
24,9,63.3,4,4
24,24,0.0,4,4
24,25,52.9,4,4
24,40,53.8,4,4
24,41,70.0,4,4
24,56,73.8,4,4
24,57,75.6,4,4
24,72,73.8,4,4
24,73,72.6,4,4
24,88,62.2,4,4
24,89,77.9,4,4
24,102,63.0,4,4
24,103,71.5,4,4
24,116,80.3,4,4
24,117,76.3,4,4
24,130,82.3,4,4
24,131,88.0,4,4
24,140,69.9,4,4
24,141,72.6,4,4
24,10,75.8,4,5
24,11,78.2,4,5
24,26,66.7,4,5
24,27,69.1,4,5
24,42,70.6,4,5
24,43,78.1,4,5
24,58,84.1,4,5
24,59,83.4,4,5
24,74,84.1,4,5
24,75,83.9,4,5
24,90,83.9,4,5
24,91,88.9,4,5
24,104,83.8,4,5
24,105,81.5,4,5
24,118,81.7,4,5
24,119,89.8,4,5
24,132,82.3,4,5
24,133,78.9,4,5
24,142,80.8,4,5
24,143,81.8,4,5
24,12,88.1,4,6
24,13,84.5,4,6
24,28,86.0,4,6
24,29,75.4,4,6
24,44,84.1,4,6
24,45,89.6,4,6
24,60,87.6,4,6
24,61,98.3,4,6
24,76,82.5,4,6
24,77,89.0,4,6
24,92,93.5,4,6
24,93,91.9,4,6
24,106,92.1,4,6
24,107,88.7,4,6
24,120,87.9,4,6
24,121,84.2,4,6
24,134,94.5,4,6
24,135,87.7,4,6
24,144,89.3,4,6
24,145,86.2,4,6
24,14,81.0,4,7
24,15,85.0,4,7
24,30,86.5,4,7
24,31,77.0,4,7
24,46,88.3,4,7
24,47,93.7,4,7
24,62,79.1,4,7
24,63,81.8,4,7
24,78,83.2,4,7
24,79,82.9,4,7
24,94,84.7,4,7
24,95,84.6,4,7
24,108,85.7,4,7
24,109,84.7,4,7
24,122,76.8,4,7
24,123,83.0,4,7
24,136,83.5,4,7
24,137,79.7,4,7
24,146,85.1,4,7
24,147,82.3,4,7
25,150,278.3,4,9
25,151,275.0,4,9
25,148,286.0,4,8
25,149,282.0,4,8
25,0,281.3,4,0
25,1,280.7,4,0
25,16,281.1,4,0
25,17,282.7,4,0
25,32,284.1,4,0
25,33,285.3,4,0
25,48,284.4,4,0
25,49,287.6,4,0
25,64,284.0,4,0
25,65,287.9,4,0
25,80,288.1,4,0
25,81,288.6,4,0
25,2,288.0,4,2
25,3,280.6,4,2
25,18,288.2,4,2
25,19,289.4,4,2
25,34,284.0,4,2
25,35,278.0,4,2
25,50,282.2,4,2
25,51,279.8,4,2
25,66,281.3,4,2
25,67,288.1,4,2
25,82,282.9,4,2
25,83,284.7,4,2
25,96,281.7,4,2
25,97,284.6,4,2
25,110,289.9,4,2
25,111,286.4,4,2
25,124,286.8,4,2
25,125,288.1,4,2
25,4,286.4,4,3
25,5,287.1,4,3
25,20,287.9,4,3
25,21,285.6,4,3
25,36,291.7,4,3
25,37,288.0,4,3
25,52,283.9,4,3
25,53,280.2,4,3
25,68,291.4,4,3
25,69,283.2,4,3
25,84,289.8,4,3
25,85,284.4,4,3
25,98,289.4,4,3
25,99,282.7,4,3
25,112,287.0,4,3
25,113,286.7,4,3
25,126,289.5,4,3
25,127,287.2,4,3
25,6,286.1,4,1
25,7,292.7,4,1
25,22,286.0,4,1
25,23,287.0,4,1
25,38,284.7,4,1
25,39,290.5,4,1
25,54,286.9,4,1
25,55,286.2,4,1
25,70,288.0,4,1
25,71,282.1,4,1
25,86,289.0,4,1
25,87,289.6,4,1
25,100,291.6,4,1
25,101,285.7,4,1
25,114,288.8,4,1
25,115,295.7,4,1
25,128,284.8,4,1
25,129,276.8,4,1
25,138,280.1,4,1
25,139,275.3,4,1
25,8,75.5,4,4
25,9,68.7,4,4
25,24,52.9,4,4
25,25,0.0,4,4
25,40,61.4,4,4
25,41,83.0,4,4
25,56,81.2,4,4
25,57,88.7,4,4
25,72,82.5,4,4
25,73,84.0,4,4
25,88,76.0,4,4
25,89,82.4,4,4
25,102,78.5,4,4
25,103,78.8,4,4
25,116,84.8,4,4
25,117,83.3,4,4
25,130,88.3,4,4
25,131,91.7,4,4
25,140,79.9,4,4
25,141,84.8,4,4
25,10,86.7,4,5
25,11,86.1,4,5
25,26,83.3,4,5
25,27,80.7,4,5
25,42,79.0,4,5
25,43,86.7,4,5
25,58,92.3,4,5
25,59,90.4,4,5
25,74,88.2,4,5
25,75,92.6,4,5
25,90,90.1,4,5
25,91,97.2,4,5
25,104,91.1,4,5
25,105,86.0,4,5
25,118,84.7,4,5
25,119,87.5,4,5
25,132,79.9,4,5
25,133,86.1,4,5
25,142,81.4,4,5
25,143,87.2,4,5
25,12,89.6,4,6
25,13,78.2,4,6
25,28,91.8,4,6
25,29,75.1,4,6
25,44,92.3,4,6
25,45,93.1,4,6
25,60,93.5,4,6
25,61,101.7,4,6
25,76,83.5,4,6
25,77,94.5,4,6
25,92,99.8,4,6
25,93,92.2,4,6
25,106,95.7,4,6
25,107,93.0,4,6
25,120,95.9,4,6
25,121,92.4,4,6
25,134,98.8,4,6
25,135,92.1,4,6
25,144,98.2,4,6
25,145,95.5,4,6
25,14,92.2,4,7
25,15,94.5,4,7
25,30,92.5,4,7
25,31,84.5,4,7
25,46,96.3,4,7
25,47,96.4,4,7
25,62,91.2,4,7
25,63,90.5,4,7
25,78,89.7,4,7
25,79,86.4,4,7
25,94,91.5,4,7
25,95,90.9,4,7
25,108,93.6,4,7
25,109,94.1,4,7
25,122,87.9,4,7
25,123,93.5,4,7
25,136,83.5,4,7
25,137,84.1,4,7
25,146,93.9,4,7
25,147,86.0,4,7
40,150,277.2,4,9
40,151,275.8,4,9
40,148,285.8,4,8
40,149,282.0,4,8
40,0,279.8,4,0
40,1,281.9,4,0
40,16,280.7,4,0
40,17,282.3,4,0
40,32,283.9,4,0
40,33,285.9,4,0
40,48,285.4,4,0
40,49,287.5,4,0
40,64,285.7,4,0
40,65,287.8,4,0
40,80,288.1,4,0
40,81,288.2,4,0
40,2,288.3,4,2
40,3,282.2,4,2
40,18,287.9,4,2
40,19,288.6,4,2
40,34,284.9,4,2
40,35,279.0,4,2
40,50,283.6,4,2
40,51,281.4,4,2
40,66,283.6,4,2
40,67,289.1,4,2
40,82,282.7,4,2
40,83,286.7,4,2
40,96,282.2,4,2
40,97,285.3,4,2
40,110,290.7,4,2
40,111,285.8,4,2
40,124,286.4,4,2
40,125,287.7,4,2
40,4,285.7,4,3
40,5,287.3,4,3
40,20,287.6,4,3
40,21,284.9,4,3
40,36,291.2,4,3
40,37,287.3,4,3
40,52,283.3,4,3
40,53,281.0,4,3
40,68,290.6,4,3
40,69,283.0,4,3
40,84,287.8,4,3
40,85,284.3,4,3
40,98,289.0,4,3
40,99,281.9,4,3
40,112,286.0,4,3
40,113,285.1,4,3
40,126,288.5,4,3
40,127,285.7,4,3
40,6,286.2,4,1
40,7,292.3,4,1
40,22,286.5,4,1
40,23,287.9,4,1
40,38,285.5,4,1
40,39,289.9,4,1
40,54,286.8,4,1
40,55,285.1,4,1
40,70,287.5,4,1
40,71,282.7,4,1
40,86,288.2,4,1
40,87,288.3,4,1
40,100,291.1,4,1
40,101,285.1,4,1
40,114,287.7,4,1
40,115,294.9,4,1
40,128,284.5,4,1
40,129,279.5,4,1
40,138,281.1,4,1
40,139,276.4,4,1
40,8,70.7,4,4
40,9,62.1,4,4
40,24,53.8,4,4
40,25,61.4,4,4
40,40,0.0,4,4
40,41,74.1,4,4
40,56,72.0,4,4
40,57,79.2,4,4
40,72,77.0,4,4
40,73,74.5,4,4
40,88,73.2,4,4
40,89,75.4,4,4
40,102,73.0,4,4
40,103,69.5,4,4
40,116,81.8,4,4
40,117,74.7,4,4
40,130,81.9,4,4
40,131,89.0,4,4
40,140,73.0,4,4
40,141,80.2,4,4
40,10,81.0,4,5
40,11,75.6,4,5
40,26,80.8,4,5
40,27,77.3,4,5
40,42,70.8,4,5
40,43,83.2,4,5
40,58,86.1,4,5
40,59,79.3,4,5
40,74,77.1,4,5
40,75,87.6,4,5
40,90,81.2,4,5
40,91,88.3,4,5
40,104,83.4,4,5
40,105,80.0,4,5
40,118,84.5,4,5
40,119,85.2,4,5
40,132,83.2,4,5
40,133,83.8,4,5
40,142,84.7,4,5
40,143,79.6,4,5
40,12,93.5,4,6
40,13,87.7,4,6
40,28,85.3,4,6
40,29,79.3,4,6
40,44,86.3,4,6
40,45,88.4,4,6
40,60,87.6,4,6
40,61,96.1,4,6
40,76,86.5,4,6
40,77,86.9,4,6
40,92,83.1,4,6
40,93,91.9,4,6
40,106,89.7,4,6
40,107,87.6,4,6
40,120,91.4,4,6
40,121,89.0,4,6
40,134,95.3,4,6
40,135,89.9,4,6
40,144,96.0,4,6
40,145,92.4,4,6
40,14,88.2,4,7
40,15,89.9,4,7
40,30,90.7,4,7
40,31,83.5,4,7
40,46,92.7,4,7
40,47,91.1,4,7
40,62,85.9,4,7
40,63,90.3,4,7
40,78,86.1,4,7
40,79,88.2,4,7
40,94,87.3,4,7
40,95,90.3,4,7
40,108,91.2,4,7
40,109,91.5,4,7
40,122,80.4,4,7
40,123,87.8,4,7
40,136,83.3,4,7
40,137,85.4,4,7
40,146,89.0,4,7
40,147,88.9,4,7
41,150,281.1,4,9
41,151,280.4,4,9
41,148,289.4,4,8
41,149,285.3,4,8
41,0,284.5,4,0
41,1,285.8,4,0
41,16,284.5,4,0
41,17,285.9,4,0
41,32,287.8,4,0
41,33,289.0,4,0
41,48,288.7,4,0
41,49,290.3,4,0
41,64,290.0,4,0
41,65,290.8,4,0
41,80,290.7,4,0
41,81,291.7,4,0
41,2,292.0,4,2
41,3,285.5,4,2
41,18,291.0,4,2
41,19,292.4,4,2
41,34,287.6,4,2
41,35,282.6,4,2
41,50,287.0,4,2
41,51,285.4,4,2
41,66,287.0,4,2
41,67,293.0,4,2
41,82,286.8,4,2
41,83,290.5,4,2
41,96,284.9,4,2
41,97,287.7,4,2
41,110,294.2,4,2
41,111,289.5,4,2
41,124,289.1,4,2
41,125,291.7,4,2
41,4,288.8,4,3
41,5,290.5,4,3
41,20,290.9,4,3
41,21,288.5,4,3
41,36,294.6,4,3
41,37,291.0,4,3
41,52,286.9,4,3
41,53,284.4,4,3
41,68,294.9,4,3
41,69,285.8,4,3
41,84,292.3,4,3
41,85,287.9,4,3
41,98,291.9,4,3
41,99,285.0,4,3
41,112,288.7,4,3
41,113,289.0,4,3
41,126,291.5,4,3
41,127,290.0,4,3
41,6,288.9,4,1
41,7,295.1,4,1
41,22,289.9,4,1
41,23,291.3,4,1
41,38,288.7,4,1
41,39,293.1,4,1
41,54,290.1,4,1
41,55,288.1,4,1
41,70,290.6,4,1
41,71,285.6,4,1
41,86,290.8,4,1
41,87,292.2,4,1
41,100,294.3,4,1
41,101,287.9,4,1
41,114,290.1,4,1
41,115,297.6,4,1
41,128,287.7,4,1
41,129,284.0,4,1
41,138,284.5,4,1
41,139,279.6,4,1
41,8,76.2,4,4
41,9,69.4,4,4
41,24,70.0,4,4
41,25,83.0,4,4
41,40,74.1,4,4
41,41,0.0,4,4
41,56,56.7,4,4
41,57,59.9,4,4
41,72,66.8,4,4
41,73,59.5,4,4
41,88,64.1,4,4
41,89,69.8,4,4
41,102,64.2,4,4
41,103,65.0,4,4
41,116,78.4,4,4
41,117,79.5,4,4
41,130,82.4,4,4
41,131,85.1,4,4
41,140,72.5,4,4
41,141,67.7,4,4
41,10,69.3,4,5
41,11,77.9,4,5
41,26,72.8,4,5
41,27,72.4,4,5
41,42,64.3,4,5
41,43,75.6,4,5
41,58,80.7,4,5
41,59,79.5,4,5
41,74,81.0,4,5
41,75,78.2,4,5
41,90,79.4,4,5
41,91,81.1,4,5
41,104,83.9,4,5
41,105,82.4,4,5
41,118,83.6,4,5
41,119,94.9,4,5
41,132,92.6,4,5
41,133,82.9,4,5
41,142,82.6,4,5
41,143,80.2,4,5
41,12,89.3,4,6
41,13,86.6,4,6
41,28,86.9,4,6
41,29,82.8,4,6
41,44,85.1,4,6
41,45,92.2,4,6
41,60,90.3,4,6
41,61,97.2,4,6
41,76,95.9,4,6
41,77,86.2,4,6
41,92,89.0,4,6
41,93,96.0,4,6
41,106,92.4,4,6
41,107,89.6,4,6
41,120,87.1,4,6
41,121,84.0,4,6
41,134,90.9,4,6
41,135,90.9,4,6
41,144,81.5,4,6
41,145,84.0,4,6
41,14,82.3,4,7
41,15,82.6,4,7
41,30,87.7,4,7
41,31,83.0,4,7
41,46,86.9,4,7
41,47,96.4,4,7
41,62,81.0,4,7
41,63,83.5,4,7
41,78,83.5,4,7
41,79,83.6,4,7
41,94,86.5,4,7
41,95,84.9,4,7
41,108,85.6,4,7
41,109,85.9,4,7
41,122,86.8,4,7
41,123,81.4,4,7
41,136,87.9,4,7
41,137,80.6,4,7
41,146,82.7,4,7
41,147,83.0,4,7
56,150,278.6,4,9
56,151,276.1,4,9
56,148,287.2,4,8
56,149,282.6,4,8
56,0,282.2,4,0
56,1,282.5,4,0
56,16,280.5,4,0
56,17,283.4,4,0
56,32,284.8,4,0
56,33,286.8,4,0
56,48,286.5,4,0
56,49,288.1,4,0
56,64,287.5,4,0
56,65,288.0,4,0
56,80,287.9,4,0
56,81,289.1,4,0
56,2,289.1,4,2
56,3,281.2,4,2
56,18,287.8,4,2
56,19,289.6,4,2
56,34,284.8,4,2
56,35,279.3,4,2
56,50,284.0,4,2
56,51,282.3,4,2
56,66,284.6,4,2
56,67,289.9,4,2
56,82,283.7,4,2
56,83,287.6,4,2
56,96,281.8,4,2
56,97,284.6,4,2
56,110,291.6,4,2
56,111,286.1,4,2
56,124,285.9,4,2
56,125,288.7,4,2
56,4,286.1,4,3
56,5,287.6,4,3
56,20,288.0,4,3
56,21,285.5,4,3
56,36,291.2,4,3
56,37,287.2,4,3
56,52,282.3,4,3
56,53,281.0,4,3
56,68,291.1,4,3
56,69,282.7,4,3
56,84,288.8,4,3
56,85,284.3,4,3
56,98,289.0,4,3
56,99,281.8,4,3
56,112,285.9,4,3
56,113,286.3,4,3
56,126,288.6,4,3
56,127,286.9,4,3
56,6,286.1,4,1
56,7,292.1,4,1
56,22,286.7,4,1
56,23,288.0,4,1
56,38,286.0,4,1
56,39,290.1,4,1
56,54,287.2,4,1
56,55,285.4,4,1
56,70,287.7,4,1
56,71,283.0,4,1
56,86,288.2,4,1
56,87,289.2,4,1
56,100,291.3,4,1
56,101,285.3,4,1
56,114,287.4,4,1
56,115,295.0,4,1
56,128,284.8,4,1
56,129,281.2,4,1
56,138,282.1,4,1
56,139,276.7,4,1
56,8,72.8,4,4
56,9,75.7,4,4
56,24,73.8,4,4
56,25,81.2,4,4
56,40,72.0,4,4
56,41,56.7,4,4
56,56,0.0,4,4
56,57,69.6,4,4
56,72,68.9,4,4
56,73,65.4,4,4
56,88,66.1,4,4
56,89,69.5,4,4
56,102,68.1,4,4
56,103,66.6,4,4
56,116,74.4,4,4
56,117,78.0,4,4
56,130,78.4,4,4
56,131,84.7,4,4
56,140,70.0,4,4
56,141,75.7,4,4
56,10,72.1,4,5
56,11,76.0,4,5
56,26,75.7,4,5
56,27,74.0,4,5
56,42,72.2,4,5
56,43,76.4,4,5
56,58,81.2,4,5
56,59,73.1,4,5
56,74,77.8,4,5
56,75,77.6,4,5
56,90,75.6,4,5
56,91,83.1,4,5
56,104,74.8,4,5
56,105,76.7,4,5
56,118,79.3,4,5
56,119,92.1,4,5
56,132,87.9,4,5
56,133,83.9,4,5
56,142,85.9,4,5
56,143,78.5,4,5
56,12,88.3,4,6
56,13,85.6,4,6
56,28,83.5,4,6
56,29,80.6,4,6
56,44,83.5,4,6
56,45,91.1,4,6
56,60,89.1,4,6
56,61,93.3,4,6
56,76,92.4,4,6
56,77,77.1,4,6
56,92,90.6,4,6
56,93,95.6,4,6
56,106,88.0,4,6
56,107,87.7,4,6
56,120,90.8,4,6
56,121,87.1,4,6
56,134,91.9,4,6
56,135,85.0,4,6
56,144,89.5,4,6
56,145,86.6,4,6
56,14,83.2,4,7
56,15,85.7,4,7
56,30,80.4,4,7
56,31,83.4,4,7
56,46,87.3,4,7
56,47,92.4,4,7
56,62,85.9,4,7
56,63,90.1,4,7
56,78,85.6,4,7
56,79,87.6,4,7
56,94,86.1,4,7
56,95,83.1,4,7
56,108,85.3,4,7
56,109,88.8,4,7
56,122,81.9,4,7
56,123,88.2,4,7
56,136,86.2,4,7
56,137,82.6,4,7
56,146,85.5,4,7
56,147,86.8,4,7
57,150,280.4,4,9
57,151,280.8,4,9
57,148,289.1,4,8
57,149,285.7,4,8
57,0,284.9,4,0
57,1,286.3,4,0
57,16,285.0,4,0
57,17,286.3,4,0
57,32,288.2,4,0
57,33,289.4,4,0
57,48,288.6,4,0
57,49,290.7,4,0
57,64,290.0,4,0
57,65,290.0,4,0
57,80,291.1,4,0
57,81,291.9,4,0
57,2,291.8,4,2
57,3,286.8,4,2
57,18,291.9,4,2
57,19,292.6,4,2
57,34,288.5,4,2
57,35,283.0,4,2
57,50,287.4,4,2
57,51,286.0,4,2
57,66,287.4,4,2
57,67,294.0,4,2
57,82,287.8,4,2
57,83,291.7,4,2
57,96,286.7,4,2
57,97,289.2,4,2
57,110,295.1,4,2
57,111,289.8,4,2
57,124,290.3,4,2
57,125,291.9,4,2
57,4,289.0,4,3
57,5,291.0,4,3
57,20,291.3,4,3
57,21,289.4,4,3
57,36,295.4,4,3
57,37,291.2,4,3
57,52,287.0,4,3
57,53,284.5,4,3
57,68,295.0,4,3
57,69,285.9,4,3
57,84,292.7,4,3
57,85,288.6,4,3
57,98,292.3,4,3
57,99,285.2,4,3
57,112,288.4,4,3
57,113,289.3,4,3
57,126,292.1,4,3
57,127,290.1,4,3
57,6,289.4,4,1
57,7,296.4,4,1
57,22,290.6,4,1
57,23,291.8,4,1
57,38,288.7,4,1
57,39,293.5,4,1
57,54,290.8,4,1
57,55,288.9,4,1
57,70,290.9,4,1
57,71,286.7,4,1
57,86,292.5,4,1
57,87,292.2,4,1
57,100,295.2,4,1
57,101,288.3,4,1
57,114,291.3,4,1
57,115,298.2,4,1
57,128,288.3,4,1
57,129,284.6,4,1
57,138,284.6,4,1
57,139,279.9,4,1
57,8,81.0,4,4
57,9,80.6,4,4
57,24,75.6,4,4
57,25,88.7,4,4
57,40,79.2,4,4
57,41,59.9,4,4
57,56,69.6,4,4
57,57,0.0,4,4
57,72,72.7,4,4
57,73,55.8,4,4
57,88,65.1,4,4
57,89,75.3,4,4
57,102,66.9,4,4
57,103,67.5,4,4
57,116,81.1,4,4
57,117,75.3,4,4
57,130,87.1,4,4
57,131,81.9,4,4
57,140,71.1,4,4
57,141,78.9,4,4
57,10,79.9,4,5
57,11,84.8,4,5
57,26,75.2,4,5
57,27,74.3,4,5
57,42,80.7,4,5
57,43,86.3,4,5
57,58,88.5,4,5
57,59,88.3,4,5
57,74,84.5,4,5
57,75,86.4,4,5
57,90,84.1,4,5
57,91,84.8,4,5
57,104,89.3,4,5
57,105,84.0,4,5
57,118,90.5,4,5
57,119,104.8,4,5
57,132,99.8,4,5
57,133,95.9,4,5
57,142,87.5,4,5
57,143,90.7,4,5
57,12,92.7,4,6
57,13,85.5,4,6
57,28,94.2,4,6
57,29,89.8,4,6
57,44,90.6,4,6
57,45,94.5,4,6
57,60,89.3,4,6
57,61,102.4,4,6
57,76,102.3,4,6
57,77,92.4,4,6
57,92,96.5,4,6
57,93,104.5,4,6
57,106,94.6,4,6
57,107,97.7,4,6
57,120,87.7,4,6
57,121,95.3,4,6
57,134,101.5,4,6
57,135,96.0,4,6
57,144,88.2,4,6
57,145,88.6,4,6
57,14,85.0,4,7
57,15,89.3,4,7
57,30,95.5,4,7
57,31,91.4,4,7
57,46,97.5,4,7
57,47,103.4,4,7
57,62,88.3,4,7
57,63,94.1,4,7
57,78,91.0,4,7
57,79,85.5,4,7
57,94,92.0,4,7
57,95,88.8,4,7
57,108,86.1,4,7
57,109,89.8,4,7
57,122,93.6,4,7
57,123,90.2,4,7
57,136,95.1,4,7
57,137,88.2,4,7
57,146,91.3,4,7
57,147,89.2,4,7
72,150,278.0,4,9
72,151,277.5,4,9
72,148,286.9,4,8
72,149,283.1,4,8
72,0,281.5,4,0
72,1,283.0,4,0
72,16,281.5,4,0
72,17,283.0,4,0
72,32,285.2,4,0
72,33,286.2,4,0
72,48,285.6,4,0
72,49,287.8,4,0
72,64,287.1,4,0
72,65,288.4,4,0
72,80,287.8,4,0
72,81,289.2,4,0
72,2,289.1,4,2
72,3,283.3,4,2
72,18,289.0,4,2
72,19,290.0,4,2
72,34,284.9,4,2
72,35,279.6,4,2
72,50,284.0,4,2
72,51,282.1,4,2
72,66,283.9,4,2
72,67,290.4,4,2
72,82,284.2,4,2
72,83,288.1,4,2
72,96,281.2,4,2
72,97,286.0,4,2
72,110,291.9,4,2
72,111,285.6,4,2
72,124,286.6,4,2
72,125,289.4,4,2
72,4,286.3,4,3
72,5,288.5,4,3
72,20,288.2,4,3
72,21,285.0,4,3
72,36,292.6,4,3
72,37,288.5,4,3
72,52,284.3,4,3
72,53,281.1,4,3
72,68,291.7,4,3
72,69,283.5,4,3
72,84,290.1,4,3
72,85,285.8,4,3
72,98,289.9,4,3
72,99,281.9,4,3
72,112,285.7,4,3
72,113,286.7,4,3
72,126,289.3,4,3
72,127,287.9,4,3
72,6,286.8,4,1
72,7,293.4,4,1
72,22,287.8,4,1
72,23,288.8,4,1
72,38,286.4,4,1
72,39,291.1,4,1
72,54,288.2,4,1
72,55,286.0,4,1
72,70,287.9,4,1
72,71,284.3,4,1
72,86,289.6,4,1
72,87,290.1,4,1
72,100,292.5,4,1
72,101,285.7,4,1
72,114,288.4,4,1
72,115,295.9,4,1
72,128,285.6,4,1
72,129,281.2,4,1
72,138,280.6,4,1
72,139,276.6,4,1
72,8,78.0,4,4
72,9,77.2,4,4
72,24,73.8,4,4
72,25,82.5,4,4
72,40,77.0,4,4
72,41,66.8,4,4
72,56,68.9,4,4
72,57,72.7,4,4
72,72,0.0,4,4
72,73,68.6,4,4
72,88,65.8,4,4
72,89,62.9,4,4
72,102,75.8,4,4
72,103,71.7,4,4
72,116,79.0,4,4
72,117,86.7,4,4
72,130,74.4,4,4
72,131,79.7,4,4
72,140,78.6,4,4
72,141,77.0,4,4
72,10,76.8,4,5
72,11,83.2,4,5
72,26,77.4,4,5
72,27,78.5,4,5
72,42,81.4,4,5
72,43,84.7,4,5
72,58,88.7,4,5
72,59,86.6,4,5
72,74,81.2,4,5
72,75,88.1,4,5
72,90,81.1,4,5
72,91,89.7,4,5
72,104,86.1,4,5
72,105,85.1,4,5
72,118,84.5,4,5
72,119,85.2,4,5
72,132,92.9,4,5
72,133,84.0,4,5
72,142,85.4,4,5
72,143,86.2,4,5
72,12,92.3,4,6
72,13,86.1,4,6
72,28,90.1,4,6
72,29,80.2,4,6
72,44,88.9,4,6
72,45,90.9,4,6
72,60,87.9,4,6
72,61,95.7,4,6
72,76,89.7,4,6
72,77,85.7,4,6
72,92,90.5,4,6
72,93,91.6,4,6
72,106,90.1,4,6
72,107,81.7,4,6
72,120,90.0,4,6
72,121,92.4,4,6
72,134,96.1,4,6
72,135,91.4,4,6
72,144,90.9,4,6
72,145,86.8,4,6
72,14,85.8,4,7
72,15,85.9,4,7
72,30,90.3,4,7
72,31,87.7,4,7
72,46,92.9,4,7
72,47,81.3,4,7
72,62,78.4,4,7
72,63,87.0,4,7
72,78,82.9,4,7
72,79,86.2,4,7
72,94,88.6,4,7
72,95,88.5,4,7
72,108,88.3,4,7
72,109,90.1,4,7
72,122,88.4,4,7
72,123,92.7,4,7
72,136,83.0,4,7
72,137,84.5,4,7
72,146,86.4,4,7
72,147,86.4,4,7
73,150,283.0,4,9
73,151,281.6,4,9
73,148,290.8,4,8
73,149,287.0,4,8
73,0,285.9,4,0
73,1,287.3,4,0
73,16,285.9,4,0
73,17,287.8,4,0
73,32,289.7,4,0
73,33,290.4,4,0
73,48,290.0,4,0
73,49,292.5,4,0
73,64,291.6,4,0
73,65,292.0,4,0
73,80,291.6,4,0
73,81,293.0,4,0
73,2,292.9,4,2
73,3,287.2,4,2
73,18,292.6,4,2
73,19,294.0,4,2
73,34,289.5,4,2
73,35,284.0,4,2
73,50,288.8,4,2
73,51,287.3,4,2
73,66,289.4,4,2
73,67,295.0,4,2
73,82,288.8,4,2
73,83,292.7,4,2
73,96,288.5,4,2
73,97,289.5,4,2
73,110,296.2,4,2
73,111,290.0,4,2
73,124,291.1,4,2
73,125,292.8,4,2
73,4,290.1,4,3
73,5,292.1,4,3
73,20,292.4,4,3
73,21,290.2,4,3
73,36,296.2,4,3
73,37,292.1,4,3
73,52,287.6,4,3
73,53,285.8,4,3
73,68,295.8,4,3
73,69,287.3,4,3
73,84,293.6,4,3
73,85,289.3,4,3
73,98,293.3,4,3
73,99,286.4,4,3
73,112,289.9,4,3
73,113,289.9,4,3
73,126,293.1,4,3
73,127,291.3,4,3
73,6,290.4,4,1
73,7,297.4,4,1
73,22,291.3,4,1
73,23,293.0,4,1
73,38,290.3,4,1
73,39,294.7,4,1
73,54,292.1,4,1
73,55,289.8,4,1
73,70,292.0,4,1
73,71,287.8,4,1
73,86,293.5,4,1
73,87,293.2,4,1
73,100,296.0,4,1
73,101,289.5,4,1
73,114,292.5,4,1
73,115,299.4,4,1
73,128,289.3,4,1
73,129,286.0,4,1
73,138,286.2,4,1
73,139,281.8,4,1
73,8,66.4,4,4
73,9,74.7,4,4
73,24,72.6,4,4
73,25,84.0,4,4
73,40,74.5,4,4
73,41,59.5,4,4
73,56,65.4,4,4
73,57,55.8,4,4
73,72,68.6,4,4
73,73,0.0,4,4
73,88,69.3,4,4
73,89,70.4,4,4
73,102,62.2,4,4
73,103,66.6,4,4
73,116,70.5,4,4
73,117,76.1,4,4
73,130,79.8,4,4
73,131,85.2,4,4
73,140,76.8,4,4
73,141,72.3,4,4
73,10,73.1,4,5
73,11,78.9,4,5
73,26,73.8,4,5
73,27,64.9,4,5
73,42,75.3,4,5
73,43,81.2,4,5
73,58,81.6,4,5
73,59,82.6,4,5
73,74,75.8,4,5
73,75,73.3,4,5
73,90,78.9,4,5
73,91,83.8,4,5
73,104,81.4,4,5
73,105,75.9,4,5
73,118,86.0,4,5
73,119,99.1,4,5
73,132,94.8,4,5
73,133,89.5,4,5
73,142,88.0,4,5
73,143,82.5,4,5
73,12,87.9,4,6
73,13,85.5,4,6
73,28,84.0,4,6
73,29,82.8,4,6
73,44,82.0,4,6
73,45,93.6,4,6
73,60,90.1,4,6
73,61,99.9,4,6
73,76,96.4,4,6
73,77,85.9,4,6
73,92,90.8,4,6
73,93,98.7,4,6
73,106,88.9,4,6
73,107,90.2,4,6
73,120,89.1,4,6
73,121,92.0,4,6
73,134,94.1,4,6
73,135,92.0,4,6
73,144,86.3,4,6
73,145,82.3,4,6
73,14,84.8,4,7
73,15,84.3,4,7
73,30,90.8,4,7
73,31,85.0,4,7
73,46,88.9,4,7
73,47,94.2,4,7
73,62,83.9,4,7
73,63,85.8,4,7
73,78,80.0,4,7
73,79,80.7,4,7
73,94,84.4,4,7
73,95,82.7,4,7
73,108,78.1,4,7
73,109,83.1,4,7
73,122,85.6,4,7
73,123,81.1,4,7
73,136,89.6,4,7
73,137,81.1,4,7
73,146,84.0,4,7
73,147,76.9,4,7
88,150,285.2,4,9
88,151,283.6,4,9
88,148,292.9,4,8
88,149,289.4,4,8
88,0,288.3,4,0
88,1,290.0,4,0
88,16,288.6,4,0
88,17,289.6,4,0
88,32,291.6,4,0
88,33,293.8,4,0
88,48,292.8,4,0
88,49,294.8,4,0
88,64,293.4,4,0
88,65,295.2,4,0
88,80,294.8,4,0
88,81,295.9,4,0
88,2,296.0,4,2
88,3,289.9,4,2
88,18,295.1,4,2
88,19,296.2,4,2
88,34,291.4,4,2
88,35,286.3,4,2
88,50,290.3,4,2
88,51,288.9,4,2
88,66,291.2,4,2
88,67,296.6,4,2
88,82,290.9,4,2
88,83,294.5,4,2
88,96,289.3,4,2
88,97,292.4,4,2
88,110,298.1,4,2
88,111,293.9,4,2
88,124,294.1,4,2
88,125,295.8,4,2
88,4,293.1,4,3
88,5,294.6,4,3
88,20,295.1,4,3
88,21,292.7,4,3
88,36,298.4,4,3
88,37,295.1,4,3
88,52,290.3,4,3
88,53,288.6,4,3
88,68,298.2,4,3
88,69,290.4,4,3
88,84,296.3,4,3
88,85,291.9,4,3
88,98,295.6,4,3
88,99,289.4,4,3
88,112,293.1,4,3
88,113,293.2,4,3
88,126,295.9,4,3
88,127,293.8,4,3
88,6,293.2,4,1
88,7,299.3,4,1
88,22,293.3,4,1
88,23,295.2,4,1
88,38,293.1,4,1
88,39,296.7,4,1
88,54,294.2,4,1
88,55,291.1,4,1
88,70,293.9,4,1
88,71,289.8,4,1
88,86,294.8,4,1
88,87,296.0,4,1
88,100,298.5,4,1
88,101,292.2,4,1
88,114,294.8,4,1
88,115,301.7,4,1
88,128,291.6,4,1
88,129,288.1,4,1
88,138,289.1,4,1
88,139,283.6,4,1
88,8,78.5,4,4
88,9,74.9,4,4
88,24,62.2,4,4
88,25,76.0,4,4
88,40,73.2,4,4
88,41,64.1,4,4
88,56,66.1,4,4
88,57,65.1,4,4
88,72,65.8,4,4
88,73,69.3,4,4
88,88,0.0,4,4
88,89,71.6,4,4
88,102,60.9,4,4
88,103,73.0,4,4
88,116,75.5,4,4
88,117,77.5,4,4
88,130,80.5,4,4
88,131,86.5,4,4
88,140,75.5,4,4
88,141,71.0,4,4
88,10,71.3,4,5
88,11,74.6,4,5
88,26,66.4,4,5
88,27,72.0,4,5
88,42,69.8,4,5
88,43,78.5,4,5
88,58,86.1,4,5
88,59,76.8,4,5
88,74,84.4,4,5
88,75,80.0,4,5
88,90,79.1,4,5
88,91,86.3,4,5
88,104,80.6,4,5
88,105,78.3,4,5
88,118,84.9,4,5
88,119,92.6,4,5
88,132,83.1,4,5
88,133,76.8,4,5
88,142,76.1,4,5
88,143,75.8,4,5
88,12,89.2,4,6
88,13,84.7,4,6
88,28,85.3,4,6
88,29,78.1,4,6
88,44,74.2,4,6
88,45,90.5,4,6
88,60,90.5,4,6
88,61,92.9,4,6
88,76,86.3,4,6
88,77,90.8,4,6
88,92,91.8,4,6
88,93,94.4,4,6
88,106,87.5,4,6
88,107,87.2,4,6
88,120,85.8,4,6
88,121,84.5,4,6
88,134,89.8,4,6
88,135,86.8,4,6
88,144,87.6,4,6
88,145,88.1,4,6
88,14,81.0,4,7
88,15,85.3,4,7
88,30,85.7,4,7
88,31,82.4,4,7
88,46,84.1,4,7
88,47,91.4,4,7
88,62,78.5,4,7
88,63,87.4,4,7
88,78,83.1,4,7
88,79,84.0,4,7
88,94,85.2,4,7
88,95,86.4,4,7
88,108,85.7,4,7
88,109,87.4,4,7
88,122,82.9,4,7
88,123,84.9,4,7
88,136,79.0,4,7
88,137,80.3,4,7
88,146,86.9,4,7
88,147,82.9,4,7
89,150,277.1,4,9
89,151,275.5,4,9
89,148,286.0,4,8
89,149,281.7,4,8
89,0,279.8,4,0
89,1,281.8,4,0
89,16,280.7,4,0
89,17,282.9,4,0
89,32,283.8,4,0
89,33,286.0,4,0
89,48,284.8,4,0
89,49,287.3,4,0
89,64,286.6,4,0
89,65,286.8,4,0
89,80,287.9,4,0
89,81,288.6,4,0
89,2,289.1,4,2
89,3,281.8,4,2
89,18,288.4,4,2
89,19,289.1,4,2
89,34,285.0,4,2
89,35,279.5,4,2
89,50,284.5,4,2
89,51,282.4,4,2
89,66,283.7,4,2
89,67,290.4,4,2
89,82,284.4,4,2
89,83,288.3,4,2
89,96,283.0,4,2
89,97,285.7,4,2
89,110,291.8,4,2
89,111,285.5,4,2
89,124,287.0,4,2
89,125,288.7,4,2
89,4,285.1,4,3
89,5,287.5,4,3
89,20,287.5,4,3
89,21,285.2,4,3
89,36,291.3,4,3
89,37,287.8,4,3
89,52,282.9,4,3
89,53,281.2,4,3
89,68,290.7,4,3
89,69,281.9,4,3
89,84,289.0,4,3
89,85,284.9,4,3
89,98,288.2,4,3
89,99,280.5,4,3
89,112,286.5,4,3
89,113,285.6,4,3
89,126,288.7,4,3
89,127,287.0,4,3
89,6,285.8,4,1
89,7,292.7,4,1
89,22,286.7,4,1
89,23,288.3,4,1
89,38,285.7,4,1
89,39,290.4,4,1
89,54,287.3,4,1
89,55,284.1,4,1
89,70,287.4,4,1
89,71,282.7,4,1
89,86,289.0,4,1
89,87,289.1,4,1
89,100,291.8,4,1
89,101,285.3,4,1
89,114,286.9,4,1
89,115,295.5,4,1
89,128,283.4,4,1
89,129,280.2,4,1
89,138,281.7,4,1
89,139,275.0,4,1
89,8,76.7,4,4
89,9,75.0,4,4
89,24,77.9,4,4
89,25,82.4,4,4
89,40,75.4,4,4
89,41,69.8,4,4
89,56,69.5,4,4
89,57,75.3,4,4
89,72,62.9,4,4
89,73,70.4,4,4
89,88,71.6,4,4
89,89,0.0,4,4
89,102,66.3,4,4
89,103,70.4,4,4
89,116,82.1,4,4
89,117,73.6,4,4
89,130,85.0,4,4
89,131,85.8,4,4
89,140,81.7,4,4
89,141,79.8,4,4
89,10,77.9,4,5
89,11,86.8,4,5
89,26,82.2,4,5
89,27,74.0,4,5
89,42,73.9,4,5
89,43,82.9,4,5
89,58,85.7,4,5
89,59,69.7,4,5
89,74,82.8,4,5
89,75,81.9,4,5
89,90,76.8,4,5
89,91,90.0,4,5
89,104,77.7,4,5
89,105,85.7,4,5
89,118,90.3,4,5
89,119,86.4,4,5
89,132,92.9,4,5
89,133,89.5,4,5
89,142,85.7,4,5
89,143,83.7,4,5
89,12,90.0,4,6
89,13,89.7,4,6
89,28,85.9,4,6
89,29,83.4,4,6
89,44,82.7,4,6
89,45,94.5,4,6
89,60,93.7,4,6
89,61,93.5,4,6
89,76,94.7,4,6
89,77,91.2,4,6
89,92,93.1,4,6
89,93,98.0,4,6
89,106,84.2,4,6
89,107,75.6,4,6
89,120,91.0,4,6
89,121,93.9,4,6
89,134,87.0,4,6
89,135,81.6,4,6
89,144,96.0,4,6
89,145,90.2,4,6
89,14,82.9,4,7
89,15,86.5,4,7
89,30,90.4,4,7
89,31,89.8,4,7
89,46,82.1,4,7
89,47,75.4,4,7
89,62,90.1,4,7
89,63,90.1,4,7
89,78,87.9,4,7
89,79,86.9,4,7
89,94,90.8,4,7
89,95,89.0,4,7
89,108,89.4,4,7
89,109,94.5,4,7
89,122,88.3,4,7
89,123,86.4,4,7
89,136,90.4,4,7
89,137,81.7,4,7
89,146,86.2,4,7
89,147,83.4,4,7
102,150,286.3,4,9
102,151,284.9,4,9
102,148,293.7,4,8
102,149,289.9,4,8
102,0,289.7,4,0
102,1,290.8,4,0
102,16,289.4,4,0
102,17,290.7,4,0
102,32,292.5,4,0
102,33,294.1,4,0
102,48,292.7,4,0
102,49,295.0,4,0
102,64,294.1,4,0
102,65,295.0,4,0
102,80,294.6,4,0
102,81,295.8,4,0
102,2,296.3,4,2
102,3,290.8,4,2
102,18,294.5,4,2
102,19,296.6,4,2
102,34,292.3,4,2
102,35,286.5,4,2
102,50,291.3,4,2
102,51,290.1,4,2
102,66,292.7,4,2
102,67,297.2,4,2
102,82,291.6,4,2
102,83,294.7,4,2
102,96,291.6,4,2
102,97,292.8,4,2
102,110,298.2,4,2
102,111,293.7,4,2
102,124,294.6,4,2
102,125,296.3,4,2
102,4,293.1,4,3
102,5,294.4,4,3
102,20,294.4,4,3
102,21,292.8,4,3
102,36,298.0,4,3
102,37,294.1,4,3
102,52,290.2,4,3
102,53,288.7,4,3
102,68,298.3,4,3
102,69,289.3,4,3
102,84,295.8,4,3
102,85,291.9,4,3
102,98,295.2,4,3
102,99,289.3,4,3
102,112,293.0,4,3
102,113,293.2,4,3
102,126,296.5,4,3
102,127,293.9,4,3
102,6,293.1,4,1
102,7,299.7,4,1
102,22,293.7,4,1
102,23,296.0,4,1
102,38,292.6,4,1
102,39,297.1,4,1
102,54,294.6,4,1
102,55,292.1,4,1
102,70,294.3,4,1
102,71,290.9,4,1
102,86,295.6,4,1
102,87,294.9,4,1
102,100,298.2,4,1
102,101,291.4,4,1
102,114,294.3,4,1
102,115,301.5,4,1
102,128,292.1,4,1
102,129,288.6,4,1
102,138,288.9,4,1
102,139,284.8,4,1
102,8,71.2,4,4
102,9,75.6,4,4
102,24,63.0,4,4
102,25,78.5,4,4
102,40,73.0,4,4
102,41,64.2,4,4
102,56,68.1,4,4
102,57,66.9,4,4
102,72,75.8,4,4
102,73,62.2,4,4
102,88,60.9,4,4
102,89,66.3,4,4
102,102,0.0,4,4
102,103,60.5,4,4
102,116,75.6,4,4
102,117,74.3,4,4
102,130,76.1,4,4
102,131,84.7,4,4
102,140,73.4,4,4
102,141,66.8,4,4
102,10,69.8,4,5
102,11,77.7,4,5
102,26,69.7,4,5
102,27,59.3,4,5
102,42,68.3,4,5
102,43,77.2,4,5
102,58,77.8,4,5
102,59,70.7,4,5
102,74,74.3,4,5
102,75,72.9,4,5
102,90,76.1,4,5
102,91,74.0,4,5
102,104,71.7,4,5
102,105,74.9,4,5
102,118,87.5,4,5
102,119,95.0,4,5
102,132,87.6,4,5
102,133,84.6,4,5
102,142,84.6,4,5
102,143,78.8,4,5
102,12,82.8,4,6
102,13,82.1,4,6
102,28,80.0,4,6
102,29,81.6,4,6
102,44,81.4,4,6
102,45,93.1,4,6
102,60,90.2,4,6
102,61,91.5,4,6
102,76,89.9,4,6
102,77,86.4,4,6
102,92,88.4,4,6
102,93,93.7,4,6
102,106,84.9,4,6
102,107,86.6,4,6
102,120,86.7,4,6
102,121,81.2,4,6
102,134,85.3,4,6
102,135,86.9,4,6
102,144,86.4,4,6
102,145,86.5,4,6
102,14,81.8,4,7
102,15,81.2,4,7
102,30,87.1,4,7
102,31,80.8,4,7
102,46,81.5,4,7
102,47,88.9,4,7
102,62,85.6,4,7
102,63,84.6,4,7
102,78,81.9,4,7
102,79,81.7,4,7
102,94,80.6,4,7
102,95,83.3,4,7
102,108,75.5,4,7
102,109,83.8,4,7
102,122,79.8,4,7
102,123,82.1,4,7
102,136,87.9,4,7
102,137,75.2,4,7
102,146,82.3,4,7
102,147,78.4,4,7
103,150,281.8,4,9
103,151,280.8,4,9
103,148,289.1,4,8
103,149,285.0,4,8
103,0,284.3,4,0
103,1,285.4,4,0
103,16,283.6,4,0
103,17,285.6,4,0
103,32,287.8,4,0
103,33,288.7,4,0
103,48,288.1,4,0
103,49,290.1,4,0
103,64,290.1,4,0
103,65,290.1,4,0
103,80,290.1,4,0
103,81,290.8,4,0
103,2,290.9,4,2
103,3,285.7,4,2
103,18,290.2,4,2
103,19,292.0,4,2
103,34,288.4,4,2
103,35,282.0,4,2
103,50,286.9,4,2
103,51,284.8,4,2
103,66,287.9,4,2
103,67,291.8,4,2
103,82,286.8,4,2
103,83,289.7,4,2
103,96,284.9,4,2
103,97,287.3,4,2
103,110,293.4,4,2
103,111,287.8,4,2
103,124,288.7,4,2
103,125,290.8,4,2
103,4,287.5,4,3
103,5,289.7,4,3
103,20,290.4,4,3
103,21,287.4,4,3
103,36,293.5,4,3
103,37,290.9,4,3
103,52,287.3,4,3
103,53,285.6,4,3
103,68,294.9,4,3
103,69,285.8,4,3
103,84,291.5,4,3
103,85,287.7,4,3
103,98,292.1,4,3
103,99,285.2,4,3
103,112,287.8,4,3
103,113,288.9,4,3
103,126,291.3,4,3
103,127,288.7,4,3
103,6,289.0,4,1
103,7,295.0,4,1
103,22,289.6,4,1
103,23,291.0,4,1
103,38,288.5,4,1
103,39,292.9,4,1
103,54,290.0,4,1
103,55,288.4,4,1
103,70,289.6,4,1
103,71,286.4,4,1
103,86,290.8,4,1
103,87,290.0,4,1
103,100,293.4,4,1
103,101,288.0,4,1
103,114,289.9,4,1
103,115,296.9,4,1
103,128,287.6,4,1
103,129,284.2,4,1
103,138,284.4,4,1
103,139,280.3,4,1
103,8,72.9,4,4
103,9,74.2,4,4
103,24,71.5,4,4
103,25,78.8,4,4
103,40,69.5,4,4
103,41,65.0,4,4
103,56,66.6,4,4
103,57,67.5,4,4
103,72,71.7,4,4
103,73,66.6,4,4
103,88,73.0,4,4
103,89,70.4,4,4
103,102,60.5,4,4
103,103,0.0,4,4
103,116,75.7,4,4
103,117,80.0,4,4
103,130,86.5,4,4
103,131,78.4,4,4
103,140,68.9,4,4
103,141,70.8,4,4
103,10,66.7,4,5
103,11,76.4,4,5
103,26,77.3,4,5
103,27,75.0,4,5
103,42,68.5,4,5
103,43,72.0,4,5
103,58,75.6,4,5
103,59,74.8,4,5
103,74,70.5,4,5
103,75,76.5,4,5
103,90,71.9,4,5
103,91,80.9,4,5
103,104,75.0,4,5
103,105,75.6,4,5
103,118,79.3,4,5
103,119,83.5,4,5
103,132,90.1,4,5
103,133,82.0,4,5
103,142,81.2,4,5
103,143,73.8,4,5
103,12,85.6,4,6
103,13,79.4,4,6
103,28,75.7,4,6
103,29,78.4,4,6
103,44,81.6,4,6
103,45,85.9,4,6
103,60,88.4,4,6
103,61,86.8,4,6
103,76,91.9,4,6
103,77,83.1,4,6
103,92,85.1,4,6
103,93,85.5,4,6
103,106,86.5,4,6
103,107,87.6,4,6
103,120,86.7,4,6
103,121,84.0,4,6
103,134,90.0,4,6
103,135,91.2,4,6
103,144,82.4,4,6
103,145,78.3,4,6
103,14,87.4,4,7
103,15,77.5,4,7
103,30,80.8,4,7
103,31,81.7,4,7
103,46,85.1,4,7
103,47,86.8,4,7
103,62,82.9,4,7
103,63,80.3,4,7
103,78,79.7,4,7
103,79,73.8,4,7
103,94,71.2,4,7
103,95,78.8,4,7
103,108,81.9,4,7
103,109,82.1,4,7
103,122,76.6,4,7
103,123,82.6,4,7
103,136,86.2,4,7
103,137,77.0,4,7
103,146,81.0,4,7
103,147,80.8,4,7
116,150,285.8,4,9
116,151,283.6,4,9
116,148,293.4,4,8
116,149,289.5,4,8
116,0,288.9,4,0
116,1,289.2,4,0
116,16,288.2,4,0
116,17,289.6,4,0
116,32,292.0,4,0
116,33,293.3,4,0
116,48,292.5,4,0
116,49,294.4,4,0
116,64,293.1,4,0
116,65,295.1,4,0
116,80,293.7,4,0
116,81,295.5,4,0
116,2,295.0,4,2
116,3,289.0,4,2
116,18,294.8,4,2
116,19,296.2,4,2
116,34,291.5,4,2
116,35,285.8,4,2
116,50,290.7,4,2
116,51,288.5,4,2
116,66,291.3,4,2
116,67,296.8,4,2
116,82,290.2,4,2
116,83,294.2,4,2
116,96,290.0,4,2
116,97,292.0,4,2
116,110,297.8,4,2
116,111,293.1,4,2
116,124,293.4,4,2
116,125,295.3,4,2
116,4,292.6,4,3
116,5,294.3,4,3
116,20,294.9,4,3
116,21,292.2,4,3
116,36,297.8,4,3
116,37,294.5,4,3
116,52,290.4,4,3
116,53,287.9,4,3
116,68,298.2,4,3
116,69,290.3,4,3
116,84,296.1,4,3
116,85,291.2,4,3
116,98,296.0,4,3
116,99,289.5,4,3
116,112,292.3,4,3
116,113,292.7,4,3
116,126,295.6,4,3
116,127,293.5,4,3
116,6,292.6,4,1
116,7,299.0,4,1
116,22,292.9,4,1
116,23,294.8,4,1
116,38,292.9,4,1
116,39,296.2,4,1
116,54,294.2,4,1
116,55,292.4,4,1
116,70,293.7,4,1
116,71,290.6,4,1
116,86,295.6,4,1
116,87,295.4,4,1
116,100,296.8,4,1
116,101,291.5,4,1
116,114,294.1,4,1
116,115,301.1,4,1
116,128,291.8,4,1
116,129,287.9,4,1
116,138,287.0,4,1
116,139,284.6,4,1
116,8,80.4,4,4
116,9,82.7,4,4
116,24,80.3,4,4
116,25,84.8,4,4
116,40,81.8,4,4
116,41,78.4,4,4
116,56,74.4,4,4
116,57,81.1,4,4
116,72,79.0,4,4
116,73,70.5,4,4
116,88,75.5,4,4
116,89,82.1,4,4
116,102,75.6,4,4
116,103,75.7,4,4
116,116,0.0,4,4
116,117,67.3,4,4
116,130,67.3,4,4
116,131,74.8,4,4
116,140,65.6,4,4
116,141,60.3,4,4
116,10,69.0,4,5
116,11,70.3,4,5
116,26,68.4,4,5
116,27,63.8,4,5
116,42,69.4,4,5
116,43,77.5,4,5
116,58,77.5,4,5
116,59,80.1,4,5
116,74,76.7,4,5
116,75,72.2,4,5
116,90,73.2,4,5
116,91,85.7,4,5
116,104,76.9,4,5
116,105,71.9,4,5
116,118,76.6,4,5
116,119,83.3,4,5
116,132,80.9,4,5
116,133,79.4,4,5
116,142,76.2,4,5
116,143,76.6,4,5
116,12,81.4,4,6
116,13,84.3,4,6
116,28,75.2,4,6
116,29,77.5,4,6
116,44,78.5,4,6
116,45,87.8,4,6
116,60,90.5,4,6
116,61,95.2,4,6
116,76,90.2,4,6
116,77,81.0,4,6
116,92,88.6,4,6
116,93,88.3,4,6
116,106,84.1,4,6
116,107,88.2,4,6
116,120,91.5,4,6
116,121,88.4,4,6
116,134,88.6,4,6
116,135,90.0,4,6
116,144,89.0,4,6
116,145,88.4,4,6
116,14,83.1,4,7
116,15,83.1,4,7
116,30,78.8,4,7
116,31,79.1,4,7
116,46,86.4,4,7
116,47,94.6,4,7
116,62,87.1,4,7
116,63,85.4,4,7
116,78,81.2,4,7
116,79,83.7,4,7
116,94,80.6,4,7
116,95,78.4,4,7
116,108,75.8,4,7
116,109,79.3,4,7
116,122,82.2,4,7
116,123,86.3,4,7
116,136,84.9,4,7
116,137,76.9,4,7
116,146,85.9,4,7
116,147,83.0,4,7
117,150,281.1,4,9
117,151,277.8,4,9
117,148,289.2,4,8
117,149,285.9,4,8
117,0,283.9,4,0
117,1,285.1,4,0
117,16,285.1,4,0
117,17,286.4,4,0
117,32,287.7,4,0
117,33,289.8,4,0
117,48,289.0,4,0
117,49,291.4,4,0
117,64,288.8,4,0
117,65,290.6,4,0
117,80,291.8,4,0
117,81,292.9,4,0
117,2,292.1,4,2
117,3,285.2,4,2
117,18,292.5,4,2
117,19,292.6,4,2
117,34,288.7,4,2
117,35,282.8,4,2
117,50,287.9,4,2
117,51,285.6,4,2
117,66,288.5,4,2
117,67,294.4,4,2
117,82,288.0,4,2
117,83,291.7,4,2
117,96,287.7,4,2
117,97,290.2,4,2
117,110,294.7,4,2
117,111,289.7,4,2
117,124,291.1,4,2
117,125,291.1,4,2
117,4,289.6,4,3
117,5,291.5,4,3
117,20,292.1,4,3
117,21,289.9,4,3
117,36,295.0,4,3
117,37,291.2,4,3
117,52,287.0,4,3
117,53,284.3,4,3
117,68,294.0,4,3
117,69,286.3,4,3
117,84,292.5,4,3
117,85,288.7,4,3
117,98,292.5,4,3
117,99,286.9,4,3
117,112,289.2,4,3
117,113,289.3,4,3
117,126,293.0,4,3
117,127,290.2,4,3
117,6,290.3,4,1
117,7,296.3,4,1
117,22,289.9,4,1
117,23,292.2,4,1
117,38,290.6,4,1
117,39,294.0,4,1
117,54,292.0,4,1
117,55,289.1,4,1
117,70,291.0,4,1
117,71,288.1,4,1
117,86,292.7,4,1
117,87,292.7,4,1
117,100,295.4,4,1
117,101,288.7,4,1
117,114,292.2,4,1
117,115,299.1,4,1
117,128,287.7,4,1
117,129,284.8,4,1
117,138,286.0,4,1
117,139,281.3,4,1
117,8,86.1,4,4
117,9,86.5,4,4
117,24,76.3,4,4
117,25,83.3,4,4
117,40,74.7,4,4
117,41,79.5,4,4
117,56,78.0,4,4
117,57,75.3,4,4
117,72,86.7,4,4
117,73,76.1,4,4
117,88,77.5,4,4
117,89,73.6,4,4
117,102,74.3,4,4
117,103,80.0,4,4
117,116,67.3,4,4
117,117,0.0,4,4
117,130,69.9,4,4
117,131,70.1,4,4
117,140,69.2,4,4
117,141,77.4,4,4
117,10,76.3,4,5
117,11,74.6,4,5
117,26,78.1,4,5
117,27,67.6,4,5
117,42,69.6,4,5
117,43,80.7,4,5
117,58,83.9,4,5
117,59,80.5,4,5
117,74,81.4,4,5
117,75,80.6,4,5
117,90,82.0,4,5
117,91,89.5,4,5
117,104,73.6,4,5
117,105,83.4,4,5
117,118,90.4,4,5
117,119,95.1,4,5
117,132,92.0,4,5
117,133,93.0,4,5
117,142,91.6,4,5
117,143,85.8,4,5
117,12,87.5,4,6
117,13,85.2,4,6
117,28,84.2,4,6
117,29,87.4,4,6
117,44,89.7,4,6
117,45,101.0,4,6
117,60,101.9,4,6
117,61,96.7,4,6
117,76,101.9,4,6
117,77,94.1,4,6
117,92,99.2,4,6
117,93,103.2,4,6
117,106,90.2,4,6
117,107,86.1,4,6
117,120,98.4,4,6
117,121,90.1,4,6
117,134,88.2,4,6
117,135,89.8,4,6
117,144,97.1,4,6
117,145,96.2,4,6
117,14,82.7,4,7
117,15,95.7,4,7
117,30,92.9,4,7
117,31,88.0,4,7
117,46,86.7,4,7
117,47,91.4,4,7
117,62,95.2,4,7
117,63,92.6,4,7
117,78,95.2,4,7
117,79,86.2,4,7
117,94,94.0,4,7
117,95,86.0,4,7
117,108,88.6,4,7
117,109,97.2,4,7
117,122,88.9,4,7
117,123,96.3,4,7
117,136,92.9,4,7
117,137,86.1,4,7
117,146,95.3,4,7
117,147,90.0,4,7
130,150,283.1,4,9
130,151,280.7,4,9
130,148,290.7,4,8
130,149,287.8,4,8
130,0,286.1,4,0
130,1,287.0,4,0
130,16,286.2,4,0
130,17,287.5,4,0
130,32,288.9,4,0
130,33,291.7,4,0
130,48,290.7,4,0
130,49,292.3,4,0
130,64,291.0,4,0
130,65,293.5,4,0
130,80,292.4,4,0
130,81,294.3,4,0
130,2,294.0,4,2
130,3,287.2,4,2
130,18,293.9,4,2
130,19,294.4,4,2
130,34,289.9,4,2
130,35,284.3,4,2
130,50,288.9,4,2
130,51,287.2,4,2
130,66,289.5,4,2
130,67,295.2,4,2
130,82,288.9,4,2
130,83,292.9,4,2
130,96,287.1,4,2
130,97,291.1,4,2
130,110,295.6,4,2
130,111,291.3,4,2
130,124,292.2,4,2
130,125,293.8,4,2
130,4,291.1,4,3
130,5,293.4,4,3
130,20,293.4,4,3
130,21,290.4,4,3
130,36,297.0,4,3
130,37,292.1,4,3
130,52,288.0,4,3
130,53,284.0,4,3
130,68,294.3,4,3
130,69,287.5,4,3
130,84,293.9,4,3
130,85,289.7,4,3
130,98,294.5,4,3
130,99,287.4,4,3
130,112,289.6,4,3
130,113,290.9,4,3
130,126,294.3,4,3
130,127,291.8,4,3
130,6,291.6,4,1
130,7,297.2,4,1
130,22,291.9,4,1
130,23,294.0,4,1
130,38,291.4,4,1
130,39,294.7,4,1
130,54,293.0,4,1
130,55,289.6,4,1
130,70,291.2,4,1
130,71,289.1,4,1
130,86,293.6,4,1
130,87,294.3,4,1
130,100,297.0,4,1
130,101,288.4,4,1
130,114,293.1,4,1
130,115,300.5,4,1
130,128,290.1,4,1
130,129,285.5,4,1
130,138,285.5,4,1
130,139,282.5,4,1
130,8,83.6,4,4
130,9,89.1,4,4
130,24,82.3,4,4
130,25,88.3,4,4
130,40,81.9,4,4
130,41,82.4,4,4
130,56,78.4,4,4
130,57,87.1,4,4
130,72,74.4,4,4
130,73,79.8,4,4
130,88,80.5,4,4
130,89,85.0,4,4
130,102,76.1,4,4
130,103,86.5,4,4
130,116,67.3,4,4
130,117,69.9,4,4
130,130,0.0,4,4
130,131,75.2,4,4
130,140,71.2,4,4
130,141,76.2,4,4
130,10,73.8,4,5
130,11,66.9,4,5
130,26,72.7,4,5
130,27,72.7,4,5
130,42,79.3,4,5
130,43,88.9,4,5
130,58,84.8,4,5
130,59,85.2,4,5
130,74,80.4,4,5
130,75,83.1,4,5
130,90,86.6,4,5
130,91,85.2,4,5
130,104,81.5,4,5
130,105,83.9,4,5
130,118,88.0,4,5
130,119,97.9,4,5
130,132,89.3,4,5
130,133,86.7,4,5
130,142,95.4,4,5
130,143,88.7,4,5
130,12,89.3,4,6
130,13,88.2,4,6
130,28,83.1,4,6
130,29,89.9,4,6
130,44,85.9,4,6
130,45,96.7,4,6
130,60,95.0,4,6
130,61,91.8,4,6
130,76,93.8,4,6
130,77,85.4,4,6
130,92,90.6,4,6
130,93,86.7,4,6
130,106,88.3,4,6
130,107,83.0,4,6
130,120,95.2,4,6
130,121,94.3,4,6
130,134,89.4,4,6
130,135,87.6,4,6
130,144,96.1,4,6
130,145,96.7,4,6
130,14,85.8,4,7
130,15,90.1,4,7
130,30,92.1,4,7
130,31,82.0,4,7
130,46,88.8,4,7
130,47,90.8,4,7
130,62,90.3,4,7
130,63,94.7,4,7
130,78,91.4,4,7
130,79,93.6,4,7
130,94,92.5,4,7
130,95,91.0,4,7
130,108,83.6,4,7
130,109,93.8,4,7
130,122,91.5,4,7
130,123,98.3,4,7
130,136,89.6,4,7
130,137,80.2,4,7
130,146,92.1,4,7
130,147,93.2,4,7
131,150,280.0,4,9
131,151,279.1,4,9
131,148,288.6,4,8
131,149,285.5,4,8
131,0,283.6,4,0
131,1,285.2,4,0
131,16,284.1,4,0
131,17,285.4,4,0
131,32,287.5,4,0
131,33,287.6,4,0
131,48,287.9,4,0
131,49,290.4,4,0
131,64,288.9,4,0
131,65,289.5,4,0
131,80,290.9,4,0
131,81,291.1,4,0
131,2,290.3,4,2
131,3,284.4,4,2
131,18,291.4,4,2
131,19,292.4,4,2
131,34,287.6,4,2
131,35,281.6,4,2
131,50,286.5,4,2
131,51,283.2,4,2
131,66,286.9,4,2
131,67,293.1,4,2
131,82,285.8,4,2
131,83,290.8,4,2
131,96,282.9,4,2
131,97,288.3,4,2
131,110,293.8,4,2
131,111,286.3,4,2
131,124,288.5,4,2
131,125,291.0,4,2
131,4,288.0,4,3
131,5,291.1,4,3
131,20,291.1,4,3
131,21,287.8,4,3
131,36,294.7,4,3
131,37,290.1,4,3
131,52,287.3,4,3
131,53,283.9,4,3
131,68,294.6,4,3
131,69,285.5,4,3
131,84,292.3,4,3
131,85,287.9,4,3
131,98,292.2,4,3
131,99,284.8,4,3
131,112,288.2,4,3
131,113,289.2,4,3
131,126,292.5,4,3
131,127,289.8,4,3
131,6,289.3,4,1
131,7,295.6,4,1
131,22,290.0,4,1
131,23,291.4,4,1
131,38,288.6,4,1
131,39,293.0,4,1
131,54,290.5,4,1
131,55,288.8,4,1
131,70,290.5,4,1
131,71,286.5,4,1
131,86,290.0,4,1
131,87,292.6,4,1
131,100,294.8,4,1
131,101,287.1,4,1
131,114,291.1,4,1
131,115,297.1,4,1
131,128,288.4,4,1
131,129,282.7,4,1
131,138,283.1,4,1
131,139,279.3,4,1
131,8,88.2,4,4
131,9,92.1,4,4
131,24,88.0,4,4
131,25,91.7,4,4
131,40,89.0,4,4
131,41,85.1,4,4
131,56,84.7,4,4
131,57,81.9,4,4
131,72,79.7,4,4
131,73,85.2,4,4
131,88,86.5,4,4
131,89,85.8,4,4
131,102,84.7,4,4
131,103,78.4,4,4
131,116,74.8,4,4
131,117,70.1,4,4
131,130,75.2,4,4
131,131,0.0,4,4
131,140,73.3,4,4
131,141,81.6,4,4
131,10,76.3,4,5
131,11,89.5,4,5
131,26,87.1,4,5
131,27,78.8,4,5
131,42,79.5,4,5
131,43,86.7,4,5
131,58,87.3,4,5
131,59,89.4,4,5
131,74,75.2,4,5
131,75,87.6,4,5
131,90,78.3,4,5
131,91,88.9,4,5
131,104,83.7,4,5
131,105,85.5,4,5
131,118,91.9,4,5
131,119,83.2,4,5
131,132,97.2,4,5
131,133,90.1,4,5
131,142,96.7,4,5
131,143,81.1,4,5
131,12,86.3,4,6
131,13,85.5,4,6
131,28,92.6,4,6
131,29,90.1,4,6
131,44,94.7,4,6
131,45,100.9,4,6
131,60,105.6,4,6
131,61,105.6,4,6
131,76,104.6,4,6
131,77,95.1,4,6
131,92,101.4,4,6
131,93,96.7,4,6
131,106,97.7,4,6
131,107,92.6,4,6
131,120,103.0,4,6
131,121,96.3,4,6
131,134,98.3,4,6
131,135,101.4,4,6
131,144,95.8,4,6
131,145,97.8,4,6
131,14,98.7,4,7
131,15,96.2,4,7
131,30,94.5,4,7
131,31,96.4,4,7
131,46,97.4,4,7
131,47,97.9,4,7
131,62,96.0,4,7
131,63,98.8,4,7
131,78,98.2,4,7
131,79,95.4,4,7
131,94,95.6,4,7
131,95,84.6,4,7
131,108,91.6,4,7
131,109,101.4,4,7
131,122,93.0,4,7
131,123,104.0,4,7
131,136,93.8,4,7
131,137,91.8,4,7
131,146,99.3,4,7
131,147,98.1,4,7
140,150,286.2,4,9
140,151,285.8,4,9
140,148,295.2,4,8
140,149,290.9,4,8
140,0,290.3,4,0
140,1,290.8,4,0
140,16,289.1,4,0
140,17,290.5,4,0
140,32,293.2,4,0
140,33,294.7,4,0
140,48,293.9,4,0
140,49,296.2,4,0
140,64,295.1,4,0
140,65,296.6,4,0
140,80,296.4,4,0
140,81,296.4,4,0
140,2,296.5,4,2
140,3,290.7,4,2
140,18,296.6,4,2
140,19,298.0,4,2
140,34,293.3,4,2
140,35,287.8,4,2
140,50,292.3,4,2
140,51,290.2,4,2
140,66,292.8,4,2
140,67,298.1,4,2
140,82,291.8,4,2
140,83,295.5,4,2
140,96,290.5,4,2
140,97,293.7,4,2
140,110,298.9,4,2
140,111,294.4,4,2
140,124,294.9,4,2
140,125,296.8,4,2
140,4,294.3,4,3
140,5,296.1,4,3
140,20,295.9,4,3
140,21,293.3,4,3
140,36,299.4,4,3
140,37,295.7,4,3
140,52,292.9,4,3
140,53,289.8,4,3
140,68,300.4,4,3
140,69,290.9,4,3
140,84,297.2,4,3
140,85,292.8,4,3
140,98,298.2,4,3
140,99,291.6,4,3
140,112,294.0,4,3
140,113,294.5,4,3
140,126,297.4,4,3
140,127,295.1,4,3
140,6,294.7,4,1
140,7,300.6,4,1
140,22,295.0,4,1
140,23,296.9,4,1
140,38,294.1,4,1
140,39,298.6,4,1
140,54,295.7,4,1
140,55,294.0,4,1
140,70,295.8,4,1
140,71,291.3,4,1
140,86,296.2,4,1
140,87,297.2,4,1
140,100,298.8,4,1
140,101,293.2,4,1
140,114,296.4,4,1
140,115,303.0,4,1
140,128,293.7,4,1
140,129,289.1,4,1
140,138,290.2,4,1
140,139,286.1,4,1
140,8,84.1,4,4
140,9,76.1,4,4
140,24,69.9,4,4
140,25,79.9,4,4
140,40,73.0,4,4
140,41,72.5,4,4
140,56,70.0,4,4
140,57,71.1,4,4
140,72,78.6,4,4
140,73,76.8,4,4
140,88,75.5,4,4
140,89,81.7,4,4
140,102,73.4,4,4
140,103,68.9,4,4
140,116,65.6,4,4
140,117,69.2,4,4
140,130,71.2,4,4
140,131,73.3,4,4
140,140,0.0,4,4
140,141,68.3,4,4
140,10,67.5,4,5
140,11,71.4,4,5
140,26,68.6,4,5
140,27,61.9,4,5
140,42,60.9,4,5
140,43,74.0,4,5
140,58,76.2,4,5
140,59,78.9,4,5
140,74,71.4,4,5
140,75,72.7,4,5
140,90,69.9,4,5
140,91,76.6,4,5
140,104,74.6,4,5
140,105,67.4,4,5
140,118,75.5,4,5
140,119,80.6,4,5
140,132,79.2,4,5
140,133,79.4,4,5
140,142,79.1,4,5
140,143,76.0,4,5
140,12,79.8,4,6
140,13,80.4,4,6
140,28,78.9,4,6
140,29,77.1,4,6
140,44,77.7,4,6
140,45,83.5,4,6
140,60,82.2,4,6
140,61,90.6,4,6
140,76,86.6,4,6
140,77,77.4,4,6
140,92,83.6,4,6
140,93,87.6,4,6
140,106,85.0,4,6
140,107,86.1,4,6
140,120,84.0,4,6
140,121,81.9,4,6
140,134,88.2,4,6
140,135,86.6,4,6
140,144,81.8,4,6
140,145,84.1,4,6
140,14,76.5,4,7
140,15,84.2,4,7
140,30,75.8,4,7
140,31,77.3,4,7
140,46,87.9,4,7
140,47,95.4,4,7
140,62,80.4,4,7
140,63,85.3,4,7
140,78,86.0,4,7
140,79,78.5,4,7
140,94,79.9,4,7
140,95,79.5,4,7
140,108,81.0,4,7
140,109,83.7,4,7
140,122,74.1,4,7
140,123,84.3,4,7
140,136,79.4,4,7
140,137,83.7,4,7
140,146,87.0,4,7
140,147,87.0,4,7
141,150,288.8,4,9
141,151,287.4,4,9
141,148,295.6,4,8
141,149,291.9,4,8
141,0,291.4,4,0
141,1,292.5,4,0
141,16,291.2,4,0
141,17,291.4,4,0
141,32,294.2,4,0
141,33,295.9,4,0
141,48,295.1,4,0
141,49,296.5,4,0
141,64,295.5,4,0
141,65,297.7,4,0
141,80,296.3,4,0
141,81,298.1,4,0
141,2,297.6,4,2
141,3,292.6,4,2
141,18,296.6,4,2
141,19,298.6,4,2
141,34,294.7,4,2
141,35,289.1,4,2
141,50,293.4,4,2
141,51,291.2,4,2
141,66,294.0,4,2
141,67,299.2,4,2
141,82,292.9,4,2
141,83,297.0,4,2
141,96,292.5,4,2
141,97,294.7,4,2
141,110,300.2,4,2
141,111,295.5,4,2
141,124,295.4,4,2
141,125,297.4,4,2
141,4,295.1,4,3
141,5,296.7,4,3
141,20,297.2,4,3
141,21,294.5,4,3
141,36,300.1,4,3
141,37,297.7,4,3
141,52,293.6,4,3
141,53,291.4,4,3
141,68,301.3,4,3
141,69,293.3,4,3
141,84,298.6,4,3
141,85,294.5,4,3
141,98,298.4,4,3
141,99,292.1,4,3
141,112,295.1,4,3
141,113,295.1,4,3
141,126,298.1,4,3
141,127,295.8,4,3
141,6,295.4,4,1
141,7,301.6,4,1
141,22,295.7,4,1
141,23,297.6,4,1
141,38,295.7,4,1
141,39,299.4,4,1
141,54,296.9,4,1
141,55,294.9,4,1
141,70,296.5,4,1
141,71,293.1,4,1
141,86,297.8,4,1
141,87,297.9,4,1
141,100,299.4,4,1
141,101,294.0,4,1
141,114,296.3,4,1
141,115,303.0,4,1
141,128,294.2,4,1
141,129,291.7,4,1
141,138,291.3,4,1
141,139,288.2,4,1
141,8,83.6,4,4
141,9,74.3,4,4
141,24,72.6,4,4
141,25,84.8,4,4
141,40,80.2,4,4
141,41,67.7,4,4
141,56,75.7,4,4
141,57,78.9,4,4
141,72,77.0,4,4
141,73,72.3,4,4
141,88,71.0,4,4
141,89,79.8,4,4
141,102,66.8,4,4
141,103,70.8,4,4
141,116,60.3,4,4
141,117,77.4,4,4
141,130,76.2,4,4
141,131,81.6,4,4
141,140,68.3,4,4
141,141,0.0,4,4
141,10,57.9,4,5
141,11,66.6,4,5
141,26,62.7,4,5
141,27,57.8,4,5
141,42,57.2,4,5
141,43,66.9,4,5
141,58,75.1,4,5
141,59,77.7,4,5
141,74,77.1,4,5
141,75,72.7,4,5
141,90,74.5,4,5
141,91,84.5,4,5
141,104,77.8,4,5
141,105,78.7,4,5
141,118,80.4,4,5
141,119,85.3,4,5
141,132,86.0,4,5
141,133,67.1,4,5
141,142,77.0,4,5
141,143,78.3,4,5
141,12,82.7,4,6
141,13,87.1,4,6
141,28,76.1,4,6
141,29,77.2,4,6
141,44,76.9,4,6
141,45,87.0,4,6
141,60,90.2,4,6
141,61,93.9,4,6
141,76,90.0,4,6
141,77,83.2,4,6
141,92,82.5,4,6
141,93,86.5,4,6
141,106,86.9,4,6
141,107,87.7,4,6
141,120,84.6,4,6
141,121,81.5,4,6
141,134,86.4,4,6
141,135,89.9,4,6
141,144,81.1,4,6
141,145,81.4,4,6
141,14,74.8,4,7
141,15,74.9,4,7
141,30,75.3,4,7
141,31,75.6,4,7
141,46,80.9,4,7
141,47,92.2,4,7
141,62,79.5,4,7
141,63,75.0,4,7
141,78,80.4,4,7
141,79,79.3,4,7
141,94,72.9,4,7
141,95,77.5,4,7
141,108,80.8,4,7
141,109,78.0,4,7
141,122,78.5,4,7
141,123,81.4,4,7
141,136,84.9,4,7
141,137,74.4,4,7
141,146,77.3,4,7
141,147,73.2,4,7
10,150,286.2,5,9
10,151,284.8,5,9
10,148,294.0,5,8
10,149,289.9,5,8
10,0,289.2,5,0
10,1,290.3,5,0
10,16,289.0,5,0
10,17,290.3,5,0
10,32,292.1,5,0
10,33,293.2,5,0
10,48,293.0,5,0
10,49,294.9,5,0
10,64,294.3,5,0
10,65,295.7,5,0
10,80,295.0,5,0
10,81,295.9,5,0
10,2,296.2,5,2
10,3,289.7,5,2
10,18,295.3,5,2
10,19,297.0,5,2
10,34,291.7,5,2
10,35,286.5,5,2
10,50,290.7,5,2
10,51,289.0,5,2
10,66,291.7,5,2
10,67,296.6,5,2
10,82,290.8,5,2
10,83,294.3,5,2
10,96,288.8,5,2
10,97,292.5,5,2
10,110,298.3,5,2
10,111,293.0,5,2
10,124,293.8,5,2
10,125,296.1,5,2
10,4,292.9,5,3
10,5,295.1,5,3
10,20,295.0,5,3
10,21,292.5,5,3
10,36,298.2,5,3
10,37,294.9,5,3
10,52,291.2,5,3
10,53,287.9,5,3
10,68,298.9,5,3
10,69,290.5,5,3
10,84,296.0,5,3
10,85,291.9,5,3
10,98,296.3,5,3
10,99,290.4,5,3
10,112,292.9,5,3
10,113,292.9,5,3
10,126,296.4,5,3
10,127,294.2,5,3
10,6,293.1,5,1
10,7,299.6,5,1
10,22,293.9,5,1
10,23,295.3,5,1
10,38,293.2,5,1
10,39,297.1,5,1
10,54,294.2,5,1
10,55,292.3,5,1
10,70,294.4,5,1
10,71,291.0,5,1
10,86,294.8,5,1
10,87,295.8,5,1
10,100,298.4,5,1
10,101,291.7,5,1
10,114,294.9,5,1
10,115,301.7,5,1
10,128,292.2,5,1
10,129,289.1,5,1
10,138,290.0,5,1
10,139,285.1,5,1
10,8,78.0,5,4
10,9,82.2,5,4
10,24,75.8,5,4
10,25,86.7,5,4
10,40,81.0,5,4
10,41,69.3,5,4
10,56,72.1,5,4
10,57,79.9,5,4
10,72,76.8,5,4
10,73,73.1,5,4
10,88,71.3,5,4
10,89,77.9,5,4
10,102,69.8,5,4
10,103,66.7,5,4
10,116,69.0,5,4
10,117,76.3,5,4
10,130,73.8,5,4
10,131,76.3,5,4
10,140,67.5,5,4
10,141,57.9,5,4
10,10,0.0,5,5
10,11,63.0,5,5
10,26,63.0,5,5
10,27,65.0,5,5
10,42,59.0,5,5
10,43,74.2,5,5
10,58,73.8,5,5
10,59,72.7,5,5
10,74,71.6,5,5
10,75,65.3,5,5
10,90,72.8,5,5
10,91,79.6,5,5
10,104,74.2,5,5
10,105,76.0,5,5
10,118,76.5,5,5
10,119,83.9,5,5
10,132,86.0,5,5
10,133,75.6,5,5
10,142,74.9,5,5
10,143,67.9,5,5
10,12,76.3,5,6
10,13,83.6,5,6
10,28,76.0,5,6
10,29,79.7,5,6
10,44,75.9,5,6
10,45,88.5,5,6
10,60,91.6,5,6
10,61,87.9,5,6
10,76,90.6,5,6
10,77,82.8,5,6
10,92,76.8,5,6
10,93,81.2,5,6
10,106,84.5,5,6
10,107,83.2,5,6
10,120,84.6,5,6
10,121,81.9,5,6
10,134,82.8,5,6
10,135,83.3,5,6
10,144,76.4,5,6
10,145,84.1,5,6
10,14,79.3,5,7
10,15,79.6,5,7
10,30,79.5,5,7
10,31,77.4,5,7
10,46,75.2,5,7
10,47,89.0,5,7
10,62,82.1,5,7
10,63,81.1,5,7
10,78,83.7,5,7
10,79,80.8,5,7
10,94,79.4,5,7
10,95,82.0,5,7
10,108,79.0,5,7
10,109,82.0,5,7
10,122,77.9,5,7
10,123,81.6,5,7
10,136,80.9,5,7
10,137,76.2,5,7
10,146,77.3,5,7
10,147,81.7,5,7
11,150,286.2,5,9
11,151,284.3,5,9
11,148,293.7,5,8
11,149,289.6,5,8
11,0,288.8,5,0
11,1,290.2,5,0
11,16,288.2,5,0
11,17,290.1,5,0
11,32,290.9,5,0
11,33,293.6,5,0
11,48,293.2,5,0
11,49,293.8,5,0
11,64,294.3,5,0
11,65,295.6,5,0
11,80,294.6,5,0
11,81,296.2,5,0
11,2,296.1,5,2
11,3,289.8,5,2
11,18,295.3,5,2
11,19,295.8,5,2
11,34,292.6,5,2
11,35,286.2,5,2
11,50,290.5,5,2
11,51,289.3,5,2
11,66,291.7,5,2
11,67,296.2,5,2
11,82,290.5,5,2
11,83,294.0,5,2
11,96,289.6,5,2
11,97,292.5,5,2
11,110,297.8,5,2
11,111,293.4,5,2
11,124,293.7,5,2
11,125,295.2,5,2
11,4,293.2,5,3
11,5,294.2,5,3
11,20,294.8,5,3
11,21,292.6,5,3
11,36,298.4,5,3
11,37,295.0,5,3
11,52,288.8,5,3
11,53,288.2,5,3
11,68,296.1,5,3
11,69,290.2,5,3
11,84,295.2,5,3
11,85,292.3,5,3
11,98,296.3,5,3
11,99,289.6,5,3
11,112,293.1,5,3
11,113,293.1,5,3
11,126,295.5,5,3
11,127,293.0,5,3
11,6,293.0,5,1
11,7,298.2,5,1
11,22,293.9,5,1
11,23,295.3,5,1
11,38,293.8,5,1
11,39,297.1,5,1
11,54,294.7,5,1
11,55,292.3,5,1
11,70,293.6,5,1
11,71,291.0,5,1
11,86,296.0,5,1
11,87,295.3,5,1
11,100,298.7,5,1
11,101,292.6,5,1
11,114,294.2,5,1
11,115,301.9,5,1
11,128,291.8,5,1
11,129,288.2,5,1
11,138,289.8,5,1
11,139,285.1,5,1
11,8,72.5,5,4
11,9,85.9,5,4
11,24,78.2,5,4
11,25,86.1,5,4
11,40,75.6,5,4
11,41,77.9,5,4
11,56,76.0,5,4
11,57,84.8,5,4
11,72,83.2,5,4
11,73,78.9,5,4
11,88,74.6,5,4
11,89,86.8,5,4
11,102,77.7,5,4
11,103,76.4,5,4
11,116,70.3,5,4
11,117,74.6,5,4
11,130,66.9,5,4
11,131,89.5,5,4
11,140,71.4,5,4
11,141,66.6,5,4
11,10,63.0,5,5
11,11,0.0,5,5
11,26,63.6,5,5
11,27,68.2,5,5
11,42,65.7,5,5
11,43,82.7,5,5
11,58,82.7,5,5
11,59,83.4,5,5
11,74,80.1,5,5
11,75,81.6,5,5
11,90,84.6,5,5
11,91,84.9,5,5
11,104,79.7,5,5
11,105,74.9,5,5
11,118,83.1,5,5
11,119,94.6,5,5
11,132,83.8,5,5
11,133,82.3,5,5
11,142,83.3,5,5
11,143,83.3,5,5
11,12,87.9,5,6
11,13,85.3,5,6
11,28,71.9,5,6
11,29,83.3,5,6
11,44,77.9,5,6
11,45,88.9,5,6
11,60,89.9,5,6
11,61,82.8,5,6
11,76,87.0,5,6
11,77,86.2,5,6
11,92,82.1,5,6
11,93,87.9,5,6
11,106,88.9,5,6
11,107,88.3,5,6
11,120,80.6,5,6
11,121,82.3,5,6
11,134,87.9,5,6
11,135,87.2,5,6
11,144,87.5,5,6
11,145,88.5,5,6
11,14,81.7,5,7
11,15,78.9,5,7
11,30,84.7,5,7
11,31,72.6,5,7
11,46,83.1,5,7
11,47,91.9,5,7
11,62,87.3,5,7
11,63,87.6,5,7
11,78,84.4,5,7
11,79,85.0,5,7
11,94,84.8,5,7
11,95,88.3,5,7
11,108,85.0,5,7
11,109,84.5,5,7
11,122,81.4,5,7
11,123,90.2,5,7
11,136,82.8,5,7
11,137,74.3,5,7
11,146,85.8,5,7
11,147,84.8,5,7
26,150,289.0,5,9
26,151,286.3,5,9
26,148,295.6,5,8
26,149,292.4,5,8
26,0,292.4,5,0
26,1,293.1,5,0
26,16,291.8,5,0
26,17,293.0,5,0
26,32,295.0,5,0
26,33,296.8,5,0
26,48,295.8,5,0
26,49,297.7,5,0
26,64,296.1,5,0
26,65,298.4,5,0
26,80,297.7,5,0
26,81,299.2,5,0
26,2,299.0,5,2
26,3,293.5,5,2
26,18,298.2,5,2
26,19,299.1,5,2
26,34,294.6,5,2
26,35,289.7,5,2
26,50,293.3,5,2
26,51,292.0,5,2
26,66,294.8,5,2
26,67,299.9,5,2
26,82,294.3,5,2
26,83,297.5,5,2
26,96,293.0,5,2
26,97,295.6,5,2
26,110,300.9,5,2
26,111,296.9,5,2
26,124,296.9,5,2
26,125,298.7,5,2
26,4,296.4,5,3
26,5,297.6,5,3
26,20,298.1,5,3
26,21,295.8,5,3
26,36,301.6,5,3
26,37,298.3,5,3
26,52,293.8,5,3
26,53,291.6,5,3
26,68,301.8,5,3
26,69,293.5,5,3
26,84,299.4,5,3
26,85,295.2,5,3
26,98,299.0,5,3
26,99,293.5,5,3
26,112,296.1,5,3
26,113,296.3,5,3
26,126,298.9,5,3
26,127,297.1,5,3
26,6,296.0,5,1
26,7,302.5,5,1
26,22,295.9,5,1
26,23,297.2,5,1
26,38,296.4,5,1
26,39,300.4,5,1
26,54,297.8,5,1
26,55,296.0,5,1
26,70,297.6,5,1
26,71,293.6,5,1
26,86,299.1,5,1
26,87,299.3,5,1
26,100,301.5,5,1
26,101,295.0,5,1
26,114,297.9,5,1
26,115,304.6,5,1
26,128,294.9,5,1
26,129,292.3,5,1
26,138,292.2,5,1
26,139,288.6,5,1
26,8,83.9,5,4
26,9,83.2,5,4
26,24,66.7,5,4
26,25,83.3,5,4
26,40,80.8,5,4
26,41,72.8,5,4
26,56,75.7,5,4
26,57,75.2,5,4
26,72,77.4,5,4
26,73,73.8,5,4
26,88,66.4,5,4
26,89,82.2,5,4
26,102,69.7,5,4
26,103,77.3,5,4
26,116,68.4,5,4
26,117,78.1,5,4
26,130,72.7,5,4
26,131,87.1,5,4
26,140,68.6,5,4
26,141,62.7,5,4
26,10,63.0,5,5
26,11,63.6,5,5
26,26,0.0,5,5
26,27,66.3,5,5
26,42,66.8,5,5
26,43,78.2,5,5
26,58,76.4,5,5
26,59,85.6,5,5
26,74,82.6,5,5
26,75,78.8,5,5
26,90,83.1,5,5
26,91,79.8,5,5
26,104,83.8,5,5
26,105,82.2,5,5
26,118,75.7,5,5
26,119,96.9,5,5
26,132,85.8,5,5
26,133,81.7,5,5
26,142,80.7,5,5
26,143,86.9,5,5
26,12,87.0,5,6
26,13,86.1,5,6
26,28,82.7,5,6
26,29,82.5,5,6
26,44,79.7,5,6
26,45,89.3,5,6
26,60,83.5,5,6
26,61,91.1,5,6
26,76,76.6,5,6
26,77,85.9,5,6
26,92,84.2,5,6
26,93,91.2,5,6
26,106,91.9,5,6
26,107,87.4,5,6
26,120,78.5,5,6
26,121,79.9,5,6
26,134,90.2,5,6
26,135,90.1,5,6
26,144,83.4,5,6
26,145,85.9,5,6
26,14,75.2,5,7
26,15,76.2,5,7
26,30,83.1,5,7
26,31,75.2,5,7
26,46,84.9,5,7
26,47,92.2,5,7
26,62,78.7,5,7
26,63,78.7,5,7
26,78,78.8,5,7
26,79,82.1,5,7
26,94,82.7,5,7
26,95,85.0,5,7
26,108,83.3,5,7
26,109,78.2,5,7
26,122,81.4,5,7
26,123,82.5,5,7
26,136,84.1,5,7
26,137,76.7,5,7
26,146,80.8,5,7
26,147,80.7,5,7
27,150,285.6,5,9
27,151,283.1,5,9
27,148,292.5,5,8
27,149,288.6,5,8
27,0,288.3,5,0
27,1,289.7,5,0
27,16,288.4,5,0
27,17,289.9,5,0
27,32,291.5,5,0
27,33,293.5,5,0
27,48,292.6,5,0
27,49,294.5,5,0
27,64,293.1,5,0
27,65,294.9,5,0
27,80,293.9,5,0
27,81,295.6,5,0
27,2,295.2,5,2
27,3,289.7,5,2
27,18,293.9,5,2
27,19,295.5,5,2
27,34,291.8,5,2
27,35,286.0,5,2
27,50,290.2,5,2
27,51,288.7,5,2
27,66,291.8,5,2
27,67,296.7,5,2
27,82,290.7,5,2
27,83,294.2,5,2
27,96,290.6,5,2
27,97,292.2,5,2
27,110,297.5,5,2
27,111,293.1,5,2
27,124,293.6,5,2
27,125,295.1,5,2
27,4,292.6,5,3
27,5,293.9,5,3
27,20,294.5,5,3
27,21,292.5,5,3
27,36,297.5,5,3
27,37,293.7,5,3
27,52,290.0,5,3
27,53,288.3,5,3
27,68,297.7,5,3
27,69,288.1,5,3
27,84,295.8,5,3
27,85,291.8,5,3
27,98,295.1,5,3
27,99,289.2,5,3
27,112,292.8,5,3
27,113,292.2,5,3
27,126,295.9,5,3
27,127,293.4,5,3
27,6,292.5,5,1
27,7,299.0,5,1
27,22,293.0,5,1
27,23,294.9,5,1
27,38,292.5,5,1
27,39,296.8,5,1
27,54,294.3,5,1
27,55,292.2,5,1
27,70,294.0,5,1
27,71,290.4,5,1
27,86,295.7,5,1
27,87,295.0,5,1
27,100,297.8,5,1
27,101,291.6,5,1
27,114,294.4,5,1
27,115,301.3,5,1
27,128,291.1,5,1
27,129,288.4,5,1
27,138,289.1,5,1
27,139,285.2,5,1
27,8,79.8,5,4
27,9,78.3,5,4
27,24,69.1,5,4
27,25,80.7,5,4
27,40,77.3,5,4
27,41,72.4,5,4
27,56,74.0,5,4
27,57,74.3,5,4
27,72,78.5,5,4
27,73,64.9,5,4
27,88,72.0,5,4
27,89,74.0,5,4
27,102,59.3,5,4
27,103,75.0,5,4
27,116,63.8,5,4
27,117,67.6,5,4
27,130,72.7,5,4
27,131,78.8,5,4
27,140,61.9,5,4
27,141,57.8,5,4
27,10,65.0,5,5
27,11,68.2,5,5
27,26,66.3,5,5
27,27,0.0,5,5
27,42,59.8,5,5
27,43,76.2,5,5
27,58,79.1,5,5
27,59,71.3,5,5
27,74,75.4,5,5
27,75,71.6,5,5
27,90,73.5,5,5
27,91,76.9,5,5
27,104,72.8,5,5
27,105,74.7,5,5
27,118,85.2,5,5
27,119,90.0,5,5
27,132,85.8,5,5
27,133,81.9,5,5
27,142,82.1,5,5
27,143,79.0,5,5
27,12,80.6,5,6
27,13,82.9,5,6
27,28,75.8,5,6
27,29,75.4,5,6
27,44,76.0,5,6
27,45,90.5,5,6
27,60,90.3,5,6
27,61,92.5,5,6
27,76,91.0,5,6
27,77,83.7,5,6
27,92,86.9,5,6
27,93,91.7,5,6
27,106,83.9,5,6
27,107,86.5,5,6
27,120,82.2,5,6
27,121,84.3,5,6
27,134,85.8,5,6
27,135,88.0,5,6
27,144,86.3,5,6
27,145,88.0,5,6
27,14,78.8,5,7
27,15,83.8,5,7
27,30,79.9,5,7
27,31,75.3,5,7
27,46,77.5,5,7
27,47,91.1,5,7
27,62,84.4,5,7
27,63,81.7,5,7
27,78,84.2,5,7
27,79,80.7,5,7
27,94,81.8,5,7
27,95,80.1,5,7
27,108,74.2,5,7
27,109,81.9,5,7
27,122,78.6,5,7
27,123,84.1,5,7
27,136,82.8,5,7
27,137,77.3,5,7
27,146,82.9,5,7
27,147,80.1,5,7
42,150,288.7,5,9
42,151,287.1,5,9
42,148,296.1,5,8
42,149,292.1,5,8
42,0,291.5,5,0
42,1,292.7,5,0
42,16,291.6,5,0
42,17,292.2,5,0
42,32,294.4,5,0
42,33,295.9,5,0
42,48,295.5,5,0
42,49,297.2,5,0
42,64,296.6,5,0
42,65,297.9,5,0
42,80,297.4,5,0
42,81,298.3,5,0
42,2,298.1,5,2
42,3,292.0,5,2
42,18,297.4,5,2
42,19,298.7,5,2
42,34,295.0,5,2
42,35,289.3,5,2
42,50,293.6,5,2
42,51,291.9,5,2
42,66,294.9,5,2
42,67,299.3,5,2
42,82,293.4,5,2
42,83,296.6,5,2
42,96,292.8,5,2
42,97,294.8,5,2
42,110,300.3,5,2
42,111,295.4,5,2
42,124,296.2,5,2
42,125,297.6,5,2
42,4,295.6,5,3
42,5,297.1,5,3
42,20,296.9,5,3
42,21,294.7,5,3
42,36,300.2,5,3
42,37,297.5,5,3
42,52,294.1,5,3
42,53,291.5,5,3
42,68,301.6,5,3
42,69,293.0,5,3
42,84,298.2,5,3
42,85,294.2,5,3
42,98,298.5,5,3
42,99,292.6,5,3
42,112,295.7,5,3
42,113,295.3,5,3
42,126,298.5,5,3
42,127,296.4,5,3
42,6,295.7,5,1
42,7,301.2,5,1
42,22,296.0,5,1
42,23,298.0,5,1
42,38,295.9,5,1
42,39,299.3,5,1
42,54,296.7,5,1
42,55,294.4,5,1
42,70,296.6,5,1
42,71,292.5,5,1
42,86,296.4,5,1
42,87,297.9,5,1
42,100,300.1,5,1
42,101,294.3,5,1
42,114,297.0,5,1
42,115,303.9,5,1
42,128,294.4,5,1
42,129,291.4,5,1
42,138,292.4,5,1
42,139,288.0,5,1
42,8,81.2,5,4
42,9,67.7,5,4
42,24,70.6,5,4
42,25,79.0,5,4
42,40,70.8,5,4
42,41,64.3,5,4
42,56,72.2,5,4
42,57,80.7,5,4
42,72,81.4,5,4
42,73,75.3,5,4
42,88,69.8,5,4
42,89,73.9,5,4
42,102,68.3,5,4
42,103,68.5,5,4
42,116,69.4,5,4
42,117,69.6,5,4
42,130,79.3,5,4
42,131,79.5,5,4
42,140,60.9,5,4
42,141,57.2,5,4
42,10,59.0,5,5
42,11,65.7,5,5
42,26,66.8,5,5
42,27,59.8,5,5
42,42,0.0,5,5
42,43,65.5,5,5
42,58,70.1,5,5
42,59,68.9,5,5
42,74,73.2,5,5
42,75,65.5,5,5
42,90,65.4,5,5
42,91,77.4,5,5
42,104,68.2,5,5
42,105,71.1,5,5
42,118,78.5,5,5
42,119,79.6,5,5
42,132,80.0,5,5
42,133,72.2,5,5
42,142,74.5,5,5
42,143,66.6,5,5
42,12,78.6,5,6
42,13,83.8,5,6
42,28,70.7,5,6
42,29,73.4,5,6
42,44,72.7,5,6
42,45,84.9,5,6
42,60,90.2,5,6
42,61,90.0,5,6
42,76,85.9,5,6
42,77,83.0,5,6
42,92,80.7,5,6
42,93,86.7,5,6
42,106,83.1,5,6
42,107,83.3,5,6
42,120,85.9,5,6
42,121,78.1,5,6
42,134,81.3,5,6
42,135,86.5,5,6
42,144,77.2,5,6
42,145,83.5,5,6
42,14,78.2,5,7
42,15,80.8,5,7
42,30,74.0,5,7
42,31,76.9,5,7
42,46,76.9,5,7
42,47,88.1,5,7
42,62,79.9,5,7
42,63,76.2,5,7
42,78,80.9,5,7
42,79,78.2,5,7
42,94,77.3,5,7
42,95,80.4,5,7
42,108,80.1,5,7
42,109,81.9,5,7
42,122,74.0,5,7
42,123,77.4,5,7
42,136,78.6,5,7
42,137,78.0,5,7
42,146,80.7,5,7
42,147,78.4,5,7
43,150,290.8,5,9
43,151,289.2,5,9
43,148,297.7,5,8
43,149,294.1,5,8
43,0,294.1,5,0
43,1,293.9,5,0
43,16,292.6,5,0
43,17,294.5,5,0
43,32,296.7,5,0
43,33,298.2,5,0
43,48,297.5,5,0
43,49,299.2,5,0
43,64,298.1,5,0
43,65,299.3,5,0
43,80,299.2,5,0
43,81,299.6,5,0
43,2,298.8,5,2
43,3,294.0,5,2
43,18,299.1,5,2
43,19,301.0,5,2
43,34,296.3,5,2
43,35,290.9,5,2
43,50,295.7,5,2
43,51,293.2,5,2
43,66,296.4,5,2
43,67,301.1,5,2
43,82,295.5,5,2
43,83,298.6,5,2
43,96,295.0,5,2
43,97,296.1,5,2
43,110,302.3,5,2
43,111,297.3,5,2
43,124,298.2,5,2
43,125,299.1,5,2
43,4,297.6,5,3
43,5,298.6,5,3
43,20,299.2,5,3
43,21,296.8,5,3
43,36,302.3,5,3
43,37,299.3,5,3
43,52,295.8,5,3
43,53,293.8,5,3
43,68,303.2,5,3
43,69,295.2,5,3
43,84,300.3,5,3
43,85,295.7,5,3
43,98,300.5,5,3
43,99,294.0,5,3
43,112,297.8,5,3
43,113,297.6,5,3
43,126,299.8,5,3
43,127,298.3,5,3
43,6,296.9,5,1
43,7,302.9,5,1
43,22,297.8,5,1
43,23,300.0,5,1
43,38,298.0,5,1
43,39,301.6,5,1
43,54,298.9,5,1
43,55,297.1,5,1
43,70,298.9,5,1
43,71,294.8,5,1
43,86,300.0,5,1
43,87,299.9,5,1
43,100,301.0,5,1
43,101,297.1,5,1
43,114,299.1,5,1
43,115,305.8,5,1
43,128,296.6,5,1
43,129,293.4,5,1
43,138,294.2,5,1
43,139,289.4,5,1
43,8,87.7,5,4
43,9,82.1,5,4
43,24,78.1,5,4
43,25,86.7,5,4
43,40,83.2,5,4
43,41,75.6,5,4
43,56,76.4,5,4
43,57,86.3,5,4
43,72,84.7,5,4
43,73,81.2,5,4
43,88,78.5,5,4
43,89,82.9,5,4
43,102,77.2,5,4
43,103,72.0,5,4
43,116,77.5,5,4
43,117,80.7,5,4
43,130,88.9,5,4
43,131,86.7,5,4
43,140,74.0,5,4
43,141,66.9,5,4
43,10,74.2,5,5
43,11,82.7,5,5
43,26,78.2,5,5
43,27,76.2,5,5
43,42,65.5,5,5
43,43,0.0,5,5
43,58,55.3,5,5
43,59,69.2,5,5
43,74,67.2,5,5
43,75,64.8,5,5
43,90,66.3,5,5
43,91,79.8,5,5
43,104,73.5,5,5
43,105,77.9,5,5
43,118,77.2,5,5
43,119,81.6,5,5
43,132,81.7,5,5
43,133,78.2,5,5
43,142,75.6,5,5
43,143,76.1,5,5
43,12,77.4,5,6
43,13,83.9,5,6
43,28,76.7,5,6
43,29,74.7,5,6
43,44,78.8,5,6
43,45,89.8,5,6
43,60,94.4,5,6
43,61,96.9,5,6
43,76,92.6,5,6
43,77,86.2,5,6
43,92,89.6,5,6
43,93,95.1,5,6
43,106,89.9,5,6
43,107,92.0,5,6
43,120,91.9,5,6
43,121,83.1,5,6
43,134,85.8,5,6
43,135,91.4,5,6
43,144,81.8,5,6
43,145,80.6,5,6
43,14,84.3,5,7
43,15,82.1,5,7
43,30,73.4,5,7
43,31,78.9,5,7
43,46,83.5,5,7
43,47,94.0,5,7
43,62,82.9,5,7
43,63,75.5,5,7
43,78,77.6,5,7
43,79,79.7,5,7
43,94,79.9,5,7
43,95,72.0,5,7
43,108,79.7,5,7
43,109,85.3,5,7
43,122,71.8,5,7
43,123,83.2,5,7
43,136,83.9,5,7
43,137,79.5,5,7
43,146,82.3,5,7
43,147,74.7,5,7
58,150,288.7,5,9
58,151,286.8,5,9
58,148,294.8,5,8
58,149,291.7,5,8
58,0,291.3,5,0
58,1,291.7,5,0
58,16,290.1,5,0
58,17,292.2,5,0
58,32,294.2,5,0
58,33,295.6,5,0
58,48,294.8,5,0
58,49,296.8,5,0
58,64,296.3,5,0
58,65,296.5,5,0
58,80,296.7,5,0
58,81,297.1,5,0
58,2,296.9,5,2
58,3,291.4,5,2
58,18,296.6,5,2
58,19,298.3,5,2
58,34,293.6,5,2
58,35,288.1,5,2
58,50,292.7,5,2
58,51,291.5,5,2
58,66,294.5,5,2
58,67,297.9,5,2
58,82,292.6,5,2
58,83,296.2,5,2
58,96,292.1,5,2
58,97,294.0,5,2
58,110,299.5,5,2
58,111,294.1,5,2
58,124,295.3,5,2
58,125,296.8,5,2
58,4,294.5,5,3
58,5,296.0,5,3
58,20,296.1,5,3
58,21,293.8,5,3
58,36,299.3,5,3
58,37,295.8,5,3
58,52,293.0,5,3
58,53,289.7,5,3
58,68,300.2,5,3
58,69,291.3,5,3
58,84,297.3,5,3
58,85,292.6,5,3
58,98,297.6,5,3
58,99,291.7,5,3
58,112,294.2,5,3
58,113,294.2,5,3
58,126,295.9,5,3
58,127,295.2,5,3
58,6,294.1,5,1
58,7,300.6,5,1
58,22,295.1,5,1
58,23,297.2,5,1
58,38,295.0,5,1
58,39,298.4,5,1
58,54,295.6,5,1
58,55,293.8,5,1
58,70,295.6,5,1
58,71,292.3,5,1
58,86,296.6,5,1
58,87,296.9,5,1
58,100,298.6,5,1
58,101,293.4,5,1
58,114,296.0,5,1
58,115,302.8,5,1
58,128,293.7,5,1
58,129,290.3,5,1
58,138,290.8,5,1
58,139,286.6,5,1
58,8,88.3,5,4
58,9,87.8,5,4
58,24,84.1,5,4
58,25,92.3,5,4
58,40,86.1,5,4
58,41,80.7,5,4
58,56,81.2,5,4
58,57,88.5,5,4
58,72,88.7,5,4
58,73,81.6,5,4
58,88,86.1,5,4
58,89,85.7,5,4
58,102,77.8,5,4
58,103,75.6,5,4
58,116,77.5,5,4
58,117,83.9,5,4
58,130,84.8,5,4
58,131,87.3,5,4
58,140,76.2,5,4
58,141,75.1,5,4
58,10,73.8,5,5
58,11,82.7,5,5
58,26,76.4,5,5
58,27,79.1,5,5
58,42,70.1,5,5
58,43,55.3,5,5
58,58,0.0,5,5
58,59,67.8,5,5
58,74,66.1,5,5
58,75,62.4,5,5
58,90,61.5,5,5
58,91,70.8,5,5
58,104,70.2,5,5
58,105,74.3,5,5
58,118,70.9,5,5
58,119,82.0,5,5
58,132,78.4,5,5
58,133,79.2,5,5
58,142,77.1,5,5
58,143,73.6,5,5
58,12,75.2,5,6
58,13,81.7,5,6
58,28,74.8,5,6
58,29,80.2,5,6
58,44,76.2,5,6
58,45,85.5,5,6
58,60,91.0,5,6
58,61,92.6,5,6
58,76,90.1,5,6
58,77,80.8,5,6
58,92,84.0,5,6
58,93,89.8,5,6
58,106,83.0,5,6
58,107,88.9,5,6
58,120,89.0,5,6
58,121,81.9,5,6
58,134,81.8,5,6
58,135,87.9,5,6
58,144,77.7,5,6
58,145,79.4,5,6
58,14,86.6,5,7
58,15,78.3,5,7
58,30,79.0,5,7
58,31,77.3,5,7
58,46,83.2,5,7
58,47,90.8,5,7
58,62,81.4,5,7
58,63,82.1,5,7
58,78,83.5,5,7
58,79,80.2,5,7
58,94,79.3,5,7
58,95,75.9,5,7
58,108,76.1,5,7
58,109,82.4,5,7
58,122,78.6,5,7
58,123,80.6,5,7
58,136,71.2,5,7
58,137,76.4,5,7
58,146,82.5,5,7
58,147,80.5,5,7
59,150,284.6,5,9
59,151,282.9,5,9
59,148,293.7,5,8
59,149,288.9,5,8
59,0,287.8,5,0
59,1,289.6,5,0
59,16,288.0,5,0
59,17,289.5,5,0
59,32,290.9,5,0
59,33,293.2,5,0
59,48,291.7,5,0
59,49,294.2,5,0
59,64,294.4,5,0
59,65,294.3,5,0
59,80,293.9,5,0
59,81,294.2,5,0
59,2,295.1,5,2
59,3,287.6,5,2
59,18,294.0,5,2
59,19,295.8,5,2
59,34,290.9,5,2
59,35,285.5,5,2
59,50,290.3,5,2
59,51,289.3,5,2
59,66,291.9,5,2
59,67,296.0,5,2
59,82,289.1,5,2
59,83,294.0,5,2
59,96,289.2,5,2
59,97,290.9,5,2
59,110,297.1,5,2
59,111,291.9,5,2
59,124,293.0,5,2
59,125,294.9,5,2
59,4,291.1,5,3
59,5,293.7,5,3
59,20,293.2,5,3
59,21,290.7,5,3
59,36,295.7,5,3
59,37,292.8,5,3
59,52,288.9,5,3
59,53,286.3,5,3
59,68,296.5,5,3
59,69,288.0,5,3
59,84,293.5,5,3
59,85,289.5,5,3
59,98,294.4,5,3
59,99,287.8,5,3
59,112,291.7,5,3
59,113,290.9,5,3
59,126,295.0,5,3
59,127,292.1,5,3
59,6,291.8,5,1
59,7,297.6,5,1
59,22,292.5,5,1
59,23,294.9,5,1
59,38,291.7,5,1
59,39,294.9,5,1
59,54,292.1,5,1
59,55,289.1,5,1
59,70,292.0,5,1
59,71,288.7,5,1
59,86,292.2,5,1
59,87,293.5,5,1
59,100,296.7,5,1
59,101,289.9,5,1
59,114,292.0,5,1
59,115,300.3,5,1
59,128,290.2,5,1
59,129,287.4,5,1
59,138,288.8,5,1
59,139,282.5,5,1
59,8,81.4,5,4
59,9,86.9,5,4
59,24,83.4,5,4
59,25,90.4,5,4
59,40,79.3,5,4
59,41,79.5,5,4
59,56,73.1,5,4
59,57,88.3,5,4
59,72,86.6,5,4
59,73,82.6,5,4
59,88,76.8,5,4
59,89,69.7,5,4
59,102,70.7,5,4
59,103,74.8,5,4
59,116,80.1,5,4
59,117,80.5,5,4
59,130,85.2,5,4
59,131,89.4,5,4
59,140,78.9,5,4
59,141,77.7,5,4
59,10,72.7,5,5
59,11,83.4,5,5
59,26,85.6,5,5
59,27,71.3,5,5
59,42,68.9,5,5
59,43,69.2,5,5
59,58,67.8,5,5
59,59,0.0,5,5
59,74,64.6,5,5
59,75,58.2,5,5
59,90,63.9,5,5
59,91,69.8,5,5
59,104,62.4,5,5
59,105,68.7,5,5
59,118,82.1,5,5
59,119,86.2,5,5
59,132,78.9,5,5
59,133,77.0,5,5
59,142,81.6,5,5
59,143,70.4,5,5
59,12,80.6,5,6
59,13,86.4,5,6
59,28,76.0,5,6
59,29,80.0,5,6
59,44,74.6,5,6
59,45,90.4,5,6
59,60,92.8,5,6
59,61,85.9,5,6
59,76,94.6,5,6
59,77,83.3,5,6
59,92,88.1,5,6
59,93,90.6,5,6
59,106,80.2,5,6
59,107,84.8,5,6
59,120,88.2,5,6
59,121,89.7,5,6
59,134,76.6,5,6
59,135,73.4,5,6
59,144,88.3,5,6
59,145,83.1,5,6
59,14,81.1,5,7
59,15,78.8,5,7
59,30,79.3,5,7
59,31,80.9,5,7
59,46,70.7,5,7
59,47,84.9,5,7
59,62,86.4,5,7
59,63,88.5,5,7
59,78,86.0,5,7
59,79,86.5,5,7
59,94,79.3,5,7
59,95,80.9,5,7
59,108,80.5,5,7
59,109,88.6,5,7
59,122,80.7,5,7
59,123,80.2,5,7
59,136,83.4,5,7
59,137,81.2,5,7
59,146,86.1,5,7
59,147,87.4,5,7
74,150,284.8,5,9
74,151,283.6,5,9
74,148,292.7,5,8
74,149,288.5,5,8
74,0,287.0,5,0
74,1,289.1,5,0
74,16,286.5,5,0
74,17,288.9,5,0
74,32,291.2,5,0
74,33,292.5,5,0
74,48,291.4,5,0
74,49,293.8,5,0
74,64,293.4,5,0
74,65,294.0,5,0
74,80,293.7,5,0
74,81,293.9,5,0
74,2,293.7,5,2
74,3,288.4,5,2
74,18,294.1,5,2
74,19,295.7,5,2
74,34,290.9,5,2
74,35,285.3,5,2
74,50,289.9,5,2
74,51,288.1,5,2
74,66,291.1,5,2
74,67,295.7,5,2
74,82,288.1,5,2
74,83,294.0,5,2
74,96,288.8,5,2
74,97,291.4,5,2
74,110,297.1,5,2
74,111,291.0,5,2
74,124,292.7,5,2
74,125,294.4,5,2
74,4,291.5,5,3
74,5,293.5,5,3
74,20,293.1,5,3
74,21,291.0,5,3
74,36,296.8,5,3
74,37,292.8,5,3
74,52,289.2,5,3
74,53,286.6,5,3
74,68,296.9,5,3
74,69,288.5,5,3
74,84,293.5,5,3
74,85,290.4,5,3
74,98,294.4,5,3
74,99,288.0,5,3
74,112,291.3,5,3
74,113,291.1,5,3
74,126,294.9,5,3
74,127,292.1,5,3
74,6,292.0,5,1
74,7,298.3,5,1
74,22,292.7,5,1
74,23,294.9,5,1
74,38,291.9,5,1
74,39,295.6,5,1
74,54,293.0,5,1
74,55,291.4,5,1
74,70,293.2,5,1
74,71,289.7,5,1
74,86,294.0,5,1
74,87,294.1,5,1
74,100,296.7,5,1
74,101,290.8,5,1
74,114,293.4,5,1
74,115,299.8,5,1
74,128,291.3,5,1
74,129,287.4,5,1
74,138,287.2,5,1
74,139,283.4,5,1
74,8,79.5,5,4
74,9,86.9,5,4
74,24,84.1,5,4
74,25,88.2,5,4
74,40,77.1,5,4
74,41,81.0,5,4
74,56,77.8,5,4
74,57,84.5,5,4
74,72,81.2,5,4
74,73,75.8,5,4
74,88,84.4,5,4
74,89,82.8,5,4
74,102,74.3,5,4
74,103,70.5,5,4
74,116,76.7,5,4
74,117,81.4,5,4
74,130,80.4,5,4
74,131,75.2,5,4
74,140,71.4,5,4
74,141,77.1,5,4
74,10,71.6,5,5
74,11,80.1,5,5
74,26,82.6,5,5
74,27,75.4,5,5
74,42,73.2,5,5
74,43,67.2,5,5
74,58,66.1,5,5
74,59,64.6,5,5
74,74,0.0,5,5
74,75,64.6,5,5
74,90,67.0,5,5
74,91,69.0,5,5
74,104,65.6,5,5
74,105,68.1,5,5
74,118,80.2,5,5
74,119,85.7,5,5
74,132,82.8,5,5
74,133,82.7,5,5
74,142,83.6,5,5
74,143,75.4,5,5
74,12,72.7,5,6
74,13,78.1,5,6
74,28,72.0,5,6
74,29,80.7,5,6
74,44,78.1,5,6
74,45,86.2,5,6
74,60,86.0,5,6
74,61,89.3,5,6
74,76,89.3,5,6
74,77,78.5,5,6
74,92,79.2,5,6
74,93,86.5,5,6
74,106,82.1,5,6
74,107,86.4,5,6
74,120,87.1,5,6
74,121,81.7,5,6
74,134,81.1,5,6
74,135,88.1,5,6
74,144,83.7,5,6
74,145,84.4,5,6
74,14,88.3,5,7
74,15,81.5,5,7
74,30,82.3,5,7
74,31,82.4,5,7
74,46,82.3,5,7
74,47,86.0,5,7
74,62,84.3,5,7
74,63,83.7,5,7
74,78,81.2,5,7
74,79,79.6,5,7
74,94,74.8,5,7
74,95,70.7,5,7
74,108,74.8,5,7
74,109,82.3,5,7
74,122,74.6,5,7
74,123,85.7,5,7
74,136,81.2,5,7
74,137,79.4,5,7
74,146,84.9,5,7
74,147,82.8,5,7
75,150,293.1,5,9
75,151,291.4,5,9
75,148,301.2,5,8
75,149,297.0,5,8
75,0,295.9,5,0
75,1,296.7,5,0
75,16,295.2,5,0
75,17,297.1,5,0
75,32,299.0,5,0
75,33,300.2,5,0
75,48,299.3,5,0
75,49,301.8,5,0
75,64,301.4,5,0
75,65,301.9,5,0
75,80,300.7,5,0
75,81,301.8,5,0
75,2,301.9,5,2
75,3,295.4,5,2
75,18,301.6,5,2
75,19,303.6,5,2
75,34,298.1,5,2
75,35,293.0,5,2
75,50,297.6,5,2
75,51,296.3,5,2
75,66,298.9,5,2
75,67,303.5,5,2
75,82,297.3,5,2
75,83,300.9,5,2
75,96,296.9,5,2
75,97,298.5,5,2
75,110,304.6,5,2
75,111,299.4,5,2
75,124,300.4,5,2
75,125,302.1,5,2
75,4,299.4,5,3
75,5,301.6,5,3
75,20,301.2,5,3
75,21,298.9,5,3
75,36,303.8,5,3
75,37,300.5,5,3
75,52,297.9,5,3
75,53,294.5,5,3
75,68,305.1,5,3
75,69,296.7,5,3
75,84,302.5,5,3
75,85,297.5,5,3
75,98,302.7,5,3
75,99,296.7,5,3
75,112,299.3,5,3
75,113,299.2,5,3
75,126,302.5,5,3
75,127,300.7,5,3
75,6,299.6,5,1
75,7,305.9,5,1
75,22,300.1,5,1
75,23,302.4,5,1
75,38,299.6,5,1
75,39,303.3,5,1
75,54,300.5,5,1
75,55,298.3,5,1
75,70,300.5,5,1
75,71,297.0,5,1
75,86,301.0,5,1
75,87,301.7,5,1
75,100,303.4,5,1
75,101,297.8,5,1
75,114,301.0,5,1
75,115,307.9,5,1
75,128,298.6,5,1
75,129,295.3,5,1
75,138,296.1,5,1
75,139,291.3,5,1
75,8,85.6,5,4
75,9,85.6,5,4
75,24,83.9,5,4
75,25,92.6,5,4
75,40,87.6,5,4
75,41,78.2,5,4
75,56,77.6,5,4
75,57,86.4,5,4
75,72,88.1,5,4
75,73,73.3,5,4
75,88,80.0,5,4
75,89,81.9,5,4
75,102,72.9,5,4
75,103,76.5,5,4
75,116,72.2,5,4
75,117,80.6,5,4
75,130,83.1,5,4
75,131,87.6,5,4
75,140,72.7,5,4
75,141,72.7,5,4
75,10,65.3,5,5
75,11,81.6,5,5
75,26,78.8,5,5
75,27,71.6,5,5
75,42,65.5,5,5
75,43,64.8,5,5
75,58,62.4,5,5
75,59,58.2,5,5
75,74,64.6,5,5
75,75,0.0,5,5
75,90,58.9,5,5
75,91,74.0,5,5
75,104,65.4,5,5
75,105,64.9,5,5
75,118,71.1,5,5
75,119,82.1,5,5
75,132,78.9,5,5
75,133,72.0,5,5
75,142,73.9,5,5
75,143,69.9,5,5
75,12,72.0,5,6
75,13,80.4,5,6
75,28,73.1,5,6
75,29,76.9,5,6
75,44,69.7,5,6
75,45,86.2,5,6
75,60,92.4,5,6
75,61,86.9,5,6
75,76,91.5,5,6
75,77,79.0,5,6
75,92,80.1,5,6
75,93,88.7,5,6
75,106,76.4,5,6
75,107,86.5,5,6
75,120,88.4,5,6
75,121,83.3,5,6
75,134,73.0,5,6
75,135,81.1,5,6
75,144,77.3,5,6
75,145,82.5,5,6
75,14,76.9,5,7
75,15,77.7,5,7
75,30,70.2,5,7
75,31,78.8,5,7
75,46,68.7,5,7
75,47,89.7,5,7
75,62,79.1,5,7
75,63,80.9,5,7
75,78,83.3,5,7
75,79,79.6,5,7
75,94,76.2,5,7
75,95,73.9,5,7
75,108,72.5,5,7
75,109,77.4,5,7
75,122,76.6,5,7
75,123,78.9,5,7
75,136,79.0,5,7
75,137,79.4,5,7
75,146,76.8,5,7
75,147,81.5,5,7
90,150,289.0,5,9
90,151,288.3,5,9
90,148,297.0,5,8
90,149,293.0,5,8
90,0,291.9,5,0
90,1,292.5,5,0
90,16,291.2,5,0
90,17,293.2,5,0
90,32,295.2,5,0
90,33,295.8,5,0
90,48,295.4,5,0
90,49,297.4,5,0
90,64,297.5,5,0
90,65,297.3,5,0
90,80,297.7,5,0
90,81,297.1,5,0
90,2,297.6,5,2
90,3,292.1,5,2
90,18,296.8,5,2
90,19,299.5,5,2
90,34,294.8,5,2
90,35,289.1,5,2
90,50,293.7,5,2
90,51,292.3,5,2
90,66,295.3,5,2
90,67,299.2,5,2
90,82,293.4,5,2
90,83,297.0,5,2
90,96,292.2,5,2
90,97,294.8,5,2
90,110,300.4,5,2
90,111,294.2,5,2
90,124,295.8,5,2
90,125,298.0,5,2
90,4,295.3,5,3
90,5,297.1,5,3
90,20,297.0,5,3
90,21,294.2,5,3
90,36,300.1,5,3
90,37,296.7,5,3
90,52,294.3,5,3
90,53,291.4,5,3
90,68,301.5,5,3
90,69,292.8,5,3
90,84,298.4,5,3
90,85,293.4,5,3
90,98,298.8,5,3
90,99,292.4,5,3
90,112,295.4,5,3
90,113,295.5,5,3
90,126,298.1,5,3
90,127,296.4,5,3
90,6,295.7,5,1
90,7,301.6,5,1
90,22,296.6,5,1
90,23,298.4,5,1
90,38,295.7,5,1
90,39,299.3,5,1
90,54,296.8,5,1
90,55,294.8,5,1
90,70,296.8,5,1
90,71,293.3,5,1
90,86,297.0,5,1
90,87,297.9,5,1
90,100,299.8,5,1
90,101,294.3,5,1
90,114,297.3,5,1
90,115,303.6,5,1
90,128,294.4,5,1
90,129,290.6,5,1
90,138,291.8,5,1
90,139,287.1,5,1
90,8,84.3,5,4
90,9,86.0,5,4
90,24,83.9,5,4
90,25,90.1,5,4
90,40,81.2,5,4
90,41,79.4,5,4
90,56,75.6,5,4
90,57,84.1,5,4
90,72,81.1,5,4
90,73,78.9,5,4
90,88,79.1,5,4
90,89,76.8,5,4
90,102,76.1,5,4
90,103,71.9,5,4
90,116,73.2,5,4
90,117,82.0,5,4
90,130,86.6,5,4
90,131,78.3,5,4
90,140,69.9,5,4
90,141,74.5,5,4
90,10,72.8,5,5
90,11,84.6,5,5
90,26,83.1,5,5
90,27,73.5,5,5
90,42,65.4,5,5
90,43,66.3,5,5
90,58,61.5,5,5
90,59,63.9,5,5
90,74,67.0,5,5
90,75,58.9,5,5
90,90,0.0,5,5
90,91,73.0,5,5
90,104,64.2,5,5
90,105,66.4,5,5
90,118,72.8,5,5
90,119,69.3,5,5
90,132,78.3,5,5
90,133,74.7,5,5
90,142,70.8,5,5
90,143,61.9,5,5
90,12,75.2,5,6
90,13,81.2,5,6
90,28,76.9,5,6
90,29,75.6,5,6
90,44,71.1,5,6
90,45,80.3,5,6
90,60,91.7,5,6
90,61,91.7,5,6
90,76,93.6,5,6
90,77,79.7,5,6
90,92,82.6,5,6
90,93,86.5,5,6
90,106,76.0,5,6
90,107,84.4,5,6
90,120,91.0,5,6
90,121,84.9,5,6
90,134,84.0,5,6
90,135,85.3,5,6
90,144,79.2,5,6
90,145,80.1,5,6
90,14,82.1,5,7
90,15,79.9,5,7
90,30,70.0,5,7
90,31,79.0,5,7
90,46,81.6,5,7
90,47,85.3,5,7
90,62,75.8,5,7
90,63,80.6,5,7
90,78,84.5,5,7
90,79,76.7,5,7
90,94,72.4,5,7
90,95,72.2,5,7
90,108,73.3,5,7
90,109,81.5,5,7
90,122,75.3,5,7
90,123,76.4,5,7
90,136,77.1,5,7
90,137,81.8,5,7
90,146,86.4,5,7
90,147,84.5,5,7
91,150,286.3,5,9
91,151,284.6,5,9
91,148,293.4,5,8
91,149,289.6,5,8
91,0,289.7,5,0
91,1,291.1,5,0
91,16,288.8,5,0
91,17,290.5,5,0
91,32,292.6,5,0
91,33,293.5,5,0
91,48,292.7,5,0
91,49,295.2,5,0
91,64,295.1,5,0
91,65,294.8,5,0
91,80,295.1,5,0
91,81,295.0,5,0
91,2,295.1,5,2
91,3,289.8,5,2
91,18,294.6,5,2
91,19,296.5,5,2
91,34,291.5,5,2
91,35,286.4,5,2
91,50,290.7,5,2
91,51,290.1,5,2
91,66,293.0,5,2
91,67,297.0,5,2
91,82,290.4,5,2
91,83,295.1,5,2
91,96,289.6,5,2
91,97,292.4,5,2
91,110,297.4,5,2
91,111,292.2,5,2
91,124,293.8,5,2
91,125,295.6,5,2
91,4,292.7,5,3
91,5,294.3,5,3
91,20,294.3,5,3
91,21,292.1,5,3
91,36,297.7,5,3
91,37,292.7,5,3
91,52,289.9,5,3
91,53,287.1,5,3
91,68,298.0,5,3
91,69,288.3,5,3
91,84,295.3,5,3
91,85,290.5,5,3
91,98,295.8,5,3
91,99,288.8,5,3
91,112,292.1,5,3
91,113,292.8,5,3
91,126,295.6,5,3
91,127,293.5,5,3
91,6,292.9,5,1
91,7,299.3,5,1
91,22,293.7,5,1
91,23,295.7,5,1
91,38,291.6,5,1
91,39,295.7,5,1
91,54,293.6,5,1
91,55,291.3,5,1
91,70,293.3,5,1
91,71,290.1,5,1
91,86,293.5,5,1
91,87,295.4,5,1
91,100,298.4,5,1
91,101,290.4,5,1
91,114,293.6,5,1
91,115,300.7,5,1
91,128,292.0,5,1
91,129,287.7,5,1
91,138,287.6,5,1
91,139,284.0,5,1
91,8,86.1,5,4
91,9,95.4,5,4
91,24,88.9,5,4
91,25,97.2,5,4
91,40,88.3,5,4
91,41,81.1,5,4
91,56,83.1,5,4
91,57,84.8,5,4
91,72,89.7,5,4
91,73,83.8,5,4
91,88,86.3,5,4
91,89,90.0,5,4
91,102,74.0,5,4
91,103,80.9,5,4
91,116,85.7,5,4
91,117,89.5,5,4
91,130,85.2,5,4
91,131,88.9,5,4
91,140,76.6,5,4
91,141,84.5,5,4
91,10,79.6,5,5
91,11,84.9,5,5
91,26,79.8,5,5
91,27,76.9,5,5
91,42,77.4,5,5
91,43,79.8,5,5
91,58,70.8,5,5
91,59,69.8,5,5
91,74,69.0,5,5
91,75,74.0,5,5
91,90,73.0,5,5
91,91,0.0,5,5
91,104,69.7,5,5
91,105,69.9,5,5
91,118,84.4,5,5
91,119,97.8,5,5
91,132,78.5,5,5
91,133,84.2,5,5
91,142,88.4,5,5
91,143,80.4,5,5
91,12,86.0,5,6
91,13,88.1,5,6
91,28,84.9,5,6
91,29,89.7,5,6
91,44,82.9,5,6
91,45,91.1,5,6
91,60,80.0,5,6
91,61,90.2,5,6
91,76,93.1,5,6
91,77,83.5,5,6
91,92,88.4,5,6
91,93,92.8,5,6
91,106,88.7,5,6
91,107,91.9,5,6
91,120,90.0,5,6
91,121,89.3,5,6
91,134,85.2,5,6
91,135,88.5,5,6
91,144,84.6,5,6
91,145,87.9,5,6
91,14,88.9,5,7
91,15,82.9,5,7
91,30,87.0,5,7
91,31,75.3,5,7
91,46,86.7,5,7
91,47,92.2,5,7
91,62,83.7,5,7
91,63,90.8,5,7
91,78,77.1,5,7
91,79,89.0,5,7
91,94,83.5,5,7
91,95,84.3,5,7
91,108,81.6,5,7
91,109,86.5,5,7
91,122,85.1,5,7
91,123,82.2,5,7
91,136,84.7,5,7
91,137,88.2,5,7
91,146,91.5,5,7
91,147,93.6,5,7
104,150,286.2,5,9
104,151,284.8,5,9
104,148,294.3,5,8
104,149,290.3,5,8
104,0,288.6,5,0
104,1,290.7,5,0
104,16,289.0,5,0
104,17,290.4,5,0
104,32,291.5,5,0
104,33,293.8,5,0
104,48,292.3,5,0
104,49,295.1,5,0
104,64,295.1,5,0
104,65,294.8,5,0
104,80,295.1,5,0
104,81,295.4,5,0
104,2,295.1,5,2
104,3,289.3,5,2
104,18,294.8,5,2
104,19,296.8,5,2
104,34,292.4,5,2
104,35,286.4,5,2
104,50,291.3,5,2
104,51,290.1,5,2
104,66,293.0,5,2
104,67,296.4,5,2
104,82,290.2,5,2
104,83,295.0,5,2
104,96,289.9,5,2
104,97,292.7,5,2
104,110,297.9,5,2
104,111,292.0,5,2
104,124,293.8,5,2
104,125,295.5,5,2
104,4,292.4,5,3
104,5,294.6,5,3
104,20,293.8,5,3
104,21,291.7,5,3
104,36,297.1,5,3
104,37,293.6,5,3
104,52,290.3,5,3
104,53,287.4,5,3
104,68,296.5,5,3
104,69,289.0,5,3
104,84,295.0,5,3
104,85,291.0,5,3
104,98,295.7,5,3
104,99,289.4,5,3
104,112,292.2,5,3
104,113,291.5,5,3
104,126,295.7,5,3
104,127,293.0,5,3
104,6,292.9,5,1
104,7,298.9,5,1
104,22,293.1,5,1
104,23,296.1,5,1
104,38,293.0,5,1
104,39,295.8,5,1
104,54,294.0,5,1
104,55,291.0,5,1
104,70,292.6,5,1
104,71,290.5,5,1
104,86,294.1,5,1
104,87,294.2,5,1
104,100,297.7,5,1
104,101,291.0,5,1
104,114,293.9,5,1
104,115,300.9,5,1
104,128,291.4,5,1
104,129,288.1,5,1
104,138,289.5,5,1
104,139,284.7,5,1
104,8,78.8,5,4
104,9,88.2,5,4
104,24,83.8,5,4
104,25,91.1,5,4
104,40,83.4,5,4
104,41,83.9,5,4
104,56,74.8,5,4
104,57,89.3,5,4
104,72,86.1,5,4
104,73,81.4,5,4
104,88,80.6,5,4
104,89,77.7,5,4
104,102,71.7,5,4
104,103,75.0,5,4
104,116,76.9,5,4
104,117,73.6,5,4
104,130,81.5,5,4
104,131,83.7,5,4
104,140,74.6,5,4
104,141,77.8,5,4
104,10,74.2,5,5
104,11,79.7,5,5
104,26,83.8,5,5
104,27,72.8,5,5
104,42,68.2,5,5
104,43,73.5,5,5
104,58,70.2,5,5
104,59,62.4,5,5
104,74,65.6,5,5
104,75,65.4,5,5
104,90,64.2,5,5
104,91,69.7,5,5
104,104,0.0,5,5
104,105,63.6,5,5
104,118,83.3,5,5
104,119,85.0,5,5
104,132,79.5,5,5
104,133,79.0,5,5
104,142,81.6,5,5
104,143,74.2,5,5
104,12,75.3,5,6
104,13,82.3,5,6
104,28,69.2,5,6
104,29,82.3,5,6
104,44,76.4,5,6
104,45,91.6,5,6
104,60,94.1,5,6
104,61,82.0,5,6
104,76,91.7,5,6
104,77,85.0,5,6
104,92,88.2,5,6
104,93,91.8,5,6
104,106,80.8,5,6
104,107,83.1,5,6
104,120,90.1,5,6
104,121,82.7,5,6
104,134,70.9,5,6
104,135,82.7,5,6
104,144,85.1,5,6
104,145,89.3,5,6
104,14,83.4,5,7
104,15,85.9,5,7
104,30,78.8,5,7
104,31,81.8,5,7
104,46,78.5,5,7
104,47,79.1,5,7
104,62,88.1,5,7
104,63,86.4,5,7
104,78,87.7,5,7
104,79,81.5,5,7
104,94,79.0,5,7
104,95,74.1,5,7
104,108,79.0,5,7
104,109,87.1,5,7
104,122,73.9,5,7
104,123,87.1,5,7
104,136,79.9,5,7
104,137,82.6,5,7
104,146,91.1,5,7
104,147,87.0,5,7
105,150,286.2,5,9
105,151,285.9,5,9
105,148,295.0,5,8
105,149,291.0,5,8
105,0,289.5,5,0
105,1,291.5,5,0
105,16,289.6,5,0
105,17,290.6,5,0
105,32,293.0,5,0
105,33,294.1,5,0
105,48,293.6,5,0
105,49,296.0,5,0
105,64,295.8,5,0
105,65,296.0,5,0
105,80,295.3,5,0
105,81,295.3,5,0
105,2,295.7,5,2
105,3,290.3,5,2
105,18,296.0,5,2
105,19,297.4,5,2
105,34,292.8,5,2
105,35,286.8,5,2
105,50,291.3,5,2
105,51,290.3,5,2
105,66,293.0,5,2
105,67,297.1,5,2
105,82,290.7,5,2
105,83,295.3,5,2
105,96,290.0,5,2
105,97,292.8,5,2
105,110,298.9,5,2
105,111,293.3,5,2
105,124,294.6,5,2
105,125,296.3,5,2
105,4,293.3,5,3
105,5,295.3,5,3
105,20,295.1,5,3
105,21,292.6,5,3
105,36,298.4,5,3
105,37,294.7,5,3
105,52,291.1,5,3
105,53,288.4,5,3
105,68,298.9,5,3
105,69,290.4,5,3
105,84,296.4,5,3
105,85,292.1,5,3
105,98,296.7,5,3
105,99,290.1,5,3
105,112,292.7,5,3
105,113,293.7,5,3
105,126,296.7,5,3
105,127,294.1,5,3
105,6,293.6,5,1
105,7,299.9,5,1
105,22,294.6,5,1
105,23,296.4,5,1
105,38,293.6,5,1
105,39,296.9,5,1
105,54,294.7,5,1
105,55,292.4,5,1
105,70,294.3,5,1
105,71,289.2,5,1
105,86,294.9,5,1
105,87,296.0,5,1
105,100,298.4,5,1
105,101,292.4,5,1
105,114,295.0,5,1
105,115,301.3,5,1
105,128,292.9,5,1
105,129,286.9,5,1
105,138,289.2,5,1
105,139,284.5,5,1
105,8,77.8,5,4
105,9,84.6,5,4
105,24,81.5,5,4
105,25,86.0,5,4
105,40,80.0,5,4
105,41,82.4,5,4
105,56,76.7,5,4
105,57,84.0,5,4
105,72,85.1,5,4
105,73,75.9,5,4
105,88,78.3,5,4
105,89,85.7,5,4
105,102,74.9,5,4
105,103,75.6,5,4
105,116,71.9,5,4
105,117,83.4,5,4
105,130,83.9,5,4
105,131,85.5,5,4
105,140,67.4,5,4
105,141,78.7,5,4
105,10,76.0,5,5
105,11,74.9,5,5
105,26,82.2,5,5
105,27,74.7,5,5
105,42,71.1,5,5
105,43,77.9,5,5
105,58,74.3,5,5
105,59,68.7,5,5
105,74,68.1,5,5
105,75,64.9,5,5
105,90,66.4,5,5
105,91,69.9,5,5
105,104,63.6,5,5
105,105,0.0,5,5
105,118,75.4,5,5
105,119,84.2,5,5
105,132,72.8,5,5
105,133,77.5,5,5
105,142,78.4,5,5
105,143,71.5,5,5
105,12,77.5,5,6
105,13,77.1,5,6
105,28,80.7,5,6
105,29,76.1,5,6
105,44,74.0,5,6
105,45,86.6,5,6
105,60,87.1,5,6
105,61,88.9,5,6
105,76,83.8,5,6
105,77,80.9,5,6
105,92,88.0,5,6
105,93,88.1,5,6
105,106,83.2,5,6
105,107,87.0,5,6
105,120,88.1,5,6
105,121,85.9,5,6
105,134,85.3,5,6
105,135,87.0,5,6
105,144,85.7,5,6
105,145,85.9,5,6
105,14,86.3,5,7
105,15,86.2,5,7
105,30,82.4,5,7
105,31,81.9,5,7
105,46,83.7,5,7
105,47,94.2,5,7
105,62,85.5,5,7
105,63,91.3,5,7
105,78,83.2,5,7
105,79,82.3,5,7
105,94,78.6,5,7
105,95,79.1,5,7
105,108,80.5,5,7
105,109,85.4,5,7
105,122,80.6,5,7
105,123,84.9,5,7
105,136,71.6,5,7
105,137,84.2,5,7
105,146,90.2,5,7
105,147,88.9,5,7
118,150,292.0,5,9
118,151,288.9,5,9
118,148,298.9,5,8
118,149,295.0,5,8
118,0,294.1,5,0
118,1,294.5,5,0
118,16,293.3,5,0
118,17,295.7,5,0
118,32,297.6,5,0
118,33,297.7,5,0
118,48,298.4,5,0
118,49,300.1,5,0
118,64,299.1,5,0
118,65,300.2,5,0
118,80,299.5,5,0
118,81,300.5,5,0
118,2,300.0,5,2
118,3,293.7,5,2
118,18,299.9,5,2
118,19,301.7,5,2
118,34,296.7,5,2
118,35,290.5,5,2
118,50,295.3,5,2
118,51,293.7,5,2
118,66,295.7,5,2
118,67,300.9,5,2
118,82,295.4,5,2
118,83,297.7,5,2
118,96,293.5,5,2
118,97,296.6,5,2
118,110,302.7,5,2
118,111,297.4,5,2
118,124,298.2,5,2
118,125,300.3,5,2
118,4,297.7,5,3
118,5,299.6,5,3
118,20,299.9,5,3
118,21,297.0,5,3
118,36,302.9,5,3
118,37,299.3,5,3
118,52,295.7,5,3
118,53,292.3,5,3
118,68,303.1,5,3
118,69,294.7,5,3
118,84,300.8,5,3
118,85,295.6,5,3
118,98,301.3,5,3
118,99,294.6,5,3
118,112,297.8,5,3
118,113,298.2,5,3
118,126,299.7,5,3
118,127,298.6,5,3
118,6,298.1,5,1
118,7,304.0,5,1
118,22,298.3,5,1
118,23,298.7,5,1
118,38,297.3,5,1
118,39,301.8,5,1
118,54,297.9,5,1
118,55,297.8,5,1
118,70,299.4,5,1
118,71,294.8,5,1
118,86,300.6,5,1
118,87,300.6,5,1
118,100,302.4,5,1
118,101,297.2,5,1
118,114,299.8,5,1
118,115,306.4,5,1
118,128,297.4,5,1
118,129,291.6,5,1
118,138,292.9,5,1
118,139,288.5,5,1
118,8,83.3,5,4
118,9,86.6,5,4
118,24,81.7,5,4
118,25,84.7,5,4
118,40,84.5,5,4
118,41,83.6,5,4
118,56,79.3,5,4
118,57,90.5,5,4
118,72,84.5,5,4
118,73,86.0,5,4
118,88,84.9,5,4
118,89,90.3,5,4
118,102,87.5,5,4
118,103,79.3,5,4
118,116,76.6,5,4
118,117,90.4,5,4
118,130,88.0,5,4
118,131,91.9,5,4
118,140,75.5,5,4
118,141,80.4,5,4
118,10,76.5,5,5
118,11,83.1,5,5
118,26,75.7,5,5
118,27,85.2,5,5
118,42,78.5,5,5
118,43,77.2,5,5
118,58,70.9,5,5
118,59,82.1,5,5
118,74,80.2,5,5
118,75,71.1,5,5
118,90,72.8,5,5
118,91,84.4,5,5
118,104,83.3,5,5
118,105,75.4,5,5
118,118,0.0,5,5
118,119,68.7,5,5
118,132,70.4,5,5
118,133,69.5,5,5
118,142,62.8,5,5
118,143,70.9,5,5
118,12,78.4,5,6
118,13,82.0,5,6
118,28,78.4,5,6
118,29,76.1,5,6
118,44,75.2,5,6
118,45,80.9,5,6
118,60,86.2,5,6
118,61,95.6,5,6
118,76,83.1,5,6
118,77,81.8,5,6
118,92,87.3,5,6
118,93,84.3,5,6
118,106,88.7,5,6
118,107,89.7,5,6
118,120,88.6,5,6
118,121,86.1,5,6
118,134,89.8,5,6
118,135,86.6,5,6
118,144,78.3,5,6
118,145,82.8,5,6
118,14,83.8,5,7
118,15,82.3,5,7
118,30,78.9,5,7
118,31,75.0,5,7
118,46,84.9,5,7
118,47,93.0,5,7
118,62,80.2,5,7
118,63,80.6,5,7
118,78,82.1,5,7
118,79,81.2,5,7
118,94,78.6,5,7
118,95,79.6,5,7
118,108,83.1,5,7
118,109,77.4,5,7
118,122,82.7,5,7
118,123,82.9,5,7
118,136,73.8,5,7
118,137,81.8,5,7
118,146,82.9,5,7
118,147,87.9,5,7
119,150,289.5,5,9
119,151,287.4,5,9
119,148,298.2,5,8
119,149,293.7,5,8
119,0,291.6,5,0
119,1,291.7,5,0
119,16,291.4,5,0
119,17,293.4,5,0
119,32,295.4,5,0
119,33,295.6,5,0
119,48,296.5,5,0
119,49,298.3,5,0
119,64,297.1,5,0
119,65,299.1,5,0
119,80,298.7,5,0
119,81,299.1,5,0
119,2,298.3,5,2
119,3,291.7,5,2
119,18,298.5,5,2
119,19,300.5,5,2
119,34,295.5,5,2
119,35,288.4,5,2
119,50,294.2,5,2
119,51,290.2,5,2
119,66,293.4,5,2
119,67,299.3,5,2
119,82,293.6,5,2
119,83,296.0,5,2
119,96,289.7,5,2
119,97,295.1,5,2
119,110,300.9,5,2
119,111,294.3,5,2
119,124,296.1,5,2
119,125,299.1,5,2
119,4,295.9,5,3
119,5,297.8,5,3
119,20,297.9,5,3
119,21,294.3,5,3
119,36,301.5,5,3
119,37,298.3,5,3
119,52,295.1,5,3
119,53,292.2,5,3
119,68,301.8,5,3
119,69,294.4,5,3
119,84,300.1,5,3
119,85,293.9,5,3
119,98,300.3,5,3
119,99,292.2,5,3
119,112,297.2,5,3
119,113,296.3,5,3
119,126,299.6,5,3
119,127,297.7,5,3
119,6,296.7,5,1
119,7,302.4,5,1
119,22,297.4,5,1
119,23,297.6,5,1
119,38,295.8,5,1
119,39,300.7,5,1
119,54,296.7,5,1
119,55,296.3,5,1
119,70,297.9,5,1
119,71,293.7,5,1
119,86,297.3,5,1
119,87,298.8,5,1
119,100,300.8,5,1
119,101,296.0,5,1
119,114,298.6,5,1
119,115,305.1,5,1
119,128,295.8,5,1
119,129,289.2,5,1
119,138,292.2,5,1
119,139,286.9,5,1
119,8,92.2,5,4
119,9,80.7,5,4
119,24,89.8,5,4
119,25,87.5,5,4
119,40,85.2,5,4
119,41,94.9,5,4
119,56,92.1,5,4
119,57,104.8,5,4
119,72,85.2,5,4
119,73,99.1,5,4
119,88,92.6,5,4
119,89,86.4,5,4
119,102,95.0,5,4
119,103,83.5,5,4
119,116,83.3,5,4
119,117,95.1,5,4
119,130,97.9,5,4
119,131,83.2,5,4
119,140,80.6,5,4
119,141,85.3,5,4
119,10,83.9,5,5
119,11,94.6,5,5
119,26,96.9,5,5
119,27,90.0,5,5
119,42,79.6,5,5
119,43,81.6,5,5
119,58,82.0,5,5
119,59,86.2,5,5
119,74,85.7,5,5
119,75,82.1,5,5
119,90,69.3,5,5
119,91,97.8,5,5
119,104,85.0,5,5
119,105,84.2,5,5
119,118,68.7,5,5
119,119,0.0,5,5
119,132,75.2,5,5
119,133,71.7,5,5
119,142,68.1,5,5
119,143,61.6,5,5
119,12,82.1,5,6
119,13,88.2,5,6
119,28,81.9,5,6
119,29,73.7,5,6
119,44,79.4,5,6
119,45,81.7,5,6
119,60,97.2,5,6
119,61,98.1,5,6
119,76,91.2,5,6
119,77,86.1,5,6
119,92,90.7,5,6
119,93,80.3,5,6
119,106,86.9,5,6
119,107,88.6,5,6
119,120,99.4,5,6
119,121,89.7,5,6
119,134,91.5,5,6
119,135,94.5,5,6
119,144,92.7,5,6
119,145,93.0,5,6
119,14,87.0,5,7
119,15,90.9,5,7
119,30,81.7,5,7
119,31,81.6,5,7
119,46,91.9,5,7
119,47,90.9,5,7
119,62,90.7,5,7
119,63,89.6,5,7
119,78,92.7,5,7
119,79,88.9,5,7
119,94,89.5,5,7
119,95,87.1,5,7
119,108,92.2,5,7
119,109,94.3,5,7
119,122,85.6,5,7
119,123,92.9,5,7
119,136,81.0,5,7
119,137,89.5,5,7
119,146,91.3,5,7
119,147,92.1,5,7
132,150,286.6,5,9
132,151,284.8,5,9
132,148,294.9,5,8
132,149,290.6,5,8
132,0,289.9,5,0
132,1,290.3,5,0
132,16,288.9,5,0
132,17,289.9,5,0
132,32,292.0,5,0
132,33,294.6,5,0
132,48,293.6,5,0
132,49,296.0,5,0
132,64,295.2,5,0
132,65,296.5,5,0
132,80,295.8,5,0
132,81,296.3,5,0
132,2,296.2,5,2
132,3,289.6,5,2
132,18,295.4,5,2
132,19,297.5,5,2
132,34,292.2,5,2
132,35,286.7,5,2
132,50,290.9,5,2
132,51,289.5,5,2
132,66,291.7,5,2
132,67,296.8,5,2
132,82,290.6,5,2
132,83,294.1,5,2
132,96,289.1,5,2
132,97,292.3,5,2
132,110,298.6,5,2
132,111,294.0,5,2
132,124,294.5,5,2
132,125,296.2,5,2
132,4,294.2,5,3
132,5,295.6,5,3
132,20,295.6,5,3
132,21,292.8,5,3
132,36,298.9,5,3
132,37,295.5,5,3
132,52,291.4,5,3
132,53,288.5,5,3
132,68,298.6,5,3
132,69,291.4,5,3
132,84,296.8,5,3
132,85,291.1,5,3
132,98,297.4,5,3
132,99,290.4,5,3
132,112,294.3,5,3
132,113,293.9,5,3
132,126,296.9,5,3
132,127,294.6,5,3
132,6,293.8,5,1
132,7,299.5,5,1
132,22,294.0,5,1
132,23,296.3,5,1
132,38,293.6,5,1
132,39,296.8,5,1
132,54,294.6,5,1
132,55,292.2,5,1
132,70,294.3,5,1
132,71,289.6,5,1
132,86,294.4,5,1
132,87,296.3,5,1
132,100,298.7,5,1
132,101,293.0,5,1
132,114,295.2,5,1
132,115,302.6,5,1
132,128,292.8,5,1
132,129,286.9,5,1
132,138,289.5,5,1
132,139,284.6,5,1
132,8,86.3,5,4
132,9,87.2,5,4
132,24,82.3,5,4
132,25,79.9,5,4
132,40,83.2,5,4
132,41,92.6,5,4
132,56,87.9,5,4
132,57,99.8,5,4
132,72,92.9,5,4
132,73,94.8,5,4
132,88,83.1,5,4
132,89,92.9,5,4
132,102,87.6,5,4
132,103,90.1,5,4
132,116,80.9,5,4
132,117,92.0,5,4
132,130,89.3,5,4
132,131,97.2,5,4
132,140,79.2,5,4
132,141,86.0,5,4
132,10,86.0,5,5
132,11,83.8,5,5
132,26,85.8,5,5
132,27,85.8,5,5
132,42,80.0,5,5
132,43,81.7,5,5
132,58,78.4,5,5
132,59,78.9,5,5
132,74,82.8,5,5
132,75,78.9,5,5
132,90,78.3,5,5
132,91,78.5,5,5
132,104,79.5,5,5
132,105,72.8,5,5
132,118,70.4,5,5
132,119,75.2,5,5
132,132,0.0,5,5
132,133,69.8,5,5
132,142,69.0,5,5
132,143,71.4,5,5
132,12,77.3,5,6
132,13,74.3,5,6
132,28,77.1,5,6
132,29,73.1,5,6
132,44,74.1,5,6
132,45,81.6,5,6
132,60,78.5,5,6
132,61,86.5,5,6
132,76,73.2,5,6
132,77,80.7,5,6
132,92,86.9,5,6
132,93,81.6,5,6
132,106,82.5,5,6
132,107,85.9,5,6
132,120,86.6,5,6
132,121,81.1,5,6
132,134,78.7,5,6
132,135,80.6,5,6
132,144,85.0,5,6
132,145,88.0,5,6
132,14,84.2,5,7
132,15,84.8,5,7
132,30,80.8,5,7
132,31,72.4,5,7
132,46,85.6,5,7
132,47,90.9,5,7
132,62,76.3,5,7
132,63,86.4,5,7
132,78,85.0,5,7
132,79,85.0,5,7
132,94,82.2,5,7
132,95,81.1,5,7
132,108,85.0,5,7
132,109,86.4,5,7
132,122,79.4,5,7
132,123,78.0,5,7
132,136,66.4,5,7
132,137,82.6,5,7
132,146,88.2,5,7
132,147,88.5,5,7
133,150,289.8,5,9
133,151,288.6,5,9
133,148,297.7,5,8
133,149,293.3,5,8
133,0,292.2,5,0
133,1,293.5,5,0
133,16,292.0,5,0
133,17,292.5,5,0
133,32,295.3,5,0
133,33,296.3,5,0
133,48,296.0,5,0
133,49,297.5,5,0
133,64,297.4,5,0
133,65,298.5,5,0
133,80,297.7,5,0
133,81,298.6,5,0
133,2,298.6,5,2
133,3,292.4,5,2
133,18,298.1,5,2
133,19,299.7,5,2
133,34,295.1,5,2
133,35,289.4,5,2
133,50,293.6,5,2
133,51,292.0,5,2
133,66,294.2,5,2
133,67,299.1,5,2
133,82,292.9,5,2
133,83,296.7,5,2
133,96,291.6,5,2
133,97,294.7,5,2
133,110,300.8,5,2
133,111,295.7,5,2
133,124,296.0,5,2
133,125,298.6,5,2
133,4,296.1,5,3
133,5,297.8,5,3
133,20,297.9,5,3
133,21,295.0,5,3
133,36,300.9,5,3
133,37,298.0,5,3
133,52,294.5,5,3
133,53,291.1,5,3
133,68,301.6,5,3
133,69,293.7,5,3
133,84,299.4,5,3
133,85,294.6,5,3
133,98,299.3,5,3
133,99,293.1,5,3
133,112,296.0,5,3
133,113,296.3,5,3
133,126,299.2,5,3
133,127,297.0,5,3
133,6,296.4,5,1
133,7,302.3,5,1
133,22,296.8,5,1
133,23,298.3,5,1
133,38,295.9,5,1
133,39,300.0,5,1
133,54,296.8,5,1
133,55,294.2,5,1
133,70,296.9,5,1
133,71,293.1,5,1
133,86,297.4,5,1
133,87,298.6,5,1
133,100,300.7,5,1
133,101,294.2,5,1
133,114,296.9,5,1
133,115,304.1,5,1
133,128,294.9,5,1
133,129,290.6,5,1
133,138,291.4,5,1
133,139,287.5,5,1
133,8,82.9,5,4
133,9,79.6,5,4
133,24,78.9,5,4
133,25,86.1,5,4
133,40,83.8,5,4
133,41,82.9,5,4
133,56,83.9,5,4
133,57,95.9,5,4
133,72,84.0,5,4
133,73,89.5,5,4
133,88,76.8,5,4
133,89,89.5,5,4
133,102,84.6,5,4
133,103,82.0,5,4
133,116,79.4,5,4
133,117,93.0,5,4
133,130,86.7,5,4
133,131,90.1,5,4
133,140,79.4,5,4
133,141,67.1,5,4
133,10,75.6,5,5
133,11,82.3,5,5
133,26,81.7,5,5
133,27,81.9,5,5
133,42,72.2,5,5
133,43,78.2,5,5
133,58,79.2,5,5
133,59,77.0,5,5
133,74,82.7,5,5
133,75,72.0,5,5
133,90,74.7,5,5
133,91,84.2,5,5
133,104,79.0,5,5
133,105,77.5,5,5
133,118,69.5,5,5
133,119,71.7,5,5
133,132,69.8,5,5
133,133,0.0,5,5
133,142,67.1,5,5
133,143,61.5,5,5
133,12,74.7,5,6
133,13,83.9,5,6
133,28,76.8,5,6
133,29,72.3,5,6
133,44,66.4,5,6
133,45,81.0,5,6
133,60,86.3,5,6
133,61,85.7,5,6
133,76,85.2,5,6
133,77,80.4,5,6
133,92,84.7,5,6
133,93,79.4,5,6
133,106,81.2,5,6
133,107,83.8,5,6
133,120,86.8,5,6
133,121,85.6,5,6
133,134,79.8,5,6
133,135,81.2,5,6
133,144,79.1,5,6
133,145,79.9,5,6
133,14,74.7,5,7
133,15,70.1,5,7
133,30,70.1,5,7
133,31,76.4,5,7
133,46,72.8,5,7
133,47,89.8,5,7
133,62,77.2,5,7
133,63,80.6,5,7
133,78,83.9,5,7
133,79,83.6,5,7
133,94,74.3,5,7
133,95,81.9,5,7
133,108,79.5,5,7
133,109,80.8,5,7
133,122,79.6,5,7
133,123,82.1,5,7
133,136,77.8,5,7
133,137,79.9,5,7
133,146,80.1,5,7
133,147,84.3,5,7
142,150,294.9,5,9
142,151,293.4,5,9
142,148,301.5,5,8
142,149,297.9,5,8
142,0,297.5,5,0
142,1,297.5,5,0
142,16,296.5,5,0
142,17,298.3,5,0
142,32,300.1,5,0
142,33,301.1,5,0
142,48,299.7,5,0
142,49,302.2,5,0
142,64,302.1,5,0
142,65,302.5,5,0
142,80,302.6,5,0
142,81,302.9,5,0
142,2,303.1,5,2
142,3,298.0,5,2
142,18,302.7,5,2
142,19,304.5,5,2
142,34,300.1,5,2
142,35,294.3,5,2
142,50,298.0,5,2
142,51,296.7,5,2
142,66,298.1,5,2
142,67,303.6,5,2
142,82,298.0,5,2
142,83,301.2,5,2
142,96,296.4,5,2
142,97,299.6,5,2
142,110,305.8,5,2
142,111,300.8,5,2
142,124,301.2,5,2
142,125,303.6,5,2
142,4,301.1,5,3
142,5,301.9,5,3
142,20,302.2,5,3
142,21,300.1,5,3
142,36,305.7,5,3
142,37,303.1,5,3
142,52,299.5,5,3
142,53,296.9,5,3
142,68,307.1,5,3
142,69,298.6,5,3
142,84,304.1,5,3
142,85,299.7,5,3
142,98,304.3,5,3
142,99,298.0,5,3
142,112,301.4,5,3
142,113,301.0,5,3
142,126,303.5,5,3
142,127,301.8,5,3
142,6,301.0,5,1
142,7,306.9,5,1
142,22,301.5,5,1
142,23,302.8,5,1
142,38,300.7,5,1
142,39,304.4,5,1
142,54,302.0,5,1
142,55,300.7,5,1
142,70,302.4,5,1
142,71,298.4,5,1
142,86,303.5,5,1
142,87,303.3,5,1
142,100,305.6,5,1
142,101,300.3,5,1
142,114,302.7,5,1
142,115,309.3,5,1
142,128,300.0,5,1
142,129,295.7,5,1
142,138,297.3,5,1
142,139,292.4,5,1
142,8,85.7,5,4
142,9,80.8,5,4
142,24,80.8,5,4
142,25,81.4,5,4
142,40,84.7,5,4
142,41,82.6,5,4
142,56,85.9,5,4
142,57,87.5,5,4
142,72,85.4,5,4
142,73,88.0,5,4
142,88,76.1,5,4
142,89,85.7,5,4
142,102,84.6,5,4
142,103,81.2,5,4
142,116,76.2,5,4
142,117,91.6,5,4
142,130,95.4,5,4
142,131,96.7,5,4
142,140,79.1,5,4
142,141,77.0,5,4
142,10,74.9,5,5
142,11,83.3,5,5
142,26,80.7,5,5
142,27,82.1,5,5
142,42,74.5,5,5
142,43,75.6,5,5
142,58,77.1,5,5
142,59,81.6,5,5
142,74,83.6,5,5
142,75,73.9,5,5
142,90,70.8,5,5
142,91,88.4,5,5
142,104,81.6,5,5
142,105,78.4,5,5
142,118,62.8,5,5
142,119,68.1,5,5
142,132,69.0,5,5
142,133,67.1,5,5
142,142,0.0,5,5
142,143,69.7,5,5
142,12,68.5,5,6
142,13,72.6,5,6
142,28,77.9,5,6
142,29,68.2,5,6
142,44,67.0,5,6
142,45,77.2,5,6
142,60,86.8,5,6
142,61,89.8,5,6
142,76,85.0,5,6
142,77,83.0,5,6
142,92,82.4,5,6
142,93,83.4,5,6
142,106,80.7,5,6
142,107,87.2,5,6
142,120,85.4,5,6
142,121,80.1,5,6
142,134,84.5,5,6
142,135,86.0,5,6
142,144,77.5,5,6
142,145,84.0,5,6
142,14,79.3,5,7
142,15,78.9,5,7
142,30,76.0,5,7
142,31,76.1,5,7
142,46,79.7,5,7
142,47,92.1,5,7
142,62,78.0,5,7
142,63,79.0,5,7
142,78,82.5,5,7
142,79,73.8,5,7
142,94,79.1,5,7
142,95,73.5,5,7
142,108,78.5,5,7
142,109,78.8,5,7
142,122,77.0,5,7
142,123,78.2,5,7
142,136,72.6,5,7
142,137,76.5,5,7
142,146,81.3,5,7
142,147,70.7,5,7
143,150,288.5,5,9
143,151,287.6,5,9
143,148,296.9,5,8
143,149,292.3,5,8
143,0,291.4,5,0
143,1,292.4,5,0
143,16,291.0,5,0
143,17,292.6,5,0
143,32,294.4,5,0
143,33,295.4,5,0
143,48,295.2,5,0
143,49,296.9,5,0
143,64,296.9,5,0
143,65,297.7,5,0
143,80,297.3,5,0
143,81,297.7,5,0
143,2,297.9,5,2
143,3,291.2,5,2
143,18,297.0,5,2
143,19,299.2,5,2
143,34,294.4,5,2
143,35,288.5,5,2
143,50,293.3,5,2
143,51,290.7,5,2
143,66,294.2,5,2
143,67,298.2,5,2
143,82,292.8,5,2
143,83,296.0,5,2
143,96,290.9,5,2
143,97,294.0,5,2
143,110,300.2,5,2
143,111,294.6,5,2
143,124,295.7,5,2
143,125,297.8,5,2
143,4,294.8,5,3
143,5,296.9,5,3
143,20,296.9,5,3
143,21,294.1,5,3
143,36,299.9,5,3
143,37,296.8,5,3
143,52,293.6,5,3
143,53,290.7,5,3
143,68,300.8,5,3
143,69,292.7,5,3
143,84,298.0,5,3
143,85,293.4,5,3
143,98,298.4,5,3
143,99,292.0,5,3
143,112,295.4,5,3
143,113,295.3,5,3
143,126,298.1,5,3
143,127,296.1,5,3
143,6,295.5,5,1
143,7,301.0,5,1
143,22,296.2,5,1
143,23,297.9,5,1
143,38,295.5,5,1
143,39,299.0,5,1
143,54,296.2,5,1
143,55,293.6,5,1
143,70,296.2,5,1
143,71,292.3,5,1
143,86,295.3,5,1
143,87,297.5,5,1
143,100,299.7,5,1
143,101,294.3,5,1
143,114,296.8,5,1
143,115,303.7,5,1
143,128,294.4,5,1
143,129,290.4,5,1
143,138,291.8,5,1
143,139,286.9,5,1
143,8,81.5,5,4
143,9,83.5,5,4
143,24,81.8,5,4
143,25,87.2,5,4
143,40,79.6,5,4
143,41,80.2,5,4
143,56,78.5,5,4
143,57,90.7,5,4
143,72,86.2,5,4
143,73,82.5,5,4
143,88,75.8,5,4
143,89,83.7,5,4
143,102,78.8,5,4
143,103,73.8,5,4
143,116,76.6,5,4
143,117,85.8,5,4
143,130,88.7,5,4
143,131,81.1,5,4
143,140,76.0,5,4
143,141,78.3,5,4
143,10,67.9,5,5
143,11,83.3,5,5
143,26,86.9,5,5
143,27,79.0,5,5
143,42,66.6,5,5
143,43,76.1,5,5
143,58,73.6,5,5
143,59,70.4,5,5
143,74,75.4,5,5
143,75,69.9,5,5
143,90,61.9,5,5
143,91,80.4,5,5
143,104,74.2,5,5
143,105,71.5,5,5
143,118,70.9,5,5
143,119,61.6,5,5
143,132,71.4,5,5
143,133,61.5,5,5
143,142,69.7,5,5
143,143,0.0,5,5
143,12,74.2,5,6
143,13,84.0,5,6
143,28,76.3,5,6
143,29,72.7,5,6
143,44,65.3,5,6
143,45,82.8,5,6
143,60,89.9,5,6
143,61,89.7,5,6
143,76,91.6,5,6
143,77,82.1,5,6
143,92,84.9,5,6
143,93,83.3,5,6
143,106,79.8,5,6
143,107,86.1,5,6
143,120,93.7,5,6
143,121,87.5,5,6
143,134,83.5,5,6
143,135,82.7,5,6
143,144,82.8,5,6
143,145,83.6,5,6
143,14,82.6,5,7
143,15,83.5,5,7
143,30,76.8,5,7
143,31,79.0,5,7
143,46,81.4,5,7
143,47,89.7,5,7
143,62,81.7,5,7
143,63,84.5,5,7
143,78,83.7,5,7
143,79,82.7,5,7
143,94,79.4,5,7
143,95,80.4,5,7
143,108,78.9,5,7
143,109,85.7,5,7
143,122,77.5,5,7
143,123,73.6,5,7
143,136,76.5,5,7
143,137,83.0,5,7
143,146,88.5,5,7
143,147,86.8,5,7
12,150,290.1,6,9
12,151,289.4,6,9
12,148,297.7,6,8
12,149,293.9,6,8
12,0,293.5,6,0
12,1,293.6,6,0
12,16,292.4,6,0
12,17,293.8,6,0
12,32,295.8,6,0
12,33,297.5,6,0
12,48,295.5,6,0
12,49,298.2,6,0
12,64,298.0,6,0
12,65,298.5,6,0
12,80,298.5,6,0
12,81,298.5,6,0
12,2,298.6,6,2
12,3,293.6,6,2
12,18,298.9,6,2
12,19,300.6,6,2
12,34,295.0,6,2
12,35,290.0,6,2
12,50,294.4,6,2
12,51,292.6,6,2
12,66,295.4,6,2
12,67,300.3,6,2
12,82,293.5,6,2
12,83,298.1,6,2
12,96,293.8,6,2
12,97,295.9,6,2
12,110,301.6,6,2
12,111,296.2,6,2
12,124,297.5,6,2
12,125,299.2,6,2
12,4,297.4,6,3
12,5,298.5,6,3
12,20,298.2,6,3
12,21,296.7,6,3
12,36,302.0,6,3
12,37,298.4,6,3
12,52,295.6,6,3
12,53,292.2,6,3
12,68,303.1,6,3
12,69,294.3,6,3
12,84,300.4,6,3
12,85,295.6,6,3
12,98,300.5,6,3
12,99,294.7,6,3
12,112,297.2,6,3
12,113,297.2,6,3
12,126,300.5,6,3
12,127,298.3,6,3
12,6,296.7,6,1
12,7,303.4,6,1
12,22,297.5,6,1
12,23,299.8,6,1
12,38,297.6,6,1
12,39,301.1,6,1
12,54,298.9,6,1
12,55,296.8,6,1
12,70,298.5,6,1
12,71,295.0,6,1
12,86,299.5,6,1
12,87,299.7,6,1
12,100,301.9,6,1
12,101,295.6,6,1
12,114,299.1,6,1
12,115,305.1,6,1
12,128,296.3,6,1
12,129,292.8,6,1
12,138,294.0,6,1
12,139,289.4,6,1
12,8,87.2,6,4
12,9,88.6,6,4
12,24,88.1,6,4
12,25,89.6,6,4
12,40,93.5,6,4
12,41,89.3,6,4
12,56,88.3,6,4
12,57,92.7,6,4
12,72,92.3,6,4
12,73,87.9,6,4
12,88,89.2,6,4
12,89,90.0,6,4
12,102,82.8,6,4
12,103,85.6,6,4
12,116,81.4,6,4
12,117,87.5,6,4
12,130,89.3,6,4
12,131,86.3,6,4
12,140,79.8,6,4
12,141,82.7,6,4
12,10,76.3,6,5
12,11,87.9,6,5
12,26,87.0,6,5
12,27,80.6,6,5
12,42,78.6,6,5
12,43,77.4,6,5
12,58,75.2,6,5
12,59,80.6,6,5
12,74,72.7,6,5
12,75,72.0,6,5
12,90,75.2,6,5
12,91,86.0,6,5
12,104,75.3,6,5
12,105,77.5,6,5
12,118,78.4,6,5
12,119,82.1,6,5
12,132,77.3,6,5
12,133,74.7,6,5
12,142,68.5,6,5
12,143,74.2,6,5
12,12,0.0,6,6
12,13,63.8,6,6
12,28,66.6,6,6
12,29,67.7,6,6
12,44,65.7,6,6
12,45,80.0,6,6
12,60,86.2,6,6
12,61,83.4,6,6
12,76,84.0,6,6
12,77,75.2,6,6
12,92,80.8,6,6
12,93,81.9,6,6
12,106,74.3,6,6
12,107,82.3,6,6
12,120,80.9,6,6
12,121,74.4,6,6
12,134,72.5,6,6
12,135,80.0,6,6
12,144,75.0,6,6
12,145,82.1,6,6
12,14,79.9,6,7
12,15,79.3,6,7
12,30,68.2,6,7
12,31,76.4,6,7
12,46,73.3,6,7
12,47,88.0,6,7
12,62,81.2,6,7
12,63,75.5,6,7
12,78,85.1,6,7
12,79,67.4,6,7
12,94,71.0,6,7
12,95,62.8,6,7
12,108,70.9,6,7
12,109,77.2,6,7
12,122,71.3,6,7
12,123,80.6,6,7
12,136,73.2,6,7
12,137,72.5,6,7
12,146,78.5,6,7
12,147,72.4,6,7
13,150,284.7,6,9
13,151,283.6,6,9
13,148,291.7,6,8
13,149,288.3,6,8
13,0,287.5,6,0
13,1,287.8,6,0
13,16,286.5,6,0
13,17,288.1,6,0
13,32,290.2,6,0
13,33,291.9,6,0
13,48,290.1,6,0
13,49,292.7,6,0
13,64,292.5,6,0
13,65,292.4,6,0
13,80,293.2,6,0
13,81,293.6,6,0
13,2,293.4,6,2
13,3,288.8,6,2
13,18,293.7,6,2
13,19,295.0,6,2
13,34,290.5,6,2
13,35,284.8,6,2
13,50,288.6,6,2
13,51,287.5,6,2
13,66,289.2,6,2
13,67,294.8,6,2
13,82,288.8,6,2
13,83,292.6,6,2
13,96,287.2,6,2
13,97,290.2,6,2
13,110,296.2,6,2
13,111,290.9,6,2
13,124,292.2,6,2
13,125,293.8,6,2
13,4,292.6,6,3
13,5,293.1,6,3
13,20,293.4,6,3
13,21,291.7,6,3
13,36,297.5,6,3
13,37,293.8,6,3
13,52,290.6,6,3
13,53,288.0,6,3
13,68,298.2,6,3
13,69,289.3,6,3
13,84,295.6,6,3
13,85,291.2,6,3
13,98,295.8,6,3
13,99,289.4,6,3
13,112,292.5,6,3
13,113,292.7,6,3
13,126,295.4,6,3
13,127,293.3,6,3
13,6,292.3,6,1
13,7,298.3,6,1
13,22,292.6,6,1
13,23,295.0,6,1
13,38,292.3,6,1
13,39,296.8,6,1
13,54,294.2,6,1
13,55,292.2,6,1
13,70,293.7,6,1
13,71,289.5,6,1
13,86,295.2,6,1
13,87,294.7,6,1
13,100,297.1,6,1
13,101,291.4,6,1
13,114,294.1,6,1
13,115,300.9,6,1
13,128,291.4,6,1
13,129,286.4,6,1
13,138,287.9,6,1
13,139,283.7,6,1
13,8,88.0,6,4
13,9,86.8,6,4
13,24,84.5,6,4
13,25,78.2,6,4
13,40,87.7,6,4
13,41,86.6,6,4
13,56,85.6,6,4
13,57,85.5,6,4
13,72,86.1,6,4
13,73,85.5,6,4
13,88,84.7,6,4
13,89,89.7,6,4
13,102,82.1,6,4
13,103,79.4,6,4
13,116,84.3,6,4
13,117,85.2,6,4
13,130,88.2,6,4
13,131,85.5,6,4
13,140,80.4,6,4
13,141,87.1,6,4
13,10,83.6,6,5
13,11,85.3,6,5
13,26,86.1,6,5
13,27,82.9,6,5
13,42,83.8,6,5
13,43,83.9,6,5
13,58,81.7,6,5
13,59,86.4,6,5
13,74,78.1,6,5
13,75,80.4,6,5
13,90,81.2,6,5
13,91,88.1,6,5
13,104,82.3,6,5
13,105,77.1,6,5
13,118,82.0,6,5
13,119,88.2,6,5
13,132,74.3,6,5
13,133,83.9,6,5
13,142,72.6,6,5
13,143,84.0,6,5
13,12,63.8,6,6
13,13,0.0,6,6
13,28,70.0,6,6
13,29,63.1,6,6
13,44,74.2,6,6
13,45,80.7,6,6
13,60,84.0,6,6
13,61,76.3,6,6
13,76,73.1,6,6
13,77,76.7,6,6
13,92,79.6,6,6
13,93,81.7,6,6
13,106,76.5,6,6
13,107,82.3,6,6
13,120,77.4,6,6
13,121,69.9,6,6
13,134,76.8,6,6
13,135,87.5,6,6
13,144,78.0,6,6
13,145,84.5,6,6
13,14,86.0,6,7
13,15,79.6,6,7
13,30,77.6,6,7
13,31,78.9,6,7
13,46,83.2,6,7
13,47,89.1,6,7
13,62,79.4,6,7
13,63,81.4,6,7
13,78,83.6,6,7
13,79,73.3,6,7
13,94,77.6,6,7
13,95,72.7,6,7
13,108,74.8,6,7
13,109,81.9,6,7
13,122,73.8,6,7
13,123,84.0,6,7
13,136,65.5,6,7
13,137,74.5,6,7
13,146,81.0,6,7
13,147,72.4,6,7
28,150,291.9,6,9
28,151,289.9,6,9
28,148,298.9,6,8
28,149,294.7,6,8
28,0,294.1,6,0
28,1,295.2,6,0
28,16,293.1,6,0
28,17,294.8,6,0
28,32,296.9,6,0
28,33,299.1,6,0
28,48,298.0,6,0
28,49,299.2,6,0
28,64,299.8,6,0
28,65,300.5,6,0
28,80,299.3,6,0
28,81,300.7,6,0
28,2,300.2,6,2
28,3,295.0,6,2
28,18,299.7,6,2
28,19,301.4,6,2
28,34,297.5,6,2
28,35,291.5,6,2
28,50,295.9,6,2
28,51,294.7,6,2
28,66,297.8,6,2
28,67,301.3,6,2
28,82,294.9,6,2
28,83,299.3,6,2
28,96,295.1,6,2
28,97,297.1,6,2
28,110,302.7,6,2
28,111,297.5,6,2
28,124,298.2,6,2
28,125,300.4,6,2
28,4,298.6,6,3
28,5,299.7,6,3
28,20,299.4,6,3
28,21,297.5,6,3
28,36,303.2,6,3
28,37,300.3,6,3
28,52,295.3,6,3
28,53,294.6,6,3
28,68,302.0,6,3
28,69,295.7,6,3
28,84,300.3,6,3
28,85,297.3,6,3
28,98,301.7,6,3
28,99,295.3,6,3
28,112,298.9,6,3
28,113,298.4,6,3
28,126,301.0,6,3
28,127,298.4,6,3
28,6,298.5,6,1
28,7,304.0,6,1
28,22,299.2,6,1
28,23,301.2,6,1
28,38,299.5,6,1
28,39,302.3,6,1
28,54,300.3,6,1
28,55,297.8,6,1
28,70,298.6,6,1
28,71,296.7,6,1
28,86,300.9,6,1
28,87,299.6,6,1
28,100,302.6,6,1
28,101,298.0,6,1
28,114,299.4,6,1
28,115,306.9,6,1
28,128,297.4,6,1
28,129,294.9,6,1
28,138,295.8,6,1
28,139,291.7,6,1
28,8,84.3,6,4
28,9,86.4,6,4
28,24,86.0,6,4
28,25,91.8,6,4
28,40,85.3,6,4
28,41,86.9,6,4
28,56,83.5,6,4
28,57,94.2,6,4
28,72,90.1,6,4
28,73,84.0,6,4
28,88,85.3,6,4
28,89,85.9,6,4
28,102,80.0,6,4
28,103,75.7,6,4
28,116,75.2,6,4
28,117,84.2,6,4
28,130,83.1,6,4
28,131,92.6,6,4
28,140,78.9,6,4
28,141,76.1,6,4
28,10,76.0,6,5
28,11,71.9,6,5
28,26,82.7,6,5
28,27,75.8,6,5
28,42,70.7,6,5
28,43,76.7,6,5
28,58,74.8,6,5
28,59,76.0,6,5
28,74,72.0,6,5
28,75,73.1,6,5
28,90,76.9,6,5
28,91,84.9,6,5
28,104,69.2,6,5
28,105,80.7,6,5
28,118,78.4,6,5
28,119,81.9,6,5
28,132,77.1,6,5
28,133,76.8,6,5
28,142,77.9,6,5
28,143,76.3,6,5
28,12,66.6,6,6
28,13,70.0,6,6
28,28,0.0,6,6
28,29,65.0,6,6
28,44,58.3,6,6
28,45,79.4,6,6
28,60,85.4,6,6
28,61,70.9,6,6
28,76,78.0,6,6
28,77,73.6,6,6
28,92,69.2,6,6
28,93,79.4,6,6
28,106,71.5,6,6
28,107,78.5,6,6
28,120,72.5,6,6
28,121,70.3,6,6
28,134,68.2,6,6
28,135,77.4,6,6
28,144,76.7,6,6
28,145,80.0,6,6
28,14,76.6,6,7
28,15,65.0,6,7
28,30,66.2,6,7
28,31,67.4,6,7
28,46,66.4,6,7
28,47,74.1,6,7
28,62,78.2,6,7
28,63,72.1,6,7
28,78,76.3,6,7
28,79,74.4,6,7
28,94,64.3,6,7
28,95,69.8,6,7
28,108,70.5,6,7
28,109,74.9,6,7
28,122,65.0,6,7
28,123,77.1,6,7
28,136,71.4,6,7
28,137,66.2,6,7
28,146,72.8,6,7
28,147,72.1,6,7
29,150,289.3,6,9
29,151,287.6,6,9
29,148,296.4,6,8
29,149,292.4,6,8
29,0,292.2,6,0
29,1,292.7,6,0
29,16,291.2,6,0
29,17,292.9,6,0
29,32,294.9,6,0
29,33,296.5,6,0
29,48,295.3,6,0
29,49,297.3,6,0
29,64,296.8,6,0
29,65,297.7,6,0
29,80,297.2,6,0
29,81,298.1,6,0
29,2,297.8,6,2
29,3,292.8,6,2
29,18,297.6,6,2
29,19,299.3,6,2
29,34,294.8,6,2
29,35,289.1,6,2
29,50,293.2,6,2
29,51,291.4,6,2
29,66,292.8,6,2
29,67,299.0,6,2
29,82,293.2,6,2
29,83,296.7,6,2
29,96,292.1,6,2
29,97,294.1,6,2
29,110,300.6,6,2
29,111,295.6,6,2
29,124,296.3,6,2
29,125,297.8,6,2
29,4,296.8,6,3
29,5,297.6,6,3
29,20,297.9,6,3
29,21,295.6,6,3
29,36,301.5,6,3
29,37,299.0,6,3
29,52,295.3,6,3
29,53,293.1,6,3
29,68,302.9,6,3
29,69,294.6,6,3
29,84,300.4,6,3
29,85,295.5,6,3
29,98,300.1,6,3
29,99,293.0,6,3
29,112,297.2,6,3
29,113,296.9,6,3
29,126,299.4,6,3
29,127,297.2,6,3
29,6,296.0,6,1
29,7,302.4,6,1
29,22,296.9,6,1
29,23,298.8,6,1
29,38,296.7,6,1
29,39,300.8,6,1
29,54,298.1,6,1
29,55,296.1,6,1
29,70,297.6,6,1
29,71,293.4,6,1
29,86,299.4,6,1
29,87,298.9,6,1
29,100,301.0,6,1
29,101,296.1,6,1
29,114,298.4,6,1
29,115,304.9,6,1
29,128,295.5,6,1
29,129,291.1,6,1
29,138,293.0,6,1
29,139,288.7,6,1
29,8,84.9,6,4
29,9,68.6,6,4
29,24,75.4,6,4
29,25,75.1,6,4
29,40,79.3,6,4
29,41,82.8,6,4
29,56,80.6,6,4
29,57,89.8,6,4
29,72,80.2,6,4
29,73,82.8,6,4
29,88,78.1,6,4
29,89,83.4,6,4
29,102,81.6,6,4
29,103,78.4,6,4
29,116,77.5,6,4
29,117,87.4,6,4
29,130,89.9,6,4
29,131,90.1,6,4
29,140,77.1,6,4
29,141,77.2,6,4
29,10,79.7,6,5
29,11,83.3,6,5
29,26,82.5,6,5
29,27,75.4,6,5
29,42,73.4,6,5
29,43,74.7,6,5
29,58,80.2,6,5
29,59,80.0,6,5
29,74,80.7,6,5
29,75,76.9,6,5
29,90,75.6,6,5
29,91,89.7,6,5
29,104,82.3,6,5
29,105,76.1,6,5
29,118,76.1,6,5
29,119,73.7,6,5
29,132,73.1,6,5
29,133,72.3,6,5
29,142,68.2,6,5
29,143,72.7,6,5
29,12,67.7,6,6
29,13,63.1,6,6
29,28,65.0,6,6
29,29,0.0,6,6
29,44,62.7,6,6
29,45,74.1,6,6
29,60,79.8,6,6
29,61,81.9,6,6
29,76,72.8,6,6
29,77,72.3,6,6
29,92,78.2,6,6
29,93,77.6,6,6
29,106,72.9,6,6
29,107,78.9,6,6
29,120,79.3,6,6
29,121,74.2,6,6
29,134,79.1,6,6
29,135,81.5,6,6
29,144,80.3,6,6
29,145,77.8,6,6
29,14,75.4,6,7
29,15,75.0,6,7
29,30,66.6,6,7
29,31,69.3,6,7
29,46,74.8,6,7
29,47,81.0,6,7
29,62,72.6,6,7
29,63,73.1,6,7
29,78,74.4,6,7
29,79,72.6,6,7
29,94,73.5,6,7
29,95,72.3,6,7
29,108,75.7,6,7
29,109,76.9,6,7
29,122,69.3,6,7
29,123,74.2,6,7
29,136,62.1,6,7
29,137,71.8,6,7
29,146,74.0,6,7
29,147,71.2,6,7
44,150,296.0,6,9
44,151,294.7,6,9
44,148,302.4,6,8
44,149,298.9,6,8
44,0,298.0,6,0
44,1,299.5,6,0
44,16,297.7,6,0
44,17,299.0,6,0
44,32,301.0,6,0
44,33,302.6,6,0
44,48,301.9,6,0
44,49,303.7,6,0
44,64,304.0,6,0
44,65,304.5,6,0
44,80,303.7,6,0
44,81,304.5,6,0
44,2,304.7,6,2
44,3,299.2,6,2
44,18,303.9,6,2
44,19,305.6,6,2
44,34,301.4,6,2
44,35,295.8,6,2
44,50,300.0,6,2
44,51,298.7,6,2
44,66,301.8,6,2
44,67,305.8,6,2
44,82,299.5,6,2
44,83,303.4,6,2
44,96,298.9,6,2
44,97,301.1,6,2
44,110,306.8,6,2
44,111,301.6,6,2
44,124,302.6,6,2
44,125,304.6,6,2
44,4,302.8,6,3
44,5,304.1,6,3
44,20,304.1,6,3
44,21,301.7,6,3
44,36,306.9,6,3
44,37,304.7,6,3
44,52,301.3,6,3
44,53,298.9,6,3
44,68,308.3,6,3
44,69,300.1,6,3
44,84,305.7,6,3
44,85,301.4,6,3
44,98,306.2,6,3
44,99,300.1,6,3
44,112,303.0,6,3
44,113,302.7,6,3
44,126,305.4,6,3
44,127,303.4,6,3
44,6,302.9,6,1
44,7,308.4,6,1
44,22,303.3,6,1
44,23,305.3,6,1
44,38,303.3,6,1
44,39,306.3,6,1
44,54,304.1,6,1
44,55,301.3,6,1
44,70,303.5,6,1
44,71,300.2,6,1
44,86,304.4,6,1
44,87,304.8,6,1
44,100,307.2,6,1
44,101,301.8,6,1
44,114,304.3,6,1
44,115,310.9,6,1
44,128,301.5,6,1
44,129,298.4,6,1
44,138,299.9,6,1
44,139,295.6,6,1
44,8,87.5,6,4
44,9,85.7,6,4
44,24,84.1,6,4
44,25,92.3,6,4
44,40,86.3,6,4
44,41,85.1,6,4
44,56,83.5,6,4
44,57,90.6,6,4
44,72,88.9,6,4
44,73,82.0,6,4
44,88,74.2,6,4
44,89,82.7,6,4
44,102,81.4,6,4
44,103,81.6,6,4
44,116,78.5,6,4
44,117,89.7,6,4
44,130,85.9,6,4
44,131,94.7,6,4
44,140,77.7,6,4
44,141,76.9,6,4
44,10,75.9,6,5
44,11,77.9,6,5
44,26,79.7,6,5
44,27,76.0,6,5
44,42,72.7,6,5
44,43,78.8,6,5
44,58,76.2,6,5
44,59,74.6,6,5
44,74,78.1,6,5
44,75,69.7,6,5
44,90,71.1,6,5
44,91,82.9,6,5
44,104,76.4,6,5
44,105,74.0,6,5
44,118,75.2,6,5
44,119,79.4,6,5
44,132,74.1,6,5
44,133,66.4,6,5
44,142,67.0,6,5
44,143,65.3,6,5
44,12,65.7,6,6
44,13,74.2,6,6
44,28,58.3,6,6
44,29,62.7,6,6
44,44,0.0,6,6
44,45,67.4,6,6
44,60,76.3,6,6
44,61,76.2,6,6
44,76,79.3,6,6
44,77,69.0,6,6
44,92,70.4,6,6
44,93,74.9,6,6
44,106,63.1,6,6
44,107,74.5,6,6
44,120,72.8,6,6
44,121,71.4,6,6
44,134,71.1,6,6
44,135,75.2,6,6
44,144,70.7,6,6
44,145,68.9,6,6
44,14,69.8,6,7
44,15,70.9,6,7
44,30,62.0,6,7
44,31,65.7,6,7
44,46,64.0,6,7
44,47,78.0,6,7
44,62,68.0,6,7
44,63,69.3,6,7
44,78,73.5,6,7
44,79,70.6,6,7
44,94,62.0,6,7
44,95,67.1,6,7
44,108,64.4,6,7
44,109,68.5,6,7
44,122,63.3,6,7
44,123,63.4,6,7
44,136,65.8,6,7
44,137,71.3,6,7
44,146,73.8,6,7
44,147,70.2,6,7
45,150,288.7,6,9
45,151,287.1,6,9
45,148,295.5,6,8
45,149,291.9,6,8
45,0,290.4,6,0
45,1,291.7,6,0
45,16,289.9,6,0
45,17,291.7,6,0
45,32,293.7,6,0
45,33,295.3,6,0
45,48,294.6,6,0
45,49,296.7,6,0
45,64,296.5,6,0
45,65,297.7,6,0
45,80,296.7,6,0
45,81,297.5,6,0
45,2,297.3,6,2
45,3,291.7,6,2
45,18,296.6,6,2
45,19,298.6,6,2
45,34,294.4,6,2
45,35,288.5,6,2
45,50,292.8,6,2
45,51,290.4,6,2
45,66,293.5,6,2
45,67,298.3,6,2
45,82,292.3,6,2
45,83,295.8,6,2
45,96,290.8,6,2
45,97,294.1,6,2
45,110,299.6,6,2
45,111,293.6,6,2
45,124,295.5,6,2
45,125,297.6,6,2
45,4,296.2,6,3
45,5,297.2,6,3
45,20,297.6,6,3
45,21,294.7,6,3
45,36,300.7,6,3
45,37,298.1,6,3
45,52,294.3,6,3
45,53,291.8,6,3
45,68,301.8,6,3
45,69,293.6,6,3
45,84,299.7,6,3
45,85,294.6,6,3
45,98,299.9,6,3
45,99,293.2,6,3
45,112,296.6,6,3
45,113,296.6,6,3
45,126,299.1,6,3
45,127,297.0,6,3
45,6,296.5,6,1
45,7,302.1,6,1
45,22,296.1,6,1
45,23,297.9,6,1
45,38,295.9,6,1
45,39,300.2,6,1
45,54,297.4,6,1
45,55,295.6,6,1
45,70,297.1,6,1
45,71,293.0,6,1
45,86,298.2,6,1
45,87,298.5,6,1
45,100,300.9,6,1
45,101,295.6,6,1
45,114,298.0,6,1
45,115,304.5,6,1
45,128,295.1,6,1
45,129,290.0,6,1
45,138,291.2,6,1
45,139,287.4,6,1
45,8,85.8,6,4
45,9,87.4,6,4
45,24,89.6,6,4
45,25,93.1,6,4
45,40,88.4,6,4
45,41,92.2,6,4
45,56,91.1,6,4
45,57,94.5,6,4
45,72,90.9,6,4
45,73,93.6,6,4
45,88,90.5,6,4
45,89,94.5,6,4
45,102,93.1,6,4
45,103,85.9,6,4
45,116,87.8,6,4
45,117,101.0,6,4
45,130,96.7,6,4
45,131,100.9,6,4
45,140,83.5,6,4
45,141,87.0,6,4
45,10,88.5,6,5
45,11,88.9,6,5
45,26,89.3,6,5
45,27,90.5,6,5
45,42,84.9,6,5
45,43,89.8,6,5
45,58,85.5,6,5
45,59,90.4,6,5
45,74,86.2,6,5
45,75,86.2,6,5
45,90,80.3,6,5
45,91,91.1,6,5
45,104,91.6,6,5
45,105,86.6,6,5
45,118,80.9,6,5
45,119,81.7,6,5
45,132,81.6,6,5
45,133,81.0,6,5
45,142,77.2,6,5
45,143,82.8,6,5
45,12,80.0,6,6
45,13,80.7,6,6
45,28,79.4,6,6
45,29,74.1,6,6
45,44,67.4,6,6
45,45,0.0,6,6
45,60,64.1,6,6
45,61,71.4,6,6
45,76,70.5,6,6
45,77,59.5,6,6
45,92,63.6,6,6
45,93,61.4,6,6
45,106,58.5,6,6
45,107,71.6,6,6
45,120,70.7,6,6
45,121,67.8,6,6
45,134,75.1,6,6
45,135,86.1,6,6
45,144,74.3,6,6
45,145,69.5,6,6
45,14,77.5,6,7
45,15,75.6,6,7
45,30,74.9,6,7
45,31,73.2,6,7
45,46,82.6,6,7
45,47,84.9,6,7
45,62,76.0,6,7
45,63,78.6,6,7
45,78,81.2,6,7
45,79,77.0,6,7
45,94,76.1,6,7
45,95,78.7,6,7
45,108,76.8,6,7
45,109,73.5,6,7
45,122,77.2,6,7
45,123,74.7,6,7
45,136,75.2,6,7
45,137,80.0,6,7
45,146,77.5,6,7
45,147,80.3,6,7
60,150,280.5,6,9
60,151,280.3,6,9
60,148,289.1,6,8
60,149,284.6,6,8
60,0,284.9,6,0
60,1,286.2,6,0
60,16,283.2,6,0
60,17,284.9,6,0
60,32,287.2,6,0
60,33,289.1,6,0
60,48,288.3,6,0
60,49,290.1,6,0
60,64,290.3,6,0
60,65,291.6,6,0
60,80,290.1,6,0
60,81,291.1,6,0
60,2,291.4,6,2
60,3,285.7,6,2
60,18,290.2,6,2
60,19,291.5,6,2
60,34,287.2,6,2
60,35,281.7,6,2
60,50,285.7,6,2
60,51,284.1,6,2
60,66,286.5,6,2
60,67,292.1,6,2
60,82,285.8,6,2
60,83,289.2,6,2
60,96,283.9,6,2
60,97,287.3,6,2
60,110,293.6,6,2
60,111,288.9,6,2
60,124,288.8,6,2
60,125,291.6,6,2
60,4,290.0,6,3
60,5,290.6,6,3
60,20,291.5,6,3
60,21,288.5,6,3
60,36,295.1,6,3
60,37,292.0,6,3
60,52,286.7,6,3
60,53,284.7,6,3
60,68,295.3,6,3
60,69,287.1,6,3
60,84,293.9,6,3
60,85,288.2,6,3
60,98,293.3,6,3
60,99,285.8,6,3
60,112,289.7,6,3
60,113,290.8,6,3
60,126,292.4,6,3
60,127,290.9,6,3
60,6,289.8,6,1
60,7,296.1,6,1
60,22,290.1,6,1
60,23,291.3,6,1
60,38,288.4,6,1
60,39,294.1,6,1
60,54,290.2,6,1
60,55,288.5,6,1
60,70,289.8,6,1
60,71,286.5,6,1
60,86,292.0,6,1
60,87,292.6,6,1
60,100,295.3,6,1
60,101,288.7,6,1
60,114,290.6,6,1
60,115,298.6,6,1
60,128,288.3,6,1
60,129,284.3,6,1
60,138,283.9,6,1
60,139,281.4,6,1
60,8,91.3,6,4
60,9,88.1,6,4
60,24,87.6,6,4
60,25,93.5,6,4
60,40,87.6,6,4
60,41,90.3,6,4
60,56,89.1,6,4
60,57,89.3,6,4
60,72,87.9,6,4
60,73,90.1,6,4
60,88,90.5,6,4
60,89,93.7,6,4
60,102,90.2,6,4
60,103,88.4,6,4
60,116,90.5,6,4
60,117,101.9,6,4
60,130,95.0,6,4
60,131,105.6,6,4
60,140,82.2,6,4
60,141,90.2,6,4
60,10,91.6,6,5
60,11,89.9,6,5
60,26,83.5,6,5
60,27,90.3,6,5
60,42,90.2,6,5
60,43,94.4,6,5
60,58,91.0,6,5
60,59,92.8,6,5
60,74,86.0,6,5
60,75,92.4,6,5
60,90,91.7,6,5
60,91,80.0,6,5
60,104,94.1,6,5
60,105,87.1,6,5
60,118,86.2,6,5
60,119,97.2,6,5
60,132,78.5,6,5
60,133,86.3,6,5
60,142,86.8,6,5
60,143,89.9,6,5
60,12,86.2,6,6
60,13,84.0,6,6
60,28,85.4,6,6
60,29,79.8,6,6
60,44,76.3,6,6
60,45,64.1,6,6
60,60,0.0,6,6
60,61,72.7,6,6
60,76,72.3,6,6
60,77,65.3,6,6
60,92,70.8,6,6
60,93,72.6,6,6
60,106,71.3,6,6
60,107,73.8,6,6
60,120,62.3,6,6
60,121,75.2,6,6
60,134,82.0,6,6
60,135,83.4,6,6
60,144,77.9,6,6
60,145,78.8,6,6
60,14,74.7,6,7
60,15,79.5,6,7
60,30,81.8,6,7
60,31,69.8,6,7
60,46,84.6,6,7
60,47,86.5,6,7
60,62,74.0,6,7
60,63,83.5,6,7
60,78,78.0,6,7
60,79,82.0,6,7
60,94,78.4,6,7
60,95,83.5,6,7
60,108,81.9,6,7
60,109,76.7,6,7
60,122,80.6,6,7
60,123,71.6,6,7
60,136,76.7,6,7
60,137,82.1,6,7
60,146,80.9,6,7
60,147,83.2,6,7
61,150,284.9,6,9
61,151,283.8,6,9
61,148,293.0,6,8
61,149,288.7,6,8
61,0,287.8,6,0
61,1,289.5,6,0
61,16,286.6,6,0
61,17,288.3,6,0
61,32,289.5,6,0
61,33,292.7,6,0
61,48,291.6,6,0
61,49,292.6,6,0
61,64,293.9,6,0
61,65,294.2,6,0
61,80,292.8,6,0
61,81,294.6,6,0
61,2,294.8,6,2
61,3,288.5,6,2
61,18,293.8,6,2
61,19,294.9,6,2
61,34,290.9,6,2
61,35,284.9,6,2
61,50,288.8,6,2
61,51,288.0,6,2
61,66,290.3,6,2
61,67,294.6,6,2
61,82,288.9,6,2
61,83,292.5,6,2
61,96,287.0,6,2
61,97,290.6,6,2
61,110,296.1,6,2
61,111,291.7,6,2
61,124,292.2,6,2
61,125,294.7,6,2
61,4,292.9,6,3
61,5,293.9,6,3
61,20,294.1,6,3
61,21,291.5,6,3
61,36,297.6,6,3
61,37,294.0,6,3
61,52,289.5,6,3
61,53,287.3,6,3
61,68,295.9,6,3
61,69,289.3,6,3
61,84,295.9,6,3
61,85,291.8,6,3
61,98,296.7,6,3
61,99,289.6,6,3
61,112,292.9,6,3
61,113,293.2,6,3
61,126,295.7,6,3
61,127,293.3,6,3
61,6,292.4,6,1
61,7,298.2,6,1
61,22,293.7,6,1
61,23,295.5,6,1
61,38,292.9,6,1
61,39,296.9,6,1
61,54,293.8,6,1
61,55,290.6,6,1
61,70,291.5,6,1
61,71,290.2,6,1
61,86,294.7,6,1
61,87,293.8,6,1
61,100,298.2,6,1
61,101,291.5,6,1
61,114,293.5,6,1
61,115,301.7,6,1
61,128,290.6,6,1
61,129,288.0,6,1
61,138,288.6,6,1
61,139,284.6,6,1
61,8,95.4,6,4
61,9,98.3,6,4
61,24,98.3,6,4
61,25,101.7,6,4
61,40,96.1,6,4
61,41,97.2,6,4
61,56,93.3,6,4
61,57,102.4,6,4
61,72,95.7,6,4
61,73,99.9,6,4
61,88,92.9,6,4
61,89,93.5,6,4
61,102,91.5,6,4
61,103,86.8,6,4
61,116,95.2,6,4
61,117,96.7,6,4
61,130,91.8,6,4
61,131,105.6,6,4
61,140,90.6,6,4
61,141,93.9,6,4
61,10,87.9,6,5
61,11,82.8,6,5
61,26,91.1,6,5
61,27,92.5,6,5
61,42,90.0,6,5
61,43,96.9,6,5
61,58,92.6,6,5
61,59,85.9,6,5
61,74,89.3,6,5
61,75,86.9,6,5
61,90,91.7,6,5
61,91,90.2,6,5
61,104,82.0,6,5
61,105,88.9,6,5
61,118,95.6,6,5
61,119,98.1,6,5
61,132,86.5,6,5
61,133,85.7,6,5
61,142,89.8,6,5
61,143,89.7,6,5
61,12,83.4,6,6
61,13,76.3,6,6
61,28,70.9,6,6
61,29,81.9,6,6
61,44,76.2,6,6
61,45,71.4,6,6
61,60,72.7,6,6
61,61,0.0,6,6
61,76,75.6,6,6
61,77,71.1,6,6
61,92,66.2,6,6
61,93,69.8,6,6
61,106,56.9,6,6
61,107,66.7,6,6
61,120,72.1,6,6
61,121,71.5,6,6
61,134,62.9,6,6
61,135,73.0,6,6
61,144,82.6,6,6
61,145,86.4,6,6
61,14,75.2,6,7
61,15,75.9,6,7
61,30,78.3,6,7
61,31,78.7,6,7
61,46,69.6,6,7
61,47,73.2,6,7
61,62,84.8,6,7
61,63,90.1,6,7
61,78,90.3,6,7
61,79,85.6,6,7
61,94,80.4,6,7
61,95,86.8,6,7
61,108,79.2,6,7
61,109,85.4,6,7
61,122,77.1,6,7
61,123,88.1,6,7
61,136,78.1,6,7
61,137,82.5,6,7
61,146,86.9,6,7
61,147,87.8,6,7
76,150,286.7,6,9
76,151,284.5,6,9
76,148,293.9,6,8
76,149,290.5,6,8
76,0,289.0,6,0
76,1,290.4,6,0
76,16,288.3,6,0
76,17,290.2,6,0
76,32,292.2,6,0
76,33,295.0,6,0
76,48,294.0,6,0
76,49,296.1,6,0
76,64,295.1,6,0
76,65,297.0,6,0
76,80,296.0,6,0
76,81,297.2,6,0
76,2,296.2,6,2
76,3,291.5,6,2
76,18,296.7,6,2
76,19,297.1,6,2
76,34,292.7,6,2
76,35,287.4,6,2
76,50,291.4,6,2
76,51,289.7,6,2
76,66,291.8,6,2
76,67,297.2,6,2
76,82,291.3,6,2
76,83,294.9,6,2
76,96,289.3,6,2
76,97,293.3,6,2
76,110,299.2,6,2
76,111,294.0,6,2
76,124,294.9,6,2
76,125,297.1,6,2
76,4,295.6,6,3
76,5,296.6,6,3
76,20,296.1,6,3
76,21,293.9,6,3
76,36,300.5,6,3
76,37,296.9,6,3
76,52,292.1,6,3
76,53,290.3,6,3
76,68,300.0,6,3
76,69,292.9,6,3
76,84,298.6,6,3
76,85,294.0,6,3
76,98,298.5,6,3
76,99,291.8,6,3
76,112,295.7,6,3
76,113,295.2,6,3
76,126,298.1,6,3
76,127,296.3,6,3
76,6,295.3,6,1
76,7,301.6,6,1
76,22,295.3,6,1
76,23,296.6,6,1
76,38,294.9,6,1
76,39,299.9,6,1
76,54,297.0,6,1
76,55,294.7,6,1
76,70,296.7,6,1
76,71,290.5,6,1
76,86,297.8,6,1
76,87,298.1,6,1
76,100,300.4,6,1
76,101,294.5,6,1
76,114,297.1,6,1
76,115,303.9,6,1
76,128,293.6,6,1
76,129,287.8,6,1
76,138,289.5,6,1
76,139,285.8,6,1
76,8,93.6,6,4
76,9,85.0,6,4
76,24,82.5,6,4
76,25,83.5,6,4
76,40,86.5,6,4
76,41,95.9,6,4
76,56,92.4,6,4
76,57,102.3,6,4
76,72,89.7,6,4
76,73,96.4,6,4
76,88,86.3,6,4
76,89,94.7,6,4
76,102,89.9,6,4
76,103,91.9,6,4
76,116,90.2,6,4
76,117,101.9,6,4
76,130,93.8,6,4
76,131,104.6,6,4
76,140,86.6,6,4
76,141,90.0,6,4
76,10,90.6,6,5
76,11,87.0,6,5
76,26,76.6,6,5
76,27,91.0,6,5
76,42,85.9,6,5
76,43,92.6,6,5
76,58,90.1,6,5
76,59,94.6,6,5
76,74,89.3,6,5
76,75,91.5,6,5
76,90,93.6,6,5
76,91,93.1,6,5
76,104,91.7,6,5
76,105,83.8,6,5
76,118,83.1,6,5
76,119,91.2,6,5
76,132,73.2,6,5
76,133,85.2,6,5
76,142,85.0,6,5
76,143,91.6,6,5
76,12,84.0,6,6
76,13,73.1,6,6
76,28,78.0,6,6
76,29,72.8,6,6
76,44,79.3,6,6
76,45,70.5,6,6
76,60,72.3,6,6
76,61,75.6,6,6
76,76,0.0,6,6
76,77,71.3,6,6
76,92,66.8,6,6
76,93,72.2,6,6
76,106,75.2,6,6
76,107,73.6,6,6
76,120,73.1,6,6
76,121,66.3,6,6
76,134,76.9,6,6
76,135,86.8,6,6
76,144,85.5,6,6
76,145,88.7,6,6
76,14,84.7,6,7
76,15,81.3,6,7
76,30,79.2,6,7
76,31,75.8,6,7
76,46,86.3,6,7
76,47,87.8,6,7
76,62,84.5,6,7
76,63,83.6,6,7
76,78,83.0,6,7
76,79,84.5,6,7
76,94,81.8,6,7
76,95,86.1,6,7
76,108,86.6,6,7
76,109,83.1,6,7
76,122,77.5,6,7
76,123,85.7,6,7
76,136,66.1,6,7
76,137,80.0,6,7
76,146,81.3,6,7
76,147,83.9,6,7
77,150,287.2,6,9
77,151,285.9,6,9
77,148,295.2,6,8
77,149,291.3,6,8
77,0,290.1,6,0
77,1,290.8,6,0
77,16,288.7,6,0
77,17,290.5,6,0
77,32,292.9,6,0
77,33,294.8,6,0
77,48,293.5,6,0
77,49,295.7,6,0
77,64,295.6,6,0
77,65,296.8,6,0
77,80,295.6,6,0
77,81,296.2,6,0
77,2,296.5,6,2
77,3,290.4,6,2
77,18,296.3,6,2
77,19,297.7,6,2
77,34,293.0,6,2
77,35,287.7,6,2
77,50,291.2,6,2
77,51,290.2,6,2
77,66,292.8,6,2
77,67,297.9,6,2
77,82,290.8,6,2
77,83,295.5,6,2
77,96,289.9,6,2
77,97,292.5,6,2
77,110,298.9,6,2
77,111,293.9,6,2
77,124,294.1,6,2
77,125,296.8,6,2
77,4,295.1,6,3
77,5,296.5,6,3
77,20,296.6,6,3
77,21,293.4,6,3
77,36,299.9,6,3
77,37,296.1,6,3
77,52,292.5,6,3
77,53,289.9,6,3
77,68,300.5,6,3
77,69,292.3,6,3
77,84,298.5,6,3
77,85,293.2,6,3
77,98,299.0,6,3
77,99,292.2,6,3
77,112,294.5,6,3
77,113,295.2,6,3
77,126,297.9,6,3
77,127,295.9,6,3
77,6,295.2,6,1
77,7,301.0,6,1
77,22,295.4,6,1
77,23,297.3,6,1
77,38,294.9,6,1
77,39,298.6,6,1
77,54,296.3,6,1
77,55,294.0,6,1
77,70,295.5,6,1
77,71,292.3,6,1
77,86,296.7,6,1
77,87,297.6,6,1
77,100,299.9,6,1
77,101,293.9,6,1
77,114,295.7,6,1
77,115,303.3,6,1
77,128,294.0,6,1
77,129,289.7,6,1
77,138,289.5,6,1
77,139,287.3,6,1
77,8,88.3,6,4
77,9,86.0,6,4
77,24,89.0,6,4
77,25,94.5,6,4
77,40,86.9,6,4
77,41,86.2,6,4
77,56,77.1,6,4
77,57,92.4,6,4
77,72,85.7,6,4
77,73,85.9,6,4
77,88,90.8,6,4
77,89,91.2,6,4
77,102,86.4,6,4
77,103,83.1,6,4
77,116,81.0,6,4
77,117,94.1,6,4
77,130,85.4,6,4
77,131,95.1,6,4
77,140,77.4,6,4
77,141,83.2,6,4
77,10,82.8,6,5
77,11,86.2,6,5
77,26,85.9,6,5
77,27,83.7,6,5
77,42,83.0,6,5
77,43,86.2,6,5
77,58,80.8,6,5
77,59,83.3,6,5
77,74,78.5,6,5
77,75,79.0,6,5
77,90,79.7,6,5
77,91,83.5,6,5
77,104,85.0,6,5
77,105,80.9,6,5
77,118,81.8,6,5
77,119,86.1,6,5
77,132,80.7,6,5
77,133,80.4,6,5
77,142,83.0,6,5
77,143,82.1,6,5
77,12,75.2,6,6
77,13,76.7,6,6
77,28,73.6,6,6
77,29,72.3,6,6
77,44,69.0,6,6
77,45,59.5,6,6
77,60,65.3,6,6
77,61,71.1,6,6
77,76,71.3,6,6
77,77,0.0,6,6
77,92,61.9,6,6
77,93,64.3,6,6
77,106,62.8,6,6
77,107,72.7,6,6
77,120,73.8,6,6
77,121,66.6,6,6
77,134,72.0,6,6
77,135,79.5,6,6
77,144,76.4,6,6
77,145,75.0,6,6
77,14,76.9,6,7
77,15,74.5,6,7
77,30,70.9,6,7
77,31,73.0,6,7
77,46,80.0,6,7
77,47,83.6,6,7
77,62,75.8,6,7
77,63,80.1,6,7
77,78,79.1,6,7
77,79,76.9,6,7
77,94,73.5,6,7
77,95,74.7,6,7
77,108,73.2,6,7
77,109,75.1,6,7
77,122,75.9,6,7
77,123,77.8,6,7
77,136,74.6,6,7
77,137,78.4,6,7
77,146,73.5,6,7
77,147,79.9,6,7
92,150,288.1,6,9
92,151,287.9,6,9
92,148,295.7,6,8
92,149,292.1,6,8
92,0,290.1,6,0
92,1,292.3,6,0
92,16,289.9,6,0
92,17,291.3,6,0
92,32,293.5,6,0
92,33,295.7,6,0
92,48,295.0,6,0
92,49,296.5,6,0
92,64,296.9,6,0
92,65,297.8,6,0
92,80,296.7,6,0
92,81,297.4,6,0
92,2,297.9,6,2
92,3,292.9,6,2
92,18,297.2,6,2
92,19,298.6,6,2
92,34,294.8,6,2
92,35,289.1,6,2
92,50,293.4,6,2
92,51,291.8,6,2
92,66,294.1,6,2
92,67,298.3,6,2
92,82,292.3,6,2
92,83,296.3,6,2
92,96,291.5,6,2
92,97,295.0,6,2
92,110,299.6,6,2
92,111,294.8,6,2
92,124,295.7,6,2
92,125,297.9,6,2
92,4,296.4,6,3
92,5,297.4,6,3
92,20,297.5,6,3
92,21,294.8,6,3
92,36,301.0,6,3
92,37,298.0,6,3
92,52,294.5,6,3
92,53,291.9,6,3
92,68,301.5,6,3
92,69,293.8,6,3
92,84,299.0,6,3
92,85,295.5,6,3
92,98,300.4,6,3
92,99,293.5,6,3
92,112,296.2,6,3
92,113,295.7,6,3
92,126,298.7,6,3
92,127,296.4,6,3
92,6,296.8,6,1
92,7,302.0,6,1
92,22,296.9,6,1
92,23,298.6,6,1
92,38,296.2,6,1
92,39,300.7,6,1
92,54,297.5,6,1
92,55,295.5,6,1
92,70,297.1,6,1
92,71,293.6,6,1
92,86,298.4,6,1
92,87,298.2,6,1
92,100,301.3,6,1
92,101,295.4,6,1
92,114,297.7,6,1
92,115,304.8,6,1
92,128,295.1,6,1
92,129,291.8,6,1
92,138,291.6,6,1
92,139,289.0,6,1
92,8,96.8,6,4
92,9,89.2,6,4
92,24,93.5,6,4
92,25,99.8,6,4
92,40,83.1,6,4
92,41,89.0,6,4
92,56,90.6,6,4
92,57,96.5,6,4
92,72,90.5,6,4
92,73,90.8,6,4
92,88,91.8,6,4
92,89,93.1,6,4
92,102,88.4,6,4
92,103,85.1,6,4
92,116,88.6,6,4
92,117,99.2,6,4
92,130,90.6,6,4
92,131,101.4,6,4
92,140,83.6,6,4
92,141,82.5,6,4
92,10,76.8,6,5
92,11,82.1,6,5
92,26,84.2,6,5
92,27,86.9,6,5
92,42,80.7,6,5
92,43,89.6,6,5
92,58,84.0,6,5
92,59,88.1,6,5
92,74,79.2,6,5
92,75,80.1,6,5
92,90,82.6,6,5
92,91,88.4,6,5
92,104,88.2,6,5
92,105,88.0,6,5
92,118,87.3,6,5
92,119,90.7,6,5
92,132,86.9,6,5
92,133,84.7,6,5
92,142,82.4,6,5
92,143,84.9,6,5
92,12,80.8,6,6
92,13,79.6,6,6
92,28,69.2,6,6
92,29,78.2,6,6
92,44,70.4,6,6
92,45,63.6,6,6
92,60,70.8,6,6
92,61,66.2,6,6
92,76,66.8,6,6
92,77,61.9,6,6
92,92,0.0,6,6
92,93,65.4,6,6
92,106,63.3,6,6
92,107,70.8,6,6
92,120,65.8,6,6
92,121,63.4,6,6
92,134,67.8,6,6
92,135,85.7,6,6
92,144,73.6,6,6
92,145,81.3,6,6
92,14,78.9,6,7
92,15,71.2,6,7
92,30,72.3,6,7
92,31,74.2,6,7
92,46,72.4,6,7
92,47,84.8,6,7
92,62,73.4,6,7
92,63,77.9,6,7
92,78,82.1,6,7
92,79,77.6,6,7
92,94,72.4,6,7
92,95,80.4,6,7
92,108,75.8,6,7
92,109,73.7,6,7
92,122,73.8,6,7
92,123,76.5,6,7
92,136,74.6,6,7
92,137,76.3,6,7
92,146,70.1,6,7
92,147,76.0,6,7
93,150,288.0,6,9
93,151,285.9,6,9
93,148,294.7,6,8
93,149,291.4,6,8
93,0,290.2,6,0
93,1,290.5,6,0
93,16,289.1,6,0
93,17,290.5,6,0
93,32,293.1,6,0
93,33,294.8,6,0
93,48,293.7,6,0
93,49,296.0,6,0
93,64,294.9,6,0
93,65,297.2,6,0
93,80,295.5,6,0
93,81,297.0,6,0
93,2,297.0,6,2
93,3,290.9,6,2
93,18,296.4,6,2
93,19,297.9,6,2
93,34,293.1,6,2
93,35,287.7,6,2
93,50,292.1,6,2
93,51,289.8,6,2
93,66,292.7,6,2
93,67,297.5,6,2
93,82,291.3,6,2
93,83,295.0,6,2
93,96,288.7,6,2
93,97,293.6,6,2
93,110,297.9,6,2
93,111,293.9,6,2
93,124,294.7,6,2
93,125,297.2,6,2
93,4,294.4,6,3
93,5,296.8,6,3
93,20,297.0,6,3
93,21,293.7,6,3
93,36,300.2,6,3
93,37,297.1,6,3
93,52,294.2,6,3
93,53,289.5,6,3
93,68,301.7,6,3
93,69,293.2,6,3
93,84,299.3,6,3
93,85,293.8,6,3
93,98,299.8,6,3
93,99,292.4,6,3
93,112,294.7,6,3
93,113,295.9,6,3
93,126,298.7,6,3
93,127,296.6,6,3
93,6,296.0,6,1
93,7,301.8,6,1
93,22,295.3,6,1
93,23,297.7,6,1
93,38,295.2,6,1
93,39,299.4,6,1
93,54,296.8,6,1
93,55,294.3,6,1
93,70,295.9,6,1
93,71,292.2,6,1
93,86,296.7,6,1
93,87,297.9,6,1
93,100,300.6,6,1
93,101,293.8,6,1
93,114,296.6,6,1
93,115,303.5,6,1
93,128,294.4,6,1
93,129,288.6,6,1
93,138,289.1,6,1
93,139,287.1,6,1
93,8,93.8,6,4
93,9,92.1,6,4
93,24,91.9,6,4
93,25,92.2,6,4
93,40,91.9,6,4
93,41,96.0,6,4
93,56,95.6,6,4
93,57,104.5,6,4
93,72,91.6,6,4
93,73,98.7,6,4
93,88,94.4,6,4
93,89,98.0,6,4
93,102,93.7,6,4
93,103,85.5,6,4
93,116,88.3,6,4
93,117,103.2,6,4
93,130,86.7,6,4
93,131,96.7,6,4
93,140,87.6,6,4
93,141,86.5,6,4
93,10,81.2,6,5
93,11,87.9,6,5
93,26,91.2,6,5
93,27,91.7,6,5
93,42,86.7,6,5
93,43,95.1,6,5
93,58,89.8,6,5
93,59,90.6,6,5
93,74,86.5,6,5
93,75,88.7,6,5
93,90,86.5,6,5
93,91,92.8,6,5
93,104,91.8,6,5
93,105,88.1,6,5
93,118,84.3,6,5
93,119,80.3,6,5
93,132,81.6,6,5
93,133,79.4,6,5
93,142,83.4,6,5
93,143,83.3,6,5
93,12,81.9,6,6
93,13,81.7,6,6
93,28,79.4,6,6
93,29,77.6,6,6
93,44,74.9,6,6
93,45,61.4,6,6
93,60,72.6,6,6
93,61,69.8,6,6
93,76,72.2,6,6
93,77,64.3,6,6
93,92,65.4,6,6
93,93,0.0,6,6
93,106,61.3,6,6
93,107,64.3,6,6
93,120,73.7,6,6
93,121,68.7,6,6
93,134,72.9,6,6
93,135,84.0,6,6
93,144,79.9,6,6
93,145,81.0,6,6
93,14,78.8,6,7
93,15,77.8,6,7
93,30,77.7,6,7
93,31,75.4,6,7
93,46,78.4,6,7
93,47,85.4,6,7
93,62,78.0,6,7
93,63,80.8,6,7
93,78,85.3,6,7
93,79,82.4,6,7
93,94,75.8,6,7
93,95,82.0,6,7
93,108,78.4,6,7
93,109,75.1,6,7
93,122,77.6,6,7
93,123,83.3,6,7
93,136,75.6,6,7
93,137,74.1,6,7
93,146,82.5,6,7
93,147,84.0,6,7
106,150,286.7,6,9
106,151,285.2,6,9
106,148,293.7,6,8
106,149,290.5,6,8
106,0,289.3,6,0
106,1,290.2,6,0
106,16,288.4,6,0
106,17,289.9,6,0
106,32,291.9,6,0
106,33,294.1,6,0
106,48,292.6,6,0
106,49,294.9,6,0
106,64,295.1,6,0
106,65,295.7,6,0
106,80,294.9,6,0
106,81,295.7,6,0
106,2,296.1,6,2
106,3,290.1,6,2
106,18,295.0,6,2
106,19,297.1,6,2
106,34,292.5,6,2
106,35,287.0,6,2
106,50,291.1,6,2
106,51,290.0,6,2
106,66,292.7,6,2
106,67,297.1,6,2
106,82,290.9,6,2
106,83,294.7,6,2
106,96,290.1,6,2
106,97,292.8,6,2
106,110,297.7,6,2
106,111,293.2,6,2
106,124,294.3,6,2
106,125,296.2,6,2
106,4,294.5,6,3
106,5,295.9,6,3
106,20,295.8,6,3
106,21,293.3,6,3
106,36,299.1,6,3
106,37,295.7,6,3
106,52,292.8,6,3
106,53,289.6,6,3
106,68,299.7,6,3
106,69,291.6,6,3
106,84,297.9,6,3
106,85,293.1,6,3
106,98,298.2,6,3
106,99,291.6,6,3
106,112,294.4,6,3
106,113,294.6,6,3
106,126,297.7,6,3
106,127,295.5,6,3
106,6,294.4,6,1
106,7,300.6,6,1
106,22,295.1,6,1
106,23,297.4,6,1
106,38,294.6,6,1
106,39,298.2,6,1
106,54,296.1,6,1
106,55,293.0,6,1
106,70,294.6,6,1
106,71,291.8,6,1
106,86,296.3,6,1
106,87,296.4,6,1
106,100,299.0,6,1
106,101,293.0,6,1
106,114,296.0,6,1
106,115,303.2,6,1
106,128,293.0,6,1
106,129,289.2,6,1
106,138,289.7,6,1
106,139,286.5,6,1
106,8,90.5,6,4
106,9,91.1,6,4
106,24,92.1,6,4
106,25,95.7,6,4
106,40,89.7,6,4
106,41,92.4,6,4
106,56,88.0,6,4
106,57,94.6,6,4
106,72,90.1,6,4
106,73,88.9,6,4
106,88,87.5,6,4
106,89,84.2,6,4
106,102,84.9,6,4
106,103,86.5,6,4
106,116,84.1,6,4
106,117,90.2,6,4
106,130,88.3,6,4
106,131,97.7,6,4
106,140,85.0,6,4
106,141,86.9,6,4
106,10,84.5,6,5
106,11,88.9,6,5
106,26,91.9,6,5
106,27,83.9,6,5
106,42,83.1,6,5
106,43,89.9,6,5
106,58,83.0,6,5
106,59,80.2,6,5
106,74,82.1,6,5
106,75,76.4,6,5
106,90,76.0,6,5
106,91,88.7,6,5
106,104,80.8,6,5
106,105,83.2,6,5
106,118,88.7,6,5
106,119,86.9,6,5
106,132,82.5,6,5
106,133,81.2,6,5
106,142,80.7,6,5
106,143,79.8,6,5
106,12,74.3,6,6
106,13,76.5,6,6
106,28,71.5,6,6
106,29,72.9,6,6
106,44,63.1,6,6
106,45,58.5,6,6
106,60,71.3,6,6
106,61,56.9,6,6
106,76,75.2,6,6
106,77,62.8,6,6
106,92,63.3,6,6
106,93,61.3,6,6
106,106,0.0,6,6
106,107,61.1,6,6
106,120,71.6,6,6
106,121,69.8,6,6
106,134,58.2,6,6
106,135,71.4,6,6
106,144,79.1,6,6
106,145,80.5,6,6
106,14,70.2,6,7
106,15,77.6,6,7
106,30,71.6,6,7
106,31,75.3,6,7
106,46,64.6,6,7
106,47,75.5,6,7
106,62,77.8,6,7
106,63,79.3,6,7
106,78,83.8,6,7
106,79,76.7,6,7
106,94,73.0,6,7
106,95,76.2,6,7
106,108,69.4,6,7
106,109,78.0,6,7
106,122,73.1,6,7
106,123,75.3,6,7
106,136,74.6,6,7
106,137,73.6,6,7
106,146,80.1,6,7
106,147,79.5,6,7
107,150,281.5,6,9
107,151,280.0,6,9
107,148,289.6,6,8
107,149,286.2,6,8
107,0,284.0,6,0
107,1,286.3,6,0
107,16,284.2,6,0
107,17,285.6,6,0
107,32,287.6,6,0
107,33,290.6,6,0
107,48,289.4,6,0
107,49,291.7,6,0
107,64,291.0,6,0
107,65,292.5,6,0
107,80,291.7,6,0
107,81,292.3,6,0
107,2,292.6,6,2
107,3,286.2,6,2
107,18,292.4,6,2
107,19,293.2,6,2
107,34,289.2,6,2
107,35,283.3,6,2
107,50,288.0,6,2
107,51,286.1,6,2
107,66,288.5,6,2
107,67,293.8,6,2
107,82,287.1,6,2
107,83,291.4,6,2
107,96,284.4,6,2
107,97,289.6,6,2
107,110,295.0,6,2
107,111,288.3,6,2
107,124,290.4,6,2
107,125,292.9,6,2
107,4,291.2,6,3
107,5,292.6,6,3
107,20,292.1,6,3
107,21,288.6,6,3
107,36,296.2,6,3
107,37,292.3,6,3
107,52,288.4,6,3
107,53,285.1,6,3
107,68,295.5,6,3
107,69,288.2,6,3
107,84,294.6,6,3
107,85,289.7,6,3
107,98,294.6,6,3
107,99,286.6,6,3
107,112,290.9,6,3
107,113,290.6,6,3
107,126,294.1,6,3
107,127,292.2,6,3
107,6,291.5,6,1
107,7,297.1,6,1
107,22,291.6,6,1
107,23,293.5,6,1
107,38,290.9,6,1
107,39,294.9,6,1
107,54,292.6,6,1
107,55,289.2,6,1
107,70,291.6,6,1
107,71,287.3,6,1
107,86,293.1,6,1
107,87,293.4,6,1
107,100,296.1,6,1
107,101,289.5,6,1
107,114,292.8,6,1
107,115,300.1,6,1
107,128,288.6,6,1
107,129,285.4,6,1
107,138,286.2,6,1
107,139,282.2,6,1
107,8,88.4,6,4
107,9,88.7,6,4
107,24,88.7,6,4
107,25,93.0,6,4
107,40,87.6,6,4
107,41,89.6,6,4
107,56,87.7,6,4
107,57,97.7,6,4
107,72,81.7,6,4
107,73,90.2,6,4
107,88,87.2,6,4
107,89,75.6,6,4
107,102,86.6,6,4
107,103,87.6,6,4
107,116,88.2,6,4
107,117,86.1,6,4
107,130,83.0,6,4
107,131,92.6,6,4
107,140,86.1,6,4
107,141,87.7,6,4
107,10,83.2,6,5
107,11,88.3,6,5
107,26,87.4,6,5
107,27,86.5,6,5
107,42,83.3,6,5
107,43,92.0,6,5
107,58,88.9,6,5
107,59,84.8,6,5
107,74,86.4,6,5
107,75,86.5,6,5
107,90,84.4,6,5
107,91,91.9,6,5
107,104,83.1,6,5
107,105,87.0,6,5
107,118,89.7,6,5
107,119,88.6,6,5
107,132,85.9,6,5
107,133,83.8,6,5
107,142,87.2,6,5
107,143,86.1,6,5
107,12,82.3,6,6
107,13,82.3,6,6
107,28,78.5,6,6
107,29,78.9,6,6
107,44,74.5,6,6
107,45,71.6,6,6
107,60,73.8,6,6
107,61,66.7,6,6
107,76,73.6,6,6
107,77,72.7,6,6
107,92,70.8,6,6
107,93,64.3,6,6
107,106,61.1,6,6
107,107,0.0,6,6
107,120,68.8,6,6
107,121,71.7,6,6
107,134,65.3,6,6
107,135,77.1,6,6
107,144,80.4,6,6
107,145,83.6,6,6
107,14,71.1,6,7
107,15,81.2,6,7
107,30,81.8,6,7
107,31,78.8,6,7
107,46,70.6,6,7
107,47,65.6,6,7
107,62,80.0,6,7
107,63,83.4,6,7
107,78,85.9,6,7
107,79,82.0,6,7
107,94,82.5,6,7
107,95,82.4,6,7
107,108,79.9,6,7
107,109,82.3,6,7
107,122,80.3,6,7
107,123,82.8,6,7
107,136,78.0,6,7
107,137,76.5,6,7
107,146,78.7,6,7
107,147,80.8,6,7
120,150,284.8,6,9
120,151,284.0,6,9
120,148,292.2,6,8
120,149,288.6,6,8
120,0,287.7,6,0
120,1,289.7,6,0
120,16,287.1,6,0
120,17,288.6,6,0
120,32,290.9,6,0
120,33,293.5,6,0
120,48,291.7,6,0
120,49,293.8,6,0
120,64,293.8,6,0
120,65,294.9,6,0
120,80,294.0,6,0
120,81,294.9,6,0
120,2,294.3,6,2
120,3,289.9,6,2
120,18,294.4,6,2
120,19,295.4,6,2
120,34,291.4,6,2
120,35,285.9,6,2
120,50,289.8,6,2
120,51,288.6,6,2
120,66,291.0,6,2
120,67,296.1,6,2
120,82,289.6,6,2
120,83,293.8,6,2
120,96,288.1,6,2
120,97,291.5,6,2
120,110,297.5,6,2
120,111,292.3,6,2
120,124,292.9,6,2
120,125,294.6,6,2
120,4,293.6,6,3
120,5,294.4,6,3
120,20,294.4,6,3
120,21,292.4,6,3
120,36,298.4,6,3
120,37,295.4,6,3
120,52,290.2,6,3
120,53,289.1,6,3
120,68,298.8,6,3
120,69,290.3,6,3
120,84,296.9,6,3
120,85,292.7,6,3
120,98,297.0,6,3
120,99,289.6,6,3
120,112,293.9,6,3
120,113,293.4,6,3
120,126,296.3,6,3
120,127,293.7,6,3
120,6,293.4,6,1
120,7,299.5,6,1
120,22,293.6,6,1
120,23,295.5,6,1
120,38,292.7,6,1
120,39,297.8,6,1
120,54,295.3,6,1
120,55,292.8,6,1
120,70,294.8,6,1
120,71,290.4,6,1
120,86,296.6,6,1
120,87,295.9,6,1
120,100,298.6,6,1
120,101,292.6,6,1
120,114,294.6,6,1
120,115,302.0,6,1
120,128,291.8,6,1
120,129,288.9,6,1
120,138,289.2,6,1
120,139,285.5,6,1
120,8,88.2,6,4
120,9,92.6,6,4
120,24,87.9,6,4
120,25,95.9,6,4
120,40,91.4,6,4
120,41,87.1,6,4
120,56,90.8,6,4
120,57,87.7,6,4
120,72,90.0,6,4
120,73,89.1,6,4
120,88,85.8,6,4
120,89,91.0,6,4
120,102,86.7,6,4
120,103,86.7,6,4
120,116,91.5,6,4
120,117,98.4,6,4
120,130,95.2,6,4
120,131,103.0,6,4
120,140,84.0,6,4
120,141,84.6,6,4
120,10,84.6,6,5
120,11,80.6,6,5
120,26,78.5,6,5
120,27,82.2,6,5
120,42,85.9,6,5
120,43,91.9,6,5
120,58,89.0,6,5
120,59,88.2,6,5
120,74,87.1,6,5
120,75,88.4,6,5
120,90,91.0,6,5
120,91,90.0,6,5
120,104,90.1,6,5
120,105,88.1,6,5
120,118,88.6,6,5
120,119,99.4,6,5
120,132,86.6,6,5
120,133,86.8,6,5
120,142,85.4,6,5
120,143,93.7,6,5
120,12,80.9,6,6
120,13,77.4,6,6
120,28,72.5,6,6
120,29,79.3,6,6
120,44,72.8,6,6
120,45,70.7,6,6
120,60,62.3,6,6
120,61,72.1,6,6
120,76,73.1,6,6
120,77,73.8,6,6
120,92,65.8,6,6
120,93,73.7,6,6
120,106,71.6,6,6
120,107,68.8,6,6
120,120,0.0,6,6
120,121,62.8,6,6
120,134,70.6,6,6
120,135,86.2,6,6
120,144,66.1,6,6
120,145,78.8,6,6
120,14,73.1,6,7
120,15,67.2,6,7
120,30,79.1,6,7
120,31,74.0,6,7
120,46,72.4,6,7
120,47,86.3,6,7
120,62,76.2,6,7
120,63,80.2,6,7
120,78,81.8,6,7
120,79,76.0,6,7
120,94,76.9,6,7
120,95,80.0,6,7
120,108,78.4,6,7
120,109,68.0,6,7
120,122,78.7,6,7
120,123,78.7,6,7
120,136,76.8,6,7
120,137,73.7,6,7
120,146,73.8,6,7
120,147,77.6,6,7
121,150,292.7,6,9
121,151,291.5,6,9
121,148,299.3,6,8
121,149,295.5,6,8
121,0,294.9,6,0
121,1,296.2,6,0
121,16,293.9,6,0
121,17,295.4,6,0
121,32,297.5,6,0
121,33,300.3,6,0
121,48,298.8,6,0
121,49,300.8,6,0
121,64,300.3,6,0
121,65,301.7,6,0
121,80,301.1,6,0
121,81,301.7,6,0
121,2,301.5,6,2
121,3,297.2,6,2
121,18,301.1,6,2
121,19,302.3,6,2
121,34,298.6,6,2
121,35,293.0,6,2
121,50,296.8,6,2
121,51,295.3,6,2
121,66,298.3,6,2
121,67,302.7,6,2
121,82,296.5,6,2
121,83,300.0,6,2
121,96,294.6,6,2
121,97,298.4,6,2
121,110,303.8,6,2
121,111,299.0,6,2
121,124,299.5,6,2
121,125,301.4,6,2
121,4,300.5,6,3
121,5,300.8,6,3
121,20,301.4,6,3
121,21,299.3,6,3
121,36,305.1,6,3
121,37,302.3,6,3
121,52,299.0,6,3
121,53,296.9,6,3
121,68,306.2,6,3
121,69,298.1,6,3
121,84,304.0,6,3
121,85,299.0,6,3
121,98,303.9,6,3
121,99,297.9,6,3
121,112,301.1,6,3
121,113,300.5,6,3
121,126,303.2,6,3
121,127,301.1,6,3
121,6,300.6,6,1
121,7,306.0,6,1
121,22,300.3,6,1
121,23,302.4,6,1
121,38,300.6,6,1
121,39,304.9,6,1
121,54,302.4,6,1
121,55,300.1,6,1
121,70,301.6,6,1
121,71,297.7,6,1
121,86,302.8,6,1
121,87,302.4,6,1
121,100,305.0,6,1
121,101,299.8,6,1
121,114,301.6,6,1
121,115,308.3,6,1
121,128,299.0,6,1
121,129,295.5,6,1
121,138,296.4,6,1
121,139,292.9,6,1
121,8,96.2,6,4
121,9,91.0,6,4
121,24,84.2,6,4
121,25,92.4,6,4
121,40,89.0,6,4
121,41,84.0,6,4
121,56,87.1,6,4
121,57,95.3,6,4
121,72,92.4,6,4
121,73,92.0,6,4
121,88,84.5,6,4
121,89,93.9,6,4
121,102,81.2,6,4
121,103,84.0,6,4
121,116,88.4,6,4
121,117,90.1,6,4
121,130,94.3,6,4
121,131,96.3,6,4
121,140,81.9,6,4
121,141,81.5,6,4
121,10,81.9,6,5
121,11,82.3,6,5
121,26,79.9,6,5
121,27,84.3,6,5
121,42,78.1,6,5
121,43,83.1,6,5
121,58,81.9,6,5
121,59,89.7,6,5
121,74,81.7,6,5
121,75,83.3,6,5
121,90,84.9,6,5
121,91,89.3,6,5
121,104,82.7,6,5
121,105,85.9,6,5
121,118,86.1,6,5
121,119,89.7,6,5
121,132,81.1,6,5
121,133,85.6,6,5
121,142,80.1,6,5
121,143,87.5,6,5
121,12,74.4,6,6
121,13,69.9,6,6
121,28,70.3,6,6
121,29,74.2,6,6
121,44,71.4,6,6
121,45,67.8,6,6
121,60,75.2,6,6
121,61,71.5,6,6
121,76,66.3,6,6
121,77,66.6,6,6
121,92,63.4,6,6
121,93,68.7,6,6
121,106,69.8,6,6
121,107,71.7,6,6
121,120,62.8,6,6
121,121,0.0,6,6
121,134,65.4,6,6
121,135,85.8,6,6
121,144,69.5,6,6
121,145,76.4,6,6
121,14,78.3,6,7
121,15,72.9,6,7
121,30,73.4,6,7
121,31,70.1,6,7
121,46,75.9,6,7
121,47,83.3,6,7
121,62,72.4,6,7
121,63,69.9,6,7
121,78,77.3,6,7
121,79,72.1,6,7
121,94,69.4,6,7
121,95,71.7,6,7
121,108,74.2,6,7
121,109,73.5,6,7
121,122,65.6,6,7
121,123,76.7,6,7
121,136,71.6,6,7
121,137,72.7,6,7
121,146,76.0,6,7
121,147,70.8,6,7
134,150,288.1,6,9
134,151,286.5,6,9
134,148,296.6,6,8
134,149,292.8,6,8
134,0,290.9,6,0
134,1,292.7,6,0
134,16,290.8,6,0
134,17,292.1,6,0
134,32,293.8,6,0
134,33,297.0,6,0
134,48,294.4,6,0
134,49,297.7,6,0
134,64,297.8,6,0
134,65,298.4,6,0
134,80,297.7,6,0
134,81,298.2,6,0
134,2,298.6,6,2
134,3,291.7,6,2
134,18,298.2,6,2
134,19,299.4,6,2
134,34,294.4,6,2
134,35,289.5,6,2
134,50,294.5,6,2
134,51,292.8,6,2
134,66,295.1,6,2
134,67,299.9,6,2
134,82,293.0,6,2
134,83,297.8,6,2
134,96,292.4,6,2
134,97,295.3,6,2
134,110,300.4,6,2
134,111,295.5,6,2
134,124,296.8,6,2
134,125,298.9,6,2
134,4,296.6,6,3
134,5,298.5,6,3
134,20,297.5,6,3
134,21,295.5,6,3
134,36,301.2,6,3
134,37,297.6,6,3
134,52,294.1,6,3
134,53,290.8,6,3
134,68,300.5,6,3
134,69,293.6,6,3
134,84,299.5,6,3
134,85,294.9,6,3
134,98,299.6,6,3
134,99,292.9,6,3
134,112,296.6,6,3
134,113,295.5,6,3
134,126,299.9,6,3
134,127,297.7,6,3
134,6,296.8,6,1
134,7,302.3,6,1
134,22,296.5,6,1
134,23,299.7,6,1
134,38,296.5,6,1
134,39,300.0,6,1
134,54,297.9,6,1
134,55,294.1,6,1
134,70,296.7,6,1
134,71,293.3,6,1
134,86,297.3,6,1
134,87,298.5,6,1
134,100,301.5,6,1
134,101,294.7,6,1
134,114,297.8,6,1
134,115,305.3,6,1
134,128,294.5,6,1
134,129,292.0,6,1
134,138,293.3,6,1
134,139,288.5,6,1
134,8,90.3,6,4
134,9,96.5,6,4
134,24,94.5,6,4
134,25,98.8,6,4
134,40,95.3,6,4
134,41,90.9,6,4
134,56,91.9,6,4
134,57,101.5,6,4
134,72,96.1,6,4
134,73,94.1,6,4
134,88,89.8,6,4
134,89,87.0,6,4
134,102,85.3,6,4
134,103,90.0,6,4
134,116,88.6,6,4
134,117,88.2,6,4
134,130,89.4,6,4
134,131,98.3,6,4
134,140,88.2,6,4
134,141,86.4,6,4
134,10,82.8,6,5
134,11,87.9,6,5
134,26,90.2,6,5
134,27,85.8,6,5
134,42,81.3,6,5
134,43,85.8,6,5
134,58,81.8,6,5
134,59,76.6,6,5
134,74,81.1,6,5
134,75,73.0,6,5
134,90,84.0,6,5
134,91,85.2,6,5
134,104,70.9,6,5
134,105,85.3,6,5
134,118,89.8,6,5
134,119,91.5,6,5
134,132,78.7,6,5
134,133,79.8,6,5
134,142,84.5,6,5
134,143,83.5,6,5
134,12,72.5,6,6
134,13,76.8,6,6
134,28,68.2,6,6
134,29,79.1,6,6
134,44,71.1,6,6
134,45,75.1,6,6
134,60,82.0,6,6
134,61,62.9,6,6
134,76,76.9,6,6
134,77,72.0,6,6
134,92,67.8,6,6
134,93,72.9,6,6
134,106,58.2,6,6
134,107,65.3,6,6
134,120,70.6,6,6
134,121,65.4,6,6
134,134,0.0,6,6
134,135,71.3,6,6
134,144,78.2,6,6
134,145,85.8,6,6
134,14,72.7,6,7
134,15,77.7,6,7
134,30,74.1,6,7
134,31,77.4,6,7
134,46,59.3,6,7
134,47,75.9,6,7
134,62,81.2,6,7
134,63,79.8,6,7
134,78,85.3,6,7
134,79,78.6,6,7
134,94,76.6,6,7
134,95,76.1,6,7
134,108,76.9,6,7
134,109,83.4,6,7
134,122,74.1,6,7
134,123,83.4,6,7
134,136,75.0,6,7
134,137,75.8,6,7
134,146,80.4,6,7
134,147,80.0,6,7
135,150,283.5,6,9
135,151,281.9,6,9
135,148,293.1,6,8
135,149,288.7,6,8
135,0,288.4,6,0
135,1,288.8,6,0
135,16,287.3,6,0
135,17,288.7,6,0
135,32,290.1,6,0
135,33,292.4,6,0
135,48,291.4,6,0
135,49,293.4,6,0
135,64,293.2,6,0
135,65,294.3,6,0
135,80,293.3,6,0
135,81,294.1,6,0
135,2,294.9,6,2
135,3,286.6,6,2
135,18,293.7,6,2
135,19,295.8,6,2
135,34,290.2,6,2
135,35,284.3,6,2
135,50,289.4,6,2
135,51,288.0,6,2
135,66,290.2,6,2
135,67,295.6,6,2
135,82,288.7,6,2
135,83,293.1,6,2
135,96,287.5,6,2
135,97,290.4,6,2
135,110,296.8,6,2
135,111,291.9,6,2
135,124,292.2,6,2
135,125,294.6,6,2
135,4,292.0,6,3
135,5,294.5,6,3
135,20,293.5,6,3
135,21,291.2,6,3
135,36,297.4,6,3
135,37,293.5,6,3
135,52,289.2,6,3
135,53,285.0,6,3
135,68,296.2,6,3
135,69,289.1,6,3
135,84,294.8,6,3
135,85,290.2,6,3
135,98,295.9,6,3
135,99,288.6,6,3
135,112,292.5,6,3
135,113,292.5,6,3
135,126,295.3,6,3
135,127,293.3,6,3
135,6,292.2,6,1
135,7,298.3,6,1
135,22,293.2,6,1
135,23,295.0,6,1
135,38,292.1,6,1
135,39,295.7,6,1
135,54,293.1,6,1
135,55,290.1,6,1
135,70,292.1,6,1
135,71,289.4,6,1
135,86,293.5,6,1
135,87,294.6,6,1
135,100,297.8,6,1
135,101,290.7,6,1
135,114,292.7,6,1
135,115,301.4,6,1
135,128,290.6,6,1
135,129,287.3,6,1
135,138,289.2,6,1
135,139,282.2,6,1
135,8,88.1,6,4
135,9,94.5,6,4
135,24,87.7,6,4
135,25,92.1,6,4
135,40,89.9,6,4
135,41,90.9,6,4
135,56,85.0,6,4
135,57,96.0,6,4
135,72,91.4,6,4
135,73,92.0,6,4
135,88,86.8,6,4
135,89,81.6,6,4
135,102,86.9,6,4
135,103,91.2,6,4
135,116,90.0,6,4
135,117,89.8,6,4
135,130,87.6,6,4
135,131,101.4,6,4
135,140,86.6,6,4
135,141,89.9,6,4
135,10,83.3,6,5
135,11,87.2,6,5
135,26,90.1,6,5
135,27,88.0,6,5
135,42,86.5,6,5
135,43,91.4,6,5
135,58,87.9,6,5
135,59,73.4,6,5
135,74,88.1,6,5
135,75,81.1,6,5
135,90,85.3,6,5
135,91,88.5,6,5
135,104,82.7,6,5
135,105,87.0,6,5
135,118,86.6,6,5
135,119,94.5,6,5
135,132,80.6,6,5
135,133,81.2,6,5
135,142,86.0,6,5
135,143,82.7,6,5
135,12,80.0,6,6
135,13,87.5,6,6
135,28,77.4,6,6
135,29,81.5,6,6
135,44,75.2,6,6
135,45,86.1,6,6
135,60,83.4,6,6
135,61,73.0,6,6
135,76,86.8,6,6
135,77,79.5,6,6
135,92,85.7,6,6
135,93,84.0,6,6
135,106,71.4,6,6
135,107,77.1,6,6
135,120,86.2,6,6
135,121,85.8,6,6
135,134,71.3,6,6
135,135,0.0,6,6
135,144,78.3,6,6
135,145,74.0,6,6
135,14,59.7,6,7
135,15,72.6,6,7
135,30,75.8,6,7
135,31,75.0,6,7
135,46,69.0,6,7
135,47,76.6,6,7
135,62,82.0,6,7
135,63,84.7,6,7
135,78,84.5,6,7
135,79,85.1,6,7
135,94,78.9,6,7
135,95,83.5,6,7
135,108,80.1,6,7
135,109,84.8,6,7
135,122,78.9,6,7
135,123,77.3,6,7
135,136,79.1,6,7
135,137,79.2,6,7
135,146,88.8,6,7
135,147,87.6,6,7
144,150,290.7,6,9
144,151,290.0,6,9
144,148,297.2,6,8
144,149,293.8,6,8
144,0,293.7,6,0
144,1,294.6,6,0
144,16,292.7,6,0
144,17,293.4,6,0
144,32,296.0,6,0
144,33,296.5,6,0
144,48,296.6,6,0
144,49,297.9,6,0
144,64,298.6,6,0
144,65,299.3,6,0
144,80,298.4,6,0
144,81,299.0,6,0
144,2,298.4,6,2
144,3,293.6,6,2
144,18,298.6,6,2
144,19,300.6,6,2
144,34,295.9,6,2
144,35,290.4,6,2
144,50,294.2,6,2
144,51,293.0,6,2
144,66,295.7,6,2
144,67,300.4,6,2
144,82,294.1,6,2
144,83,297.6,6,2
144,96,292.2,6,2
144,97,295.6,6,2
144,110,301.7,6,2
144,111,296.2,6,2
144,124,296.7,6,2
144,125,298.6,6,2
144,4,297.6,6,3
144,5,298.8,6,3
144,20,299.4,6,3
144,21,296.4,6,3
144,36,302.5,6,3
144,37,299.8,6,3
144,52,296.9,6,3
144,53,294.0,6,3
144,68,304.2,6,3
144,69,295.4,6,3
144,84,301.2,6,3
144,85,296.4,6,3
144,98,301.7,6,3
144,99,295.1,6,3
144,112,297.6,6,3
144,113,297.9,6,3
144,126,300.3,6,3
144,127,298.0,6,3
144,6,297.9,6,1
144,7,303.6,6,1
144,22,298.1,6,1
144,23,299.5,6,1
144,38,296.8,6,1
144,39,301.8,6,1
144,54,298.7,6,1
144,55,297.4,6,1
144,70,298.9,6,1
144,71,295.1,6,1
144,86,299.6,6,1
144,87,300.0,6,1
144,100,302.3,6,1
144,101,296.3,6,1
144,114,298.8,6,1
144,115,305.6,6,1
144,128,296.8,6,1
144,129,293.5,6,1
144,138,293.6,6,1
144,139,290.1,6,1
144,8,93.6,6,4
144,9,94.2,6,4
144,24,89.3,6,4
144,25,98.2,6,4
144,40,96.0,6,4
144,41,81.5,6,4
144,56,89.5,6,4
144,57,88.2,6,4
144,72,90.9,6,4
144,73,86.3,6,4
144,88,87.6,6,4
144,89,96.0,6,4
144,102,86.4,6,4
144,103,82.4,6,4
144,116,89.0,6,4
144,117,97.1,6,4
144,130,96.1,6,4
144,131,95.8,6,4
144,140,81.8,6,4
144,141,81.1,6,4
144,10,76.4,6,5
144,11,87.5,6,5
144,26,83.4,6,5
144,27,86.3,6,5
144,42,77.2,6,5
144,43,81.8,6,5
144,58,77.7,6,5
144,59,88.3,6,5
144,74,83.7,6,5
144,75,77.3,6,5
144,90,79.2,6,5
144,91,84.6,6,5
144,104,85.1,6,5
144,105,85.7,6,5
144,118,78.3,6,5
144,119,92.7,6,5
144,132,85.0,6,5
144,133,79.1,6,5
144,142,77.5,6,5
144,143,82.8,6,5
144,12,75.0,6,6
144,13,78.0,6,6
144,28,76.7,6,6
144,29,80.3,6,6
144,44,70.7,6,6
144,45,74.3,6,6
144,60,77.9,6,6
144,61,82.6,6,6
144,76,85.5,6,6
144,77,76.4,6,6
144,92,73.6,6,6
144,93,79.9,6,6
144,106,79.1,6,6
144,107,80.4,6,6
144,120,66.1,6,6
144,121,69.5,6,6
144,134,78.2,6,6
144,135,78.3,6,6
144,144,0.0,6,6
144,145,55.5,6,6
144,14,71.4,6,7
144,15,66.9,6,7
144,30,71.3,6,7
144,31,70.5,6,7
144,46,72.0,6,7
144,47,87.7,6,7
144,62,69.2,6,7
144,63,72.1,6,7
144,78,79.5,6,7
144,79,70.1,6,7
144,94,67.7,6,7
144,95,70.8,6,7
144,108,67.5,6,7
144,109,65.1,6,7
144,122,72.4,6,7
144,123,66.7,6,7
144,136,77.5,6,7
144,137,76.5,6,7
144,146,77.4,6,7
144,147,75.3,6,7
145,150,288.5,6,9
145,151,287.8,6,9
145,148,295.0,6,8
145,149,291.6,6,8
145,0,291.0,6,0
145,1,292.0,6,0
145,16,290.3,6,0
145,17,291.0,6,0
145,32,294.0,6,0
145,33,294.7,6,0
145,48,294.2,6,0
145,49,296.0,6,0
145,64,296.4,6,0
145,65,296.9,6,0
145,80,295.8,6,0
145,81,296.7,6,0
145,2,296.7,6,2
145,3,291.7,6,2
145,18,296.5,6,2
145,19,298.4,6,2
145,34,293.9,6,2
145,35,288.4,6,2
145,50,292.6,6,2
145,51,291.1,6,2
145,66,294.2,6,2
145,67,298.5,6,2
145,82,292.1,6,2
145,83,295.9,6,2
145,96,290.8,6,2
145,97,293.5,6,2
145,110,299.6,6,2
145,111,293.5,6,2
145,124,294.5,6,2
145,125,296.6,6,2
145,4,294.6,6,3
145,5,296.6,6,3
145,20,297.4,6,3
145,21,294.0,6,3
145,36,300.2,6,3
145,37,298.0,6,3
145,52,294.9,6,3
145,53,292.2,6,3
145,68,302.4,6,3
145,69,293.7,6,3
145,84,299.3,6,3
145,85,294.5,6,3
145,98,299.8,6,3
145,99,292.6,6,3
145,112,294.9,6,3
145,113,296.3,6,3
145,126,298.2,6,3
145,127,296.2,6,3
145,6,295.8,6,1
145,7,301.8,6,1
145,22,296.1,6,1
145,23,297.7,6,1
145,38,295.3,6,1
145,39,299.7,6,1
145,54,296.8,6,1
145,55,295.1,6,1
145,70,296.6,6,1
145,71,293.0,6,1
145,86,297.5,6,1
145,87,298.1,6,1
145,100,300.4,6,1
145,101,294.6,6,1
145,114,296.0,6,1
145,115,303.4,6,1
145,128,294.4,6,1
145,129,291.4,6,1
145,138,291.2,6,1
145,139,286.9,6,1
145,8,86.9,6,4
145,9,92.2,6,4
145,24,86.2,6,4
145,25,95.5,6,4
145,40,92.4,6,4
145,41,84.0,6,4
145,56,86.6,6,4
145,57,88.6,6,4
145,72,86.8,6,4
145,73,82.3,6,4
145,88,88.1,6,4
145,89,90.2,6,4
145,102,86.5,6,4
145,103,78.3,6,4
145,116,88.4,6,4
145,117,96.2,6,4
145,130,96.7,6,4
145,131,97.8,6,4
145,140,84.1,6,4
145,141,81.4,6,4
145,10,84.1,6,5
145,11,88.5,6,5
145,26,85.9,6,5
145,27,88.0,6,5
145,42,83.5,6,5
145,43,80.6,6,5
145,58,79.4,6,5
145,59,83.1,6,5
145,74,84.4,6,5
145,75,82.5,6,5
145,90,80.1,6,5
145,91,87.9,6,5
145,104,89.3,6,5
145,105,85.9,6,5
145,118,82.8,6,5
145,119,93.0,6,5
145,132,88.0,6,5
145,133,79.9,6,5
145,142,84.0,6,5
145,143,83.6,6,5
145,12,82.1,6,6
145,13,84.5,6,6
145,28,80.0,6,6
145,29,77.8,6,6
145,44,68.9,6,6
145,45,69.5,6,6
145,60,78.8,6,6
145,61,86.4,6,6
145,76,88.7,6,6
145,77,75.0,6,6
145,92,81.3,6,6
145,93,81.0,6,6
145,106,80.5,6,6
145,107,83.6,6,6
145,120,78.8,6,6
145,121,76.4,6,6
145,134,85.8,6,6
145,135,74.0,6,6
145,144,55.5,6,6
145,145,0.0,6,6
145,14,72.8,6,7
145,15,60.0,6,7
145,30,72.0,6,7
145,31,72.2,6,7
145,46,78.7,6,7
145,47,85.7,6,7
145,62,70.1,6,7
145,63,68.6,6,7
145,78,75.7,6,7
145,79,67.2,6,7
145,94,67.4,6,7
145,95,71.3,6,7
145,108,69.3,6,7
145,109,70.7,6,7
145,122,71.9,6,7
145,123,62.8,6,7
145,136,81.6,6,7
145,137,79.1,6,7
145,146,81.8,6,7
145,147,73.9,6,7
14,150,288.0,7,9
14,151,286.1,7,9
14,148,296.8,7,8
14,149,292.5,7,8
14,0,292.2,7,0
14,1,292.6,7,0
14,16,291.3,7,0
14,17,292.5,7,0
14,32,294.3,7,0
14,33,296.1,7,0
14,48,295.4,7,0
14,49,297.1,7,0
14,64,296.7,7,0
14,65,298.5,7,0
14,80,297.3,7,0
14,81,298.5,7,0
14,2,298.4,7,2
14,3,291.9,7,2
14,18,297.5,7,2
14,19,299.3,7,2
14,34,294.7,7,2
14,35,288.9,7,2
14,50,293.3,7,2
14,51,291.4,7,2
14,66,294.3,7,2
14,67,299.5,7,2
14,82,293.1,7,2
14,83,296.8,7,2
14,96,291.7,7,2
14,97,294.7,7,2
14,110,300.6,7,2
14,111,296.0,7,2
14,124,296.1,7,2
14,125,298.3,7,2
14,4,296.6,7,3
14,5,297.9,7,3
14,20,297.7,7,3
14,21,295.6,7,3
14,36,301.2,7,3
14,37,298.1,7,3
14,52,293.5,7,3
14,53,290.9,7,3
14,68,301.0,7,3
14,69,293.4,7,3
14,84,299.3,7,3
14,85,294.5,7,3
14,98,299.7,7,3
14,99,292.7,7,3
14,112,296.4,7,3
14,113,296.5,7,3
14,126,299.2,7,3
14,127,297.1,7,3
14,6,296.3,7,1
14,7,302.3,7,1
14,22,297.0,7,1
14,23,298.5,7,1
14,38,296.1,7,1
14,39,300.1,7,1
14,54,297.1,7,1
14,55,294.9,7,1
14,70,296.7,7,1
14,71,293.8,7,1
14,86,298.2,7,1
14,87,298.4,7,1
14,100,300.9,7,1
14,101,294.7,7,1
14,114,297.4,7,1
14,115,304.9,7,1
14,128,294.4,7,1
14,129,291.3,7,1
14,138,293.0,7,1
14,139,288.2,7,1
14,8,88.0,7,4
14,9,87.1,7,4
14,24,81.0,7,4
14,25,92.2,7,4
14,40,88.2,7,4
14,41,82.3,7,4
14,56,83.2,7,4
14,57,85.0,7,4
14,72,85.8,7,4
14,73,84.8,7,4
14,88,81.0,7,4
14,89,82.9,7,4
14,102,81.8,7,4
14,103,87.4,7,4
14,116,83.1,7,4
14,117,82.7,7,4
14,130,85.8,7,4
14,131,98.7,7,4
14,140,76.5,7,4
14,141,74.8,7,4
14,10,79.3,7,5
14,11,81.7,7,5
14,26,75.2,7,5
14,27,78.8,7,5
14,42,78.2,7,5
14,43,84.3,7,5
14,58,86.6,7,5
14,59,81.1,7,5
14,74,88.3,7,5
14,75,76.9,7,5
14,90,82.1,7,5
14,91,88.9,7,5
14,104,83.4,7,5
14,105,86.3,7,5
14,118,83.8,7,5
14,119,87.0,7,5
14,132,84.2,7,5
14,133,74.7,7,5
14,142,79.3,7,5
14,143,82.6,7,5
14,12,79.9,7,6
14,13,86.0,7,6
14,28,76.6,7,6
14,29,75.4,7,6
14,44,69.8,7,6
14,45,77.5,7,6
14,60,74.7,7,6
14,61,75.2,7,6
14,76,84.7,7,6
14,77,76.9,7,6
14,92,78.9,7,6
14,93,78.8,7,6
14,106,70.2,7,6
14,107,71.1,7,6
14,120,73.1,7,6
14,121,78.3,7,6
14,134,72.7,7,6
14,135,59.7,7,6
14,144,71.4,7,6
14,145,72.8,7,6
14,14,0.0,7,7
14,15,69.5,7,7
14,30,65.8,7,7
14,31,66.7,7,7
14,46,63.1,7,7
14,47,79.5,7,7
14,62,74.5,7,7
14,63,78.5,7,7
14,78,80.3,7,7
14,79,80.2,7,7
14,94,78.3,7,7
14,95,77.6,7,7
14,108,77.0,7,7
14,109,77.0,7,7
14,122,78.2,7,7
14,123,76.5,7,7
14,136,77.7,7,7
14,137,74.6,7,7
14,146,77.7,7,7
14,147,74.0,7,7
15,150,290.6,7,9
15,151,289.7,7,9
15,148,297.3,7,8
15,149,293.1,7,8
15,0,293.5,7,0
15,1,294.4,7,0
15,16,291.9,7,0
15,17,292.6,7,0
15,32,295.5,7,0
15,33,297.1,7,0
15,48,296.3,7,0
15,49,297.2,7,0
15,64,298.2,7,0
15,65,298.5,7,0
15,80,297.6,7,0
15,81,298.9,7,0
15,2,299.1,7,2
15,3,294.0,7,2
15,18,298.2,7,2
15,19,299.7,7,2
15,34,295.8,7,2
15,35,290.2,7,2
15,50,294.0,7,2
15,51,292.9,7,2
15,66,296.1,7,2
15,67,300.3,7,2
15,82,293.9,7,2
15,83,297.9,7,2
15,96,293.1,7,2
15,97,295.2,7,2
15,110,301.3,7,2
15,111,296.0,7,2
15,124,296.4,7,2
15,125,298.9,7,2
15,4,296.6,7,3
15,5,297.9,7,3
15,20,298.7,7,3
15,21,295.9,7,3
15,36,301.8,7,3
15,37,299.2,7,3
15,52,294.3,7,3
15,53,293.2,7,3
15,68,302.7,7,3
15,69,294.7,7,3
15,84,300.0,7,3
15,85,296.4,7,3
15,98,300.6,7,3
15,99,293.7,7,3
15,112,297.2,7,3
15,113,297.5,7,3
15,126,299.5,7,3
15,127,297.4,7,3
15,6,296.6,7,1
15,7,302.9,7,1
15,22,297.5,7,1
15,23,299.1,7,1
15,38,297.1,7,1
15,39,301.3,7,1
15,54,298.4,7,1
15,55,296.5,7,1
15,70,298.1,7,1
15,71,294.9,7,1
15,86,299.6,7,1
15,87,299.4,7,1
15,100,301.6,7,1
15,101,295.4,7,1
15,114,296.7,7,1
15,115,305.0,7,1
15,128,295.7,7,1
15,129,293.4,7,1
15,138,292.8,7,1
15,139,289.3,7,1
15,8,84.3,7,4
15,9,88.8,7,4
15,24,85.0,7,4
15,25,94.5,7,4
15,40,89.9,7,4
15,41,82.6,7,4
15,56,85.7,7,4
15,57,89.3,7,4
15,72,85.9,7,4
15,73,84.3,7,4
15,88,85.3,7,4
15,89,86.5,7,4
15,102,81.2,7,4
15,103,77.5,7,4
15,116,83.1,7,4
15,117,95.7,7,4
15,130,90.1,7,4
15,131,96.2,7,4
15,140,84.2,7,4
15,141,74.9,7,4
15,10,79.6,7,5
15,11,78.9,7,5
15,26,76.2,7,5
15,27,83.8,7,5
15,42,80.8,7,5
15,43,82.1,7,5
15,58,78.3,7,5
15,59,78.8,7,5
15,74,81.5,7,5
15,75,77.7,7,5
15,90,79.9,7,5
15,91,82.9,7,5
15,104,85.9,7,5
15,105,86.2,7,5
15,118,82.3,7,5
15,119,90.9,7,5
15,132,84.8,7,5
15,133,70.1,7,5
15,142,78.9,7,5
15,143,83.5,7,5
15,12,79.3,7,6
15,13,79.6,7,6
15,28,65.0,7,6
15,29,75.0,7,6
15,44,70.9,7,6
15,45,75.6,7,6
15,60,79.5,7,6
15,61,75.9,7,6
15,76,81.3,7,6
15,77,74.5,7,6
15,92,71.2,7,6
15,93,77.8,7,6
15,106,77.6,7,6
15,107,81.2,7,6
15,120,67.2,7,6
15,121,72.9,7,6
15,134,77.7,7,6
15,135,72.6,7,6
15,144,66.9,7,6
15,145,60.0,7,6
15,14,69.5,7,7
15,15,0.0,7,7
15,30,61.8,7,7
15,31,65.7,7,7
15,46,69.6,7,7
15,47,86.2,7,7
15,62,70.4,7,7
15,63,72.3,7,7
15,78,73.6,7,7
15,79,75.5,7,7
15,94,66.7,7,7
15,95,73.7,7,7
15,108,69.3,7,7
15,109,67.6,7,7
15,122,73.8,7,7
15,123,68.3,7,7
15,136,77.9,7,7
15,137,68.1,7,7
15,146,72.1,7,7
15,147,72.6,7,7
30,150,295.4,7,9
30,151,294.3,7,9
30,148,302.4,7,8
30,149,297.7,7,8
30,0,298.2,7,0
30,1,298.8,7,0
30,16,296.3,7,0
30,17,297.7,7,0
30,32,300.1,7,0
30,33,301.6,7,0
30,48,301.5,7,0
30,49,302.4,7,0
30,64,302.6,7,0
30,65,303.3,7,0
30,80,302.7,7,0
30,81,303.7,7,0
30,2,303.4,7,2
30,3,298.1,7,2
30,18,303.0,7,2
30,19,304.3,7,2
30,34,300.5,7,2
30,35,294.5,7,2
30,50,299.2,7,2
30,51,296.4,7,2
30,66,300.7,7,2
30,67,304.8,7,2
30,82,299.0,7,2
30,83,302.3,7,2
30,96,298.0,7,2
30,97,300.2,7,2
30,110,305.7,7,2
30,111,300.5,7,2
30,124,301.6,7,2
30,125,303.2,7,2
30,4,302.0,7,3
30,5,302.5,7,3
30,20,303.4,7,3
30,21,300.7,7,3
30,36,306.0,7,3
30,37,304.0,7,3
30,52,300.3,7,3
30,53,298.4,7,3
30,68,308.2,7,3
30,69,299.6,7,3
30,84,305.4,7,3
30,85,300.8,7,3
30,98,305.8,7,3
30,99,299.0,7,3
30,112,302.2,7,3
30,113,302.3,7,3
30,126,304.4,7,3
30,127,302.6,7,3
30,6,301.9,7,1
30,7,307.8,7,1
30,22,302.3,7,1
30,23,303.4,7,1
30,38,301.6,7,1
30,39,306.3,7,1
30,54,302.9,7,1
30,55,301.5,7,1
30,70,302.9,7,1
30,71,299.8,7,1
30,86,304.5,7,1
30,87,304.1,7,1
30,100,305.8,7,1
30,101,300.5,7,1
30,114,302.9,7,1
30,115,310.1,7,1
30,128,299.4,7,1
30,129,297.9,7,1
30,138,298.3,7,1
30,139,294.9,7,1
30,8,94.4,7,4
30,9,86.3,7,4
30,24,86.5,7,4
30,25,92.5,7,4
30,40,90.7,7,4
30,41,87.7,7,4
30,56,80.4,7,4
30,57,95.5,7,4
30,72,90.3,7,4
30,73,90.8,7,4
30,88,85.7,7,4
30,89,90.4,7,4
30,102,87.1,7,4
30,103,80.8,7,4
30,116,78.8,7,4
30,117,92.9,7,4
30,130,92.1,7,4
30,131,94.5,7,4
30,140,75.8,7,4
30,141,75.3,7,4
30,10,79.5,7,5
30,11,84.7,7,5
30,26,83.1,7,5
30,27,79.9,7,5
30,42,74.0,7,5
30,43,73.4,7,5
30,58,79.0,7,5
30,59,79.3,7,5
30,74,82.3,7,5
30,75,70.2,7,5
30,90,70.0,7,5
30,91,87.0,7,5
30,104,78.8,7,5
30,105,82.4,7,5
30,118,78.9,7,5
30,119,81.7,7,5
30,132,80.8,7,5
30,133,70.1,7,5
30,142,76.0,7,5
30,143,76.8,7,5
30,12,68.2,7,6
30,13,77.6,7,6
30,28,66.2,7,6
30,29,66.6,7,6
30,44,62.0,7,6
30,45,74.9,7,6
30,60,81.8,7,6
30,61,78.3,7,6
30,76,79.2,7,6
30,77,70.9,7,6
30,92,72.3,7,6
30,93,77.7,7,6
30,106,71.6,7,6
30,107,81.8,7,6
30,120,79.1,7,6
30,121,73.4,7,6
30,134,74.1,7,6
30,135,75.8,7,6
30,144,71.3,7,6
30,145,72.0,7,6
30,14,65.8,7,7
30,15,61.8,7,7
30,30,0.0,7,7
30,31,62.9,7,7
30,46,64.4,7,7
30,47,86.5,7,7
30,62,72.7,7,7
30,63,67.6,7,7
30,78,77.4,7,7
30,79,74.9,7,7
30,94,62.2,7,7
30,95,63.0,7,7
30,108,70.9,7,7
30,109,72.1,7,7
30,122,67.1,7,7
30,123,75.6,7,7
30,136,71.5,7,7
30,137,74.3,7,7
30,146,67.5,7,7
30,147,73.1,7,7
31,150,290.1,7,9
31,151,287.5,7,9
31,148,296.4,7,8
31,149,292.6,7,8
31,0,292.8,7,0
31,1,293.4,7,0
31,16,291.7,7,0
31,17,293.0,7,0
31,32,295.1,7,0
31,33,297.1,7,0
31,48,296.3,7,0
31,49,297.6,7,0
31,64,297.8,7,0
31,65,298.7,7,0
31,80,297.7,7,0
31,81,298.7,7,0
31,2,298.6,7,2
31,3,293.3,7,2
31,18,297.3,7,2
31,19,299.6,7,2
31,34,295.5,7,2
31,35,289.1,7,2
31,50,293.6,7,2
31,51,292.3,7,2
31,66,295.4,7,2
31,67,299.6,7,2
31,82,293.8,7,2
31,83,296.9,7,2
31,96,292.6,7,2
31,97,295.3,7,2
31,110,300.5,7,2
31,111,296.3,7,2
31,124,296.7,7,2
31,125,298.7,7,2
31,4,296.9,7,3
31,5,297.3,7,3
31,20,298.4,7,3
31,21,295.9,7,3
31,36,301.6,7,3
31,37,298.9,7,3
31,52,294.7,7,3
31,53,293.0,7,3
31,68,301.7,7,3
31,69,294.1,7,3
31,84,299.7,7,3
31,85,295.2,7,3
31,98,300.5,7,3
31,99,293.8,7,3
31,112,297.3,7,3
31,113,297.0,7,3
31,126,299.3,7,3
31,127,297.3,7,3
31,6,296.8,7,1
31,7,302.4,7,1
31,22,297.2,7,1
31,23,298.9,7,1
31,38,296.9,7,1
31,39,300.9,7,1
31,54,298.3,7,1
31,55,296.4,7,1
31,70,297.5,7,1
31,71,294.6,7,1
31,86,299.6,7,1
31,87,298.7,7,1
31,100,301.5,7,1
31,101,296.2,7,1
31,114,298.1,7,1
31,115,305.1,7,1
31,128,295.5,7,1
31,129,292.2,7,1
31,138,293.0,7,1
31,139,289.5,7,1
31,8,87.3,7,4
31,9,82.3,7,4
31,24,77.0,7,4
31,25,84.5,7,4
31,40,83.5,7,4
31,41,83.0,7,4
31,56,83.4,7,4
31,57,91.4,7,4
31,72,87.7,7,4
31,73,85.0,7,4
31,88,82.4,7,4
31,89,89.8,7,4
31,102,80.8,7,4
31,103,81.7,7,4
31,116,79.1,7,4
31,117,88.0,7,4
31,130,82.0,7,4
31,131,96.4,7,4
31,140,77.3,7,4
31,141,75.6,7,4
31,10,77.4,7,5
31,11,72.6,7,5
31,26,75.2,7,5
31,27,75.3,7,5
31,42,76.9,7,5
31,43,78.9,7,5
31,58,77.3,7,5
31,59,80.9,7,5
31,74,82.4,7,5
31,75,78.8,7,5
31,90,79.0,7,5
31,91,75.3,7,5
31,104,81.8,7,5
31,105,81.9,7,5
31,118,75.0,7,5
31,119,81.6,7,5
31,132,72.4,7,5
31,133,76.4,7,5
31,142,76.1,7,5
31,143,79.0,7,5
31,12,76.4,7,6
31,13,78.9,7,6
31,28,67.4,7,6
31,29,69.3,7,6
31,44,65.7,7,6
31,45,73.2,7,6
31,60,69.8,7,6
31,61,78.7,7,6
31,76,75.8,7,6
31,77,73.0,7,6
31,92,74.2,7,6
31,93,75.4,7,6
31,106,75.3,7,6
31,107,78.8,7,6
31,120,74.0,7,6
31,121,70.1,7,6
31,134,77.4,7,6
31,135,75.0,7,6
31,144,70.5,7,6
31,145,72.2,7,6
31,14,66.7,7,7
31,15,65.7,7,7
31,30,62.9,7,7
31,31,0.0,7,7
31,46,68.3,7,7
31,47,82.2,7,7
31,62,69.9,7,7
31,63,70.3,7,7
31,78,69.8,7,7
31,79,74.0,7,7
31,94,69.9,7,7
31,95,71.2,7,7
31,108,73.2,7,7
31,109,70.3,7,7
31,122,71.0,7,7
31,123,65.1,7,7
31,136,68.8,7,7
31,137,65.9,7,7
31,146,73.5,7,7
31,147,72.6,7,7
46,150,294.0,7,9
46,151,291.9,7,9
46,148,301.3,7,8
46,149,297.4,7,8
46,0,297.0,7,0
46,1,298.1,7,0
46,16,296.3,7,0
46,17,297.6,7,0
46,32,299.4,7,0
46,33,301.0,7,0
46,48,300.1,7,0
46,49,302.0,7,0
46,64,302.5,7,0
46,65,302.9,7,0
46,80,302.2,7,0
46,81,303.0,7,0
46,2,303.4,7,2
46,3,297.0,7,2
46,18,302.3,7,2
46,19,304.0,7,2
46,34,299.8,7,2
46,35,294.2,7,2
46,50,298.5,7,2
46,51,297.4,7,2
46,66,299.8,7,2
46,67,304.4,7,2
46,82,298.0,7,2
46,83,301.7,7,2
46,96,297.4,7,2
46,97,299.6,7,2
46,110,305.3,7,2
46,111,300.3,7,2
46,124,301.0,7,2
46,125,303.2,7,2
46,4,301.2,7,3
46,5,302.7,7,3
46,20,302.4,7,3
46,21,300.2,7,3
46,36,305.5,7,3
46,37,302.9,7,3
46,52,299.0,7,3
46,53,296.6,7,3
46,68,305.6,7,3
46,69,297.9,7,3
46,84,303.8,7,3
46,85,299.8,7,3
46,98,303.9,7,3
46,99,297.7,7,3
46,112,301.5,7,3
46,113,301.1,7,3
46,126,304.0,7,3
46,127,301.8,7,3
46,6,301.2,7,1
46,7,306.8,7,1
46,22,301.8,7,1
46,23,303.5,7,1
46,38,301.2,7,1
46,39,304.7,7,1
46,54,302.0,7,1
46,55,299.5,7,1
46,70,301.5,7,1
46,71,298.5,7,1
46,86,303.0,7,1
46,87,303.0,7,1
46,100,305.9,7,1
46,101,299.9,7,1
46,114,302.4,7,1
46,115,309.6,7,1
46,128,299.4,7,1
46,129,297.1,7,1
46,138,298.6,7,1
46,139,293.7,7,1
46,8,89.5,7,4
46,9,92.0,7,4
46,24,88.3,7,4
46,25,96.3,7,4
46,40,92.7,7,4
46,41,86.9,7,4
46,56,87.3,7,4
46,57,97.5,7,4
46,72,92.9,7,4
46,73,88.9,7,4
46,88,84.1,7,4
46,89,82.1,7,4
46,102,81.5,7,4
46,103,85.1,7,4
46,116,86.4,7,4
46,117,86.7,7,4
46,130,88.8,7,4
46,131,97.4,7,4
46,140,87.9,7,4
46,141,80.9,7,4
46,10,75.2,7,5
46,11,83.1,7,5
46,26,84.9,7,5
46,27,77.5,7,5
46,42,76.9,7,5
46,43,83.5,7,5
46,58,83.2,7,5
46,59,70.7,7,5
46,74,82.3,7,5
46,75,68.7,7,5
46,90,81.6,7,5
46,91,86.7,7,5
46,104,78.5,7,5
46,105,83.7,7,5
46,118,84.9,7,5
46,119,91.9,7,5
46,132,85.6,7,5
46,133,72.8,7,5
46,142,79.7,7,5
46,143,81.4,7,5
46,12,73.3,7,6
46,13,83.2,7,6
46,28,66.4,7,6
46,29,74.8,7,6
46,44,64.0,7,6
46,45,82.6,7,6
46,60,84.6,7,6
46,61,69.6,7,6
46,76,86.3,7,6
46,77,80.0,7,6
46,92,72.4,7,6
46,93,78.4,7,6
46,106,64.6,7,6
46,107,70.6,7,6
46,120,72.4,7,6
46,121,75.9,7,6
46,134,59.3,7,6
46,135,69.0,7,6
46,144,72.0,7,6
46,145,78.7,7,6
46,14,63.1,7,7
46,15,69.6,7,7
46,30,64.4,7,7
46,31,68.3,7,7
46,46,0.0,7,7
46,47,73.7,7,7
46,62,76.4,7,7
46,63,74.5,7,7
46,78,80.2,7,7
46,79,80.0,7,7
46,94,71.6,7,7
46,95,73.8,7,7
46,108,73.0,7,7
46,109,77.2,7,7
46,122,72.8,7,7
46,123,77.7,7,7
46,136,75.3,7,7
46,137,68.8,7,7
46,146,70.2,7,7
46,147,74.2,7,7
47,150,282.1,7,9
47,151,279.0,7,9
47,148,289.7,7,8
47,149,286.1,7,8
47,0,284.2,7,0
47,1,286.0,7,0
47,16,284.2,7,0
47,17,285.7,7,0
47,32,287.6,7,0
47,33,290.0,7,0
47,48,288.8,7,0
47,49,290.9,7,0
47,64,291.1,7,0
47,65,291.7,7,0
47,80,291.0,7,0
47,81,291.8,7,0
47,2,292.1,7,2
47,3,285.7,7,2
47,18,291.4,7,2
47,19,293.0,7,2
47,34,288.9,7,2
47,35,282.8,7,2
47,50,287.7,7,2
47,51,285.7,7,2
47,66,288.3,7,2
47,67,292.9,7,2
47,82,286.7,7,2
47,83,291.1,7,2
47,96,285.0,7,2
47,97,289.2,7,2
47,110,294.4,7,2
47,111,288.1,7,2
47,124,289.7,7,2
47,125,292.0,7,2
47,4,290.1,7,3
47,5,291.8,7,3
47,20,291.2,7,3
47,21,288.2,7,3
47,36,295.6,7,3
47,37,292.0,7,3
47,52,287.6,7,3
47,53,285.3,7,3
47,68,293.4,7,3
47,69,287.1,7,3
47,84,292.8,7,3
47,85,289.0,7,3
47,98,293.7,7,3
47,99,285.9,7,3
47,112,290.4,7,3
47,113,290.3,7,3
47,126,292.5,7,3
47,127,290.5,7,3
47,6,290.7,7,1
47,7,296.2,7,1
47,22,291.1,7,1
47,23,292.9,7,1
47,38,290.8,7,1
47,39,294.2,7,1
47,54,291.7,7,1
47,55,287.5,7,1
47,70,289.3,7,1
47,71,287.9,7,1
47,86,292.3,7,1
47,87,291.8,7,1
47,100,295.9,7,1
47,101,289.6,7,1
47,114,291.6,7,1
47,115,299.5,7,1
47,128,288.1,7,1
47,129,285.8,7,1
47,138,286.2,7,1
47,139,282.2,7,1
47,8,90.2,7,4
47,9,94.3,7,4
47,24,93.7,7,4
47,25,96.4,7,4
47,40,91.1,7,4
47,41,96.4,7,4
47,56,92.4,7,4
47,57,103.4,7,4
47,72,81.3,7,4
47,73,94.2,7,4
47,88,91.4,7,4
47,89,75.4,7,4
47,102,88.9,7,4
47,103,86.8,7,4
47,116,94.6,7,4
47,117,91.4,7,4
47,130,90.8,7,4
47,131,97.9,7,4
47,140,95.4,7,4
47,141,92.2,7,4
47,10,89.0,7,5
47,11,91.9,7,5
47,26,92.2,7,5
47,27,91.1,7,5
47,42,88.1,7,5
47,43,94.0,7,5
47,58,90.8,7,5
47,59,84.9,7,5
47,74,86.0,7,5
47,75,89.7,7,5
47,90,85.3,7,5
47,91,92.2,7,5
47,104,79.1,7,5
47,105,94.2,7,5
47,118,93.0,7,5
47,119,90.9,7,5
47,132,90.9,7,5
47,133,89.8,7,5
47,142,92.1,7,5
47,143,89.7,7,5
47,12,88.0,7,6
47,13,89.1,7,6
47,28,74.1,7,6
47,29,81.0,7,6
47,44,78.0,7,6
47,45,84.9,7,6
47,60,86.5,7,6
47,61,73.2,7,6
47,76,87.8,7,6
47,77,83.6,7,6
47,92,84.8,7,6
47,93,85.4,7,6
47,106,75.5,7,6
47,107,65.6,7,6
47,120,86.3,7,6
47,121,83.3,7,6
47,134,75.9,7,6
47,135,76.6,7,6
47,144,87.7,7,6
47,145,85.7,7,6
47,14,79.5,7,7
47,15,86.2,7,7
47,30,86.5,7,7
47,31,82.2,7,7
47,46,73.7,7,7
47,47,0.0,7,7
47,62,74.6,7,7
47,63,73.6,7,7
47,78,73.4,7,7
47,79,77.3,7,7
47,94,73.7,7,7
47,95,78.2,7,7
47,108,77.2,7,7
47,109,82.4,7,7
47,122,77.4,7,7
47,123,83.5,7,7
47,136,81.7,7,7
47,137,80.9,7,7
47,146,86.1,7,7
47,147,82.4,7,7
62,150,289.3,7,9
62,151,288.8,7,9
62,148,296.7,7,8
62,149,292.8,7,8
62,0,293.1,7,0
62,1,293.5,7,0
62,16,291.7,7,0
62,17,292.1,7,0
62,32,294.9,7,0
62,33,296.8,7,0
62,48,295.4,7,0
62,49,297.6,7,0
62,64,297.9,7,0
62,65,298.1,7,0
62,80,297.6,7,0
62,81,297.9,7,0
62,2,298.8,7,2
62,3,293.3,7,2
62,18,297.5,7,2
62,19,299.9,7,2
62,34,294.7,7,2
62,35,289.9,7,2
62,50,293.9,7,2
62,51,292.5,7,2
62,66,295.3,7,2
62,67,299.8,7,2
62,82,293.5,7,2
62,83,297.2,7,2
62,96,291.9,7,2
62,97,295.0,7,2
62,110,300.8,7,2
62,111,296.1,7,2
62,124,296.3,7,2
62,125,298.6,7,2
62,4,296.9,7,3
62,5,298.1,7,3
62,20,298.3,7,3
62,21,295.7,7,3
62,36,302.1,7,3
62,37,299.4,7,3
62,52,296.2,7,3
62,53,293.0,7,3
62,68,303.7,7,3
62,69,294.9,7,3
62,84,300.3,7,3
62,85,295.6,7,3
62,98,301.0,7,3
62,99,294.3,7,3
62,112,297.0,7,3
62,113,297.7,7,3
62,126,299.3,7,3
62,127,298.0,7,3
62,6,297.4,7,1
62,7,302.7,7,1
62,22,297.6,7,1
62,23,299.3,7,1
62,38,297.0,7,1
62,39,301.2,7,1
62,54,298.4,7,1
62,55,296.0,7,1
62,70,298.0,7,1
62,71,293.8,7,1
62,86,298.1,7,1
62,87,299.6,7,1
62,100,301.9,7,1
62,101,296.1,7,1
62,114,298.2,7,1
62,115,305.5,7,1
62,128,296.0,7,1
62,129,292.5,7,1
62,138,292.5,7,1
62,139,288.7,7,1
62,8,90.9,7,4
62,9,85.2,7,4
62,24,79.1,7,4
62,25,91.2,7,4
62,40,85.9,7,4
62,41,81.0,7,4
62,56,85.9,7,4
62,57,88.3,7,4
62,72,78.4,7,4
62,73,83.9,7,4
62,88,78.5,7,4
62,89,90.1,7,4
62,102,85.6,7,4
62,103,82.9,7,4
62,116,87.1,7,4
62,117,95.2,7,4
62,130,90.3,7,4
62,131,96.0,7,4
62,140,80.4,7,4
62,141,79.5,7,4
62,10,82.1,7,5
62,11,87.3,7,5
62,26,78.7,7,5
62,27,84.4,7,5
62,42,79.9,7,5
62,43,82.9,7,5
62,58,81.4,7,5
62,59,86.4,7,5
62,74,84.3,7,5
62,75,79.1,7,5
62,90,75.8,7,5
62,91,83.7,7,5
62,104,88.1,7,5
62,105,85.5,7,5
62,118,80.2,7,5
62,119,90.7,7,5
62,132,76.3,7,5
62,133,77.2,7,5
62,142,78.0,7,5
62,143,81.7,7,5
62,12,81.2,7,6
62,13,79.4,7,6
62,28,78.2,7,6
62,29,72.6,7,6
62,44,68.0,7,6
62,45,76.0,7,6
62,60,74.0,7,6
62,61,84.8,7,6
62,76,84.5,7,6
62,77,75.8,7,6
62,92,73.4,7,6
62,93,78.0,7,6
62,106,77.8,7,6
62,107,80.0,7,6
62,120,76.2,7,6
62,121,72.4,7,6
62,134,81.2,7,6
62,135,82.0,7,6
62,144,69.2,7,6
62,145,70.1,7,6
62,14,74.5,7,7
62,15,70.4,7,7
62,30,72.7,7,7
62,31,69.9,7,7
62,46,76.4,7,7
62,47,74.6,7,7
62,62,0.0,7,7
62,63,58.2,7,7
62,78,65.4,7,7
62,79,65.5,7,7
62,94,62.8,7,7
62,95,66.0,7,7
62,108,63.9,7,7
62,109,62.2,7,7
62,122,68.4,7,7
62,123,60.9,7,7
62,136,66.9,7,7
62,137,75.8,7,7
62,146,76.5,7,7
62,147,72.9,7,7
63,150,293.2,7,9
63,151,291.3,7,9
63,148,298.7,7,8
63,149,295.6,7,8
63,0,295.8,7,0
63,1,295.3,7,0
63,16,294.6,7,0
63,17,295.3,7,0
63,32,298.2,7,0
63,33,299.4,7,0
63,48,298.2,7,0
63,49,300.1,7,0
63,64,300.2,7,0
63,65,300.9,7,0
63,80,300.3,7,0
63,81,301.0,7,0
63,2,300.9,7,2
63,3,296.6,7,2
63,18,300.3,7,2
63,19,302.7,7,2
63,34,298.2,7,2
63,35,292.8,7,2
63,50,296.9,7,2
63,51,294.6,7,2
63,66,298.4,7,2
63,67,302.7,7,2
63,82,296.6,7,2
63,83,299.6,7,2
63,96,295.9,7,2
63,97,297.9,7,2
63,110,303.6,7,2
63,111,298.6,7,2
63,124,299.0,7,2
63,125,300.9,7,2
63,4,299.5,7,3
63,5,300.6,7,3
63,20,301.3,7,3
63,21,298.4,7,3
63,36,304.2,7,3
63,37,302.5,7,3
63,52,299.4,7,3
63,53,296.7,7,3
63,68,306.5,7,3
63,69,298.0,7,3
63,84,302.5,7,3
63,85,298.7,7,3
63,98,303.6,7,3
63,99,297.1,7,3
63,112,299.9,7,3
63,113,300.2,7,3
63,126,301.8,7,3
63,127,300.4,7,3
63,6,299.8,7,1
63,7,305.3,7,1
63,22,299.9,7,1
63,23,301.4,7,1
63,38,299.9,7,1
63,39,304.0,7,1
63,54,301.6,7,1
63,55,299.8,7,1
63,70,301.1,7,1
63,71,297.2,7,1
63,86,302.4,7,1
63,87,302.1,7,1
63,100,304.3,7,1
63,101,298.8,7,1
63,114,301.2,7,1
63,115,307.8,7,1
63,128,298.2,7,1
63,129,296.2,7,1
63,138,296.0,7,1
63,139,293.2,7,1
63,8,93.5,7,4
63,9,87.4,7,4
63,24,81.8,7,4
63,25,90.5,7,4
63,40,90.3,7,4
63,41,83.5,7,4
63,56,90.1,7,4
63,57,94.1,7,4
63,72,87.0,7,4
63,73,85.8,7,4
63,88,87.4,7,4
63,89,90.1,7,4
63,102,84.6,7,4
63,103,80.3,7,4
63,116,85.4,7,4
63,117,92.6,7,4
63,130,94.7,7,4
63,131,98.8,7,4
63,140,85.3,7,4
63,141,75.0,7,4
63,10,81.1,7,5
63,11,87.6,7,5
63,26,78.7,7,5
63,27,81.7,7,5
63,42,76.2,7,5
63,43,75.5,7,5
63,58,82.1,7,5
63,59,88.5,7,5
63,74,83.7,7,5
63,75,80.9,7,5
63,90,80.6,7,5
63,91,90.8,7,5
63,104,86.4,7,5
63,105,91.3,7,5
63,118,80.6,7,5
63,119,89.6,7,5
63,132,86.4,7,5
63,133,80.6,7,5
63,142,79.0,7,5
63,143,84.5,7,5
63,12,75.5,7,6
63,13,81.4,7,6
63,28,72.1,7,6
63,29,73.1,7,6
63,44,69.3,7,6
63,45,78.6,7,6
63,60,83.5,7,6
63,61,90.1,7,6
63,76,83.6,7,6
63,77,80.1,7,6
63,92,77.9,7,6
63,93,80.8,7,6
63,106,79.3,7,6
63,107,83.4,7,6
63,120,80.2,7,6
63,121,69.9,7,6
63,134,79.8,7,6
63,135,84.7,7,6
63,144,72.1,7,6
63,145,68.6,7,6
63,14,78.5,7,7
63,15,72.3,7,7
63,30,67.6,7,7
63,31,70.3,7,7
63,46,74.5,7,7
63,47,73.6,7,7
63,62,58.2,7,7
63,63,0.0,7,7
63,78,52.1,7,7
63,79,58.5,7,7
63,94,57.3,7,7
63,95,61.5,7,7
63,108,66.1,7,7
63,109,60.2,7,7
63,122,58.5,7,7
63,123,65.8,7,7
63,136,75.5,7,7
63,137,71.9,7,7
63,146,72.3,7,7
63,147,70.2,7,7
78,150,290.5,7,9
78,151,288.2,7,9
78,148,296.6,7,8
78,149,293.0,7,8
78,0,293.4,7,0
78,1,293.7,7,0
78,16,292.0,7,0
78,17,293.3,7,0
78,32,296.0,7,0
78,33,297.5,7,0
78,48,296.0,7,0
78,49,298.0,7,0
78,64,298.1,7,0
78,65,298.6,7,0
78,80,298.0,7,0
78,81,298.8,7,0
78,2,298.7,7,2
78,3,294.3,7,2
78,18,298.2,7,2
78,19,300.1,7,2
78,34,296.1,7,2
78,35,290.4,7,2
78,50,294.7,7,2
78,51,292.7,7,2
78,66,295.5,7,2
78,67,300.5,7,2
78,82,294.4,7,2
78,83,297.7,7,2
78,96,293.3,7,2
78,97,295.8,7,2
78,110,301.7,7,2
78,111,296.7,7,2
78,124,296.9,7,2
78,125,299.0,7,2
78,4,297.3,7,3
78,5,297.8,7,3
78,20,298.9,7,3
78,21,296.3,7,3
78,36,302.6,7,3
78,37,300.0,7,3
78,52,295.4,7,3
78,53,293.7,7,3
78,68,303.2,7,3
78,69,294.9,7,3
78,84,299.7,7,3
78,85,296.4,7,3
78,98,300.8,7,3
78,99,293.5,7,3
78,112,297.6,7,3
78,113,298.0,7,3
78,126,299.2,7,3
78,127,297.8,7,3
78,6,297.2,7,1
78,7,303.0,7,1
78,22,297.6,7,1
78,23,299.4,7,1
78,38,297.0,7,1
78,39,301.5,7,1
78,54,298.7,7,1
78,55,296.8,7,1
78,70,298.2,7,1
78,71,294.7,7,1
78,86,299.9,7,1
78,87,299.7,7,1
78,100,302.4,7,1
78,101,296.8,7,1
78,114,298.5,7,1
78,115,305.8,7,1
78,128,296.1,7,1
78,129,293.3,7,1
78,138,293.1,7,1
78,139,289.8,7,1
78,8,87.1,7,4
78,9,86.1,7,4
78,24,83.2,7,4
78,25,89.7,7,4
78,40,86.1,7,4
78,41,83.5,7,4
78,56,85.6,7,4
78,57,91.0,7,4
78,72,82.9,7,4
78,73,80.0,7,4
78,88,83.1,7,4
78,89,87.9,7,4
78,102,81.9,7,4
78,103,79.7,7,4
78,116,81.2,7,4
78,117,95.2,7,4
78,130,91.4,7,4
78,131,98.2,7,4
78,140,86.0,7,4
78,141,80.4,7,4
78,10,83.7,7,5
78,11,84.4,7,5
78,26,78.8,7,5
78,27,84.2,7,5
78,42,80.9,7,5
78,43,77.6,7,5
78,58,83.5,7,5
78,59,86.0,7,5
78,74,81.2,7,5
78,75,83.3,7,5
78,90,84.5,7,5
78,91,77.1,7,5
78,104,87.7,7,5
78,105,83.2,7,5
78,118,82.1,7,5
78,119,92.7,7,5
78,132,85.0,7,5
78,133,83.9,7,5
78,142,82.5,7,5
78,143,83.7,7,5
78,12,85.1,7,6
78,13,83.6,7,6
78,28,76.3,7,6
78,29,74.4,7,6
78,44,73.5,7,6
78,45,81.2,7,6
78,60,78.0,7,6
78,61,90.3,7,6
78,76,83.0,7,6
78,77,79.1,7,6
78,92,82.1,7,6
78,93,85.3,7,6
78,106,83.8,7,6
78,107,85.9,7,6
78,120,81.8,7,6
78,121,77.3,7,6
78,134,85.3,7,6
78,135,84.5,7,6
78,144,79.5,7,6
78,145,75.7,7,6
78,14,80.3,7,7
78,15,73.6,7,7
78,30,77.4,7,7
78,31,69.8,7,7
78,46,80.2,7,7
78,47,73.4,7,7
78,62,65.4,7,7
78,63,52.1,7,7
78,78,0.0,7,7
78,79,69.0,7,7
78,94,64.6,7,7
78,95,72.2,7,7
78,108,72.6,7,7
78,109,69.2,7,7
78,122,66.0,7,7
78,123,69.8,7,7
78,136,75.9,7,7
78,137,74.1,7,7
78,146,78.2,7,7
78,147,73.0,7,7
79,150,289.8,7,9
79,151,289.3,7,9
79,148,296.7,7,8
79,149,292.8,7,8
79,0,292.5,7,0
79,1,292.4,7,0
79,16,292.0,7,0
79,17,292.5,7,0
79,32,294.8,7,0
79,33,296.8,7,0
79,48,294.9,7,0
79,49,297.5,7,0
79,64,297.5,7,0
79,65,297.8,7,0
79,80,297.6,7,0
79,81,297.7,7,0
79,2,297.7,7,2
79,3,293.9,7,2
79,18,298.1,7,2
79,19,300.2,7,2
79,34,295.8,7,2
79,35,289.7,7,2
79,50,294.3,7,2
79,51,292.6,7,2
79,66,295.2,7,2
79,67,299.7,7,2
79,82,293.5,7,2
79,83,297.2,7,2
79,96,293.5,7,2
79,97,295.7,7,2
79,110,300.8,7,2
79,111,296.0,7,2
79,124,296.9,7,2
79,125,298.2,7,2
79,4,296.5,7,3
79,5,297.6,7,3
79,20,298.0,7,3
79,21,295.5,7,3
79,36,301.3,7,3
79,37,299.2,7,3
79,52,296.4,7,3
79,53,293.6,7,3
79,68,303.5,7,3
79,69,294.7,7,3
79,84,300.1,7,3
79,85,296.0,7,3
79,98,301.0,7,3
79,99,294.7,7,3
79,112,295.4,7,3
79,113,297.1,7,3
79,126,299.3,7,3
79,127,297.6,7,3
79,6,297.1,7,1
79,7,302.9,7,1
79,22,297.3,7,1
79,23,299.5,7,1
79,38,297.4,7,1
79,39,301.2,7,1
79,54,298.8,7,1
79,55,296.8,7,1
79,70,298.2,7,1
79,71,294.6,7,1
79,86,299.4,7,1
79,87,298.7,7,1
79,100,301.6,7,1
79,101,296.2,7,1
79,114,298.6,7,1
79,115,305.0,7,1
79,128,296.1,7,1
79,129,293.0,7,1
79,138,293.1,7,1
79,139,289.7,7,1
79,8,88.9,7,4
79,9,86.4,7,4
79,24,82.9,7,4
79,25,86.4,7,4
79,40,88.2,7,4
79,41,83.6,7,4
79,56,87.6,7,4
79,57,85.5,7,4
79,72,86.2,7,4
79,73,80.7,7,4
79,88,84.0,7,4
79,89,86.9,7,4
79,102,81.7,7,4
79,103,73.8,7,4
79,116,83.7,7,4
79,117,86.2,7,4
79,130,93.6,7,4
79,131,95.4,7,4
79,140,78.5,7,4
79,141,79.3,7,4
79,10,80.8,7,5
79,11,85.0,7,5
79,26,82.1,7,5
79,27,80.7,7,5
79,42,78.2,7,5
79,43,79.7,7,5
79,58,80.2,7,5
79,59,86.5,7,5
79,74,79.6,7,5
79,75,79.6,7,5
79,90,76.7,7,5
79,91,89.0,7,5
79,104,81.5,7,5
79,105,82.3,7,5
79,118,81.2,7,5
79,119,88.9,7,5
79,132,85.0,7,5
79,133,83.6,7,5
79,142,73.8,7,5
79,143,82.7,7,5
79,12,67.4,7,6
79,13,73.3,7,6
79,28,74.4,7,6
79,29,72.6,7,6
79,44,70.6,7,6
79,45,77.0,7,6
79,60,82.0,7,6
79,61,85.6,7,6
79,76,84.5,7,6
79,77,76.9,7,6
79,92,77.6,7,6
79,93,82.4,7,6
79,106,76.7,7,6
79,107,82.0,7,6
79,120,76.0,7,6
79,121,72.1,7,6
79,134,78.6,7,6
79,135,85.1,7,6
79,144,70.1,7,6
79,145,67.2,7,6
79,14,80.2,7,7
79,15,75.5,7,7
79,30,74.9,7,7
79,31,74.0,7,7
79,46,80.0,7,7
79,47,77.3,7,7
79,62,65.5,7,7
79,63,58.5,7,7
79,78,69.0,7,7
79,79,0.0,7,7
79,94,52.7,7,7
79,95,62.7,7,7
79,108,66.1,7,7
79,109,64.2,7,7
79,122,64.6,7,7
79,123,66.7,7,7
79,136,73.2,7,7
79,137,74.0,7,7
79,146,81.0,7,7
79,147,69.7,7,7
94,150,291.8,7,9
94,151,290.6,7,9
94,148,298.0,7,8
94,149,294.0,7,8
94,0,293.6,7,0
94,1,294.8,7,0
94,16,292.7,7,0
94,17,293.6,7,0
94,32,296.7,7,0
94,33,297.9,7,0
94,48,296.7,7,0
94,49,298.4,7,0
94,64,299.2,7,0
94,65,299.3,7,0
94,80,298.5,7,0
94,81,299.1,7,0
94,2,299.2,7,2
94,3,294.6,7,2
94,18,298.7,7,2
94,19,300.8,7,2
94,34,296.5,7,2
94,35,290.7,7,2
94,50,295.0,7,2
94,51,293.8,7,2
94,66,297.1,7,2
94,67,300.7,7,2
94,82,294.0,7,2
94,83,298.0,7,2
94,96,294.0,7,2
94,97,296.1,7,2
94,110,301.8,7,2
94,111,296.7,7,2
94,124,297.0,7,2
94,125,299.3,7,2
94,4,297.4,7,3
94,5,298.8,7,3
94,20,299.2,7,3
94,21,296.7,7,3
94,36,302.2,7,3
94,37,300.1,7,3
94,52,297.1,7,3
94,53,294.4,7,3
94,68,304.3,7,3
94,69,295.7,7,3
94,84,300.4,7,3
94,85,296.8,7,3
94,98,301.7,7,3
94,99,295.5,7,3
94,112,297.2,7,3
94,113,297.9,7,3
94,126,300.3,7,3
94,127,298.0,7,3
94,6,298.0,7,1
94,7,303.9,7,1
94,22,298.4,7,1
94,23,300.3,7,1
94,38,298.1,7,1
94,39,301.9,7,1
94,54,299.1,7,1
94,55,297.4,7,1
94,70,298.8,7,1
94,71,295.5,7,1
94,86,300.1,7,1
94,87,299.2,7,1
94,100,302.0,7,1
94,101,296.7,7,1
94,114,298.8,7,1
94,115,305.7,7,1
94,128,296.5,7,1
94,129,293.9,7,1
94,138,293.9,7,1
94,139,290.9,7,1
94,8,89.8,7,4
94,9,89.2,7,4
94,24,84.7,7,4
94,25,91.5,7,4
94,40,87.3,7,4
94,41,86.5,7,4
94,56,86.1,7,4
94,57,92.0,7,4
94,72,88.6,7,4
94,73,84.4,7,4
94,88,85.2,7,4
94,89,90.8,7,4
94,102,80.6,7,4
94,103,71.2,7,4
94,116,80.6,7,4
94,117,94.0,7,4
94,130,92.5,7,4
94,131,95.6,7,4
94,140,79.9,7,4
94,141,72.9,7,4
94,10,79.4,7,5
94,11,84.8,7,5
94,26,82.7,7,5
94,27,81.8,7,5
94,42,77.3,7,5
94,43,79.9,7,5
94,58,79.3,7,5
94,59,79.3,7,5
94,74,74.8,7,5
94,75,76.2,7,5
94,90,72.4,7,5
94,91,83.5,7,5
94,104,79.0,7,5
94,105,78.6,7,5
94,118,78.6,7,5
94,119,89.5,7,5
94,132,82.2,7,5
94,133,74.3,7,5
94,142,79.1,7,5
94,143,79.4,7,5
94,12,71.0,7,6
94,13,77.6,7,6
94,28,64.3,7,6
94,29,73.5,7,6
94,44,62.0,7,6
94,45,76.1,7,6
94,60,78.4,7,6
94,61,80.4,7,6
94,76,81.8,7,6
94,77,73.5,7,6
94,92,72.4,7,6
94,93,75.8,7,6
94,106,73.0,7,6
94,107,82.5,7,6
94,120,76.9,7,6
94,121,69.4,7,6
94,134,76.6,7,6
94,135,78.9,7,6
94,144,67.7,7,6
94,145,67.4,7,6
94,14,78.3,7,7
94,15,66.7,7,7
94,30,62.2,7,7
94,31,69.9,7,7
94,46,71.6,7,7
94,47,73.7,7,7
94,62,62.8,7,7
94,63,57.3,7,7
94,78,64.6,7,7
94,79,52.7,7,7
94,94,0.0,7,7
94,95,60.0,7,7
94,108,60.8,7,7
94,109,60.3,7,7
94,122,55.8,7,7
94,123,64.3,7,7
94,136,71.3,7,7
94,137,70.4,7,7
94,146,76.0,7,7
94,147,71.4,7,7
95,150,290.3,7,9
95,151,288.7,7,9
95,148,297.0,7,8
95,149,293.4,7,8
95,0,293.0,7,0
95,1,293.6,7,0
95,16,291.9,7,0
95,17,293.4,7,0
95,32,295.4,7,0
95,33,297.1,7,0
95,48,296.0,7,0
95,49,298.3,7,0
95,64,297.9,7,0
95,65,298.7,7,0
95,80,298.2,7,0
95,81,298.5,7,0
95,2,298.1,7,2
95,3,293.2,7,2
95,18,298.4,7,2
95,19,300.3,7,2
95,34,295.7,7,2
95,35,290.1,7,2
95,50,294.4,7,2
95,51,292.5,7,2
95,66,296.3,7,2
95,67,300.4,7,2
95,82,293.5,7,2
95,83,298.1,7,2
95,96,293.3,7,2
95,97,295.6,7,2
95,110,301.4,7,2
95,111,295.7,7,2
95,124,296.8,7,2
95,125,298.4,7,2
95,4,296.9,7,3
95,5,298.6,7,3
95,20,298.8,7,3
95,21,296.3,7,3
95,36,301.7,7,3
95,37,299.3,7,3
95,52,296.3,7,3
95,53,293.7,7,3
95,68,303.7,7,3
95,69,294.9,7,3
95,84,300.5,7,3
95,85,296.1,7,3
95,98,300.8,7,3
95,99,294.6,7,3
95,112,297.3,7,3
95,113,297.4,7,3
95,126,299.8,7,3
95,127,298.0,7,3
95,6,297.4,7,1
95,7,303.4,7,1
95,22,297.6,7,1
95,23,299.7,7,1
95,38,297.6,7,1
95,39,301.0,7,1
95,54,299.0,7,1
95,55,297.2,7,1
95,70,298.8,7,1
95,71,294.9,7,1
95,86,299.8,7,1
95,87,299.7,7,1
95,100,301.4,7,1
95,101,296.8,7,1
95,114,299.0,7,1
95,115,304.9,7,1
95,128,296.1,7,1
95,129,293.0,7,1
95,138,293.4,7,1
95,139,289.9,7,1
95,8,87.8,7,4
95,9,90.6,7,4
95,24,84.6,7,4
95,25,90.9,7,4
95,40,90.3,7,4
95,41,84.9,7,4
95,56,83.1,7,4
95,57,88.8,7,4
95,72,88.5,7,4
95,73,82.7,7,4
95,88,86.4,7,4
95,89,89.0,7,4
95,102,83.3,7,4
95,103,78.8,7,4
95,116,78.4,7,4
95,117,86.0,7,4
95,130,91.0,7,4
95,131,84.6,7,4
95,140,79.5,7,4
95,141,77.5,7,4
95,10,82.0,7,5
95,11,88.3,7,5
95,26,85.0,7,5
95,27,80.1,7,5
95,42,80.4,7,5
95,43,72.0,7,5
95,58,75.9,7,5
95,59,80.9,7,5
95,74,70.7,7,5
95,75,73.9,7,5
95,90,72.2,7,5
95,91,84.3,7,5
95,104,74.1,7,5
95,105,79.1,7,5
95,118,79.6,7,5
95,119,87.1,7,5
95,132,81.1,7,5
95,133,81.9,7,5
95,142,73.5,7,5
95,143,80.4,7,5
95,12,62.8,7,6
95,13,72.7,7,6
95,28,69.8,7,6
95,29,72.3,7,6
95,44,67.1,7,6
95,45,78.7,7,6
95,60,83.5,7,6
95,61,86.8,7,6
95,76,86.1,7,6
95,77,74.7,7,6
95,92,80.4,7,6
95,93,82.0,7,6
95,106,76.2,7,6
95,107,82.4,7,6
95,120,80.0,7,6
95,121,71.7,7,6
95,134,76.1,7,6
95,135,83.5,7,6
95,144,70.8,7,6
95,145,71.3,7,6
95,14,77.6,7,7
95,15,73.7,7,7
95,30,63.0,7,7
95,31,71.2,7,7
95,46,73.8,7,7
95,47,78.2,7,7
95,62,66.0,7,7
95,63,61.5,7,7
95,78,72.2,7,7
95,79,62.7,7,7
95,94,60.0,7,7
95,95,0.0,7,7
95,108,58.6,7,7
95,109,63.5,7,7
95,122,63.9,7,7
95,123,69.3,7,7
95,136,69.7,7,7
95,137,73.1,7,7
95,146,78.8,7,7
95,147,70.5,7,7
108,150,289.9,7,9
108,151,288.8,7,9
108,148,295.9,7,8
108,149,292.4,7,8
108,0,292.3,7,0
108,1,293.0,7,0
108,16,290.9,7,0
108,17,292.2,7,0
108,32,294.6,7,0
108,33,296.0,7,0
108,48,294.8,7,0
108,49,296.6,7,0
108,64,297.4,7,0
108,65,297.3,7,0
108,80,296.5,7,0
108,81,297.2,7,0
108,2,297.8,7,2
108,3,292.6,7,2
108,18,297.0,7,2
108,19,299.0,7,2
108,34,294.8,7,2
108,35,289.2,7,2
108,50,293.2,7,2
108,51,292.2,7,2
108,66,295.4,7,2
108,67,299.1,7,2
108,82,292.8,7,2
108,83,296.6,7,2
108,96,292.7,7,2
108,97,294.4,7,2
108,110,299.8,7,2
108,111,294.9,7,2
108,124,295.9,7,2
108,125,297.6,7,2
108,4,295.7,7,3
108,5,297.3,7,3
108,20,297.6,7,3
108,21,295.2,7,3
108,36,300.6,7,3
108,37,297.3,7,3
108,52,294.5,7,3
108,53,291.5,7,3
108,68,302.0,7,3
108,69,293.0,7,3
108,84,298.5,7,3
108,85,294.8,7,3
108,98,299.4,7,3
108,99,293.7,7,3
108,112,295.8,7,3
108,113,295.7,7,3
108,126,298.7,7,3
108,127,296.7,7,3
108,6,296.2,7,1
108,7,302.0,7,1
108,22,296.8,7,1
108,23,298.7,7,1
108,38,295.8,7,1
108,39,299.9,7,1
108,54,297.5,7,1
108,55,295.0,7,1
108,70,296.9,7,1
108,71,293.6,7,1
108,86,298.1,7,1
108,87,297.8,7,1
108,100,300.6,7,1
108,101,294.1,7,1
108,114,297.2,7,1
108,115,304.1,7,1
108,128,295.0,7,1
108,129,292.0,7,1
108,138,291.0,7,1
108,139,288.6,7,1
108,8,85.6,7,4
108,9,92.7,7,4
108,24,85.7,7,4
108,25,93.6,7,4
108,40,91.2,7,4
108,41,85.6,7,4
108,56,85.3,7,4
108,57,86.1,7,4
108,72,88.3,7,4
108,73,78.1,7,4
108,88,85.7,7,4
108,89,89.4,7,4
108,102,75.5,7,4
108,103,81.9,7,4
108,116,75.8,7,4
108,117,88.6,7,4
108,130,83.6,7,4
108,131,91.6,7,4
108,140,81.0,7,4
108,141,80.8,7,4
108,10,79.0,7,5
108,11,85.0,7,5
108,26,83.3,7,5
108,27,74.2,7,5
108,42,80.1,7,5
108,43,79.7,7,5
108,58,76.1,7,5
108,59,80.5,7,5
108,74,74.8,7,5
108,75,72.5,7,5
108,90,73.3,7,5
108,91,81.6,7,5
108,104,79.0,7,5
108,105,80.5,7,5
108,118,83.1,7,5
108,119,92.2,7,5
108,132,85.0,7,5
108,133,79.5,7,5
108,142,78.5,7,5
108,143,78.9,7,5
108,12,70.9,7,6
108,13,74.8,7,6
108,28,70.5,7,6
108,29,75.7,7,6
108,44,64.4,7,6
108,45,76.8,7,6
108,60,81.9,7,6
108,61,79.2,7,6
108,76,86.6,7,6
108,77,73.2,7,6
108,92,75.8,7,6
108,93,78.4,7,6
108,106,69.4,7,6
108,107,79.9,7,6
108,120,78.4,7,6
108,121,74.2,7,6
108,134,76.9,7,6
108,135,80.1,7,6
108,144,67.5,7,6
108,145,69.3,7,6
108,14,77.0,7,7
108,15,69.3,7,7
108,30,70.9,7,7
108,31,73.2,7,7
108,46,73.0,7,7
108,47,77.2,7,7
108,62,63.9,7,7
108,63,66.1,7,7
108,78,72.6,7,7
108,79,66.1,7,7
108,94,60.8,7,7
108,95,58.6,7,7
108,108,0.0,7,7
108,109,49.6,7,7
108,122,64.6,7,7
108,123,64.6,7,7
108,136,73.0,7,7
108,137,73.7,7,7
108,146,79.6,7,7
108,147,68.0,7,7
109,150,292.2,7,9
109,151,290.7,7,9
109,148,298.0,7,8
109,149,294.3,7,8
109,0,294.1,7,0
109,1,295.0,7,0
109,16,293.0,7,0
109,17,294.3,7,0
109,32,297.0,7,0
109,33,298.2,7,0
109,48,296.9,7,0
109,49,298.8,7,0
109,64,299.0,7,0
109,65,299.8,7,0
109,80,298.0,7,0
109,81,299.5,7,0
109,2,299.3,7,2
109,3,294.9,7,2
109,18,299.0,7,2
109,19,301.1,7,2
109,34,296.6,7,2
109,35,291.1,7,2
109,50,295.3,7,2
109,51,293.9,7,2
109,66,297.2,7,2
109,67,301.1,7,2
109,82,294.9,7,2
109,83,298.6,7,2
109,96,294.5,7,2
109,97,296.4,7,2
109,110,302.1,7,2
109,111,297.3,7,2
109,124,297.5,7,2
109,125,299.2,7,2
109,4,297.1,7,3
109,5,299.3,7,3
109,20,299.9,7,3
109,21,297.2,7,3
109,36,302.9,7,3
109,37,300.6,7,3
109,52,297.1,7,3
109,53,294.4,7,3
109,68,304.8,7,3
109,69,296.3,7,3
109,84,301.2,7,3
109,85,297.7,7,3
109,98,302.2,7,3
109,99,295.9,7,3
109,112,298.2,7,3
109,113,298.5,7,3
109,126,300.0,7,3
109,127,298.3,7,3
109,6,298.3,7,1
109,7,304.2,7,1
109,22,297.9,7,1
109,23,300.3,7,1
109,38,298.0,7,1
109,39,302.4,7,1
109,54,300.2,7,1
109,55,298.3,7,1
109,70,299.6,7,1
109,71,295.9,7,1
109,86,301.4,7,1
109,87,300.4,7,1
109,100,302.8,7,1
109,101,297.4,7,1
109,114,299.3,7,1
109,115,305.9,7,1
109,128,297.2,7,1
109,129,294.5,7,1
109,138,292.7,7,1
109,139,291.4,7,1
109,8,89.2,7,4
109,9,89.3,7,4
109,24,84.7,7,4
109,25,94.1,7,4
109,40,91.5,7,4
109,41,85.9,7,4
109,56,88.8,7,4
109,57,89.8,7,4
109,72,90.1,7,4
109,73,83.1,7,4
109,88,87.4,7,4
109,89,94.5,7,4
109,102,83.8,7,4
109,103,82.1,7,4
109,116,79.3,7,4
109,117,97.2,7,4
109,130,93.8,7,4
109,131,101.4,7,4
109,140,83.7,7,4
109,141,78.0,7,4
109,10,82.0,7,5
109,11,84.5,7,5
109,26,78.2,7,5
109,27,81.9,7,5
109,42,81.9,7,5
109,43,85.3,7,5
109,58,82.4,7,5
109,59,88.6,7,5
109,74,82.3,7,5
109,75,77.4,7,5
109,90,81.5,7,5
109,91,86.5,7,5
109,104,87.1,7,5
109,105,85.4,7,5
109,118,77.4,7,5
109,119,94.3,7,5
109,132,86.4,7,5
109,133,80.8,7,5
109,142,78.8,7,5
109,143,85.7,7,5
109,12,77.2,7,6
109,13,81.9,7,6
109,28,74.9,7,6
109,29,76.9,7,6
109,44,68.5,7,6
109,45,73.5,7,6
109,60,76.7,7,6
109,61,85.4,7,6
109,76,83.1,7,6
109,77,75.1,7,6
109,92,73.7,7,6
109,93,75.1,7,6
109,106,78.0,7,6
109,107,82.3,7,6
109,120,68.0,7,6
109,121,73.5,7,6
109,134,83.4,7,6
109,135,84.8,7,6
109,144,65.1,7,6
109,145,70.7,7,6
109,14,77.0,7,7
109,15,67.6,7,7
109,30,72.1,7,7
109,31,70.3,7,7
109,46,77.2,7,7
109,47,82.4,7,7
109,62,62.2,7,7
109,63,60.2,7,7
109,78,69.2,7,7
109,79,64.2,7,7
109,94,60.3,7,7
109,95,63.5,7,7
109,108,49.6,7,7
109,109,0.0,7,7
109,122,68.5,7,7
109,123,62.0,7,7
109,136,76.7,7,7
109,137,70.5,7,7
109,146,75.0,7,7
109,147,71.7,7,7
122,150,295.1,7,9
122,151,293.9,7,9
122,148,301.2,7,8
122,149,297.5,7,8
122,0,297.6,7,0
122,1,298.4,7,0
122,16,296.2,7,0
122,17,297.7,7,0
122,32,299.9,7,0
122,33,301.8,7,0
122,48,300.6,7,0
122,49,302.3,7,0
122,64,302.4,7,0
122,65,302.5,7,0
122,80,302.7,7,0
122,81,303.0,7,0
122,2,303.3,7,2
122,3,298.6,7,2
122,18,302.3,7,2
122,19,304.8,7,2
122,34,300.5,7,2
122,35,294.9,7,2
122,50,298.9,7,2
122,51,297.3,7,2
122,66,300.5,7,2
122,67,304.8,7,2
122,82,298.6,7,2
122,83,302.3,7,2
122,96,297.7,7,2
122,97,300.1,7,2
122,110,305.7,7,2
122,111,300.7,7,2
122,124,301.4,7,2
122,125,303.4,7,2
122,4,301.6,7,3
122,5,302.9,7,3
122,20,303.1,7,3
122,21,300.8,7,3
122,36,306.3,7,3
122,37,303.7,7,3
122,52,300.9,7,3
122,53,298.4,7,3
122,68,308.1,7,3
122,69,299.5,7,3
122,84,304.1,7,3
122,85,300.9,7,3
122,98,305.4,7,3
122,99,299.1,7,3
122,112,302.3,7,3
122,113,302.0,7,3
122,126,304.3,7,3
122,127,302.4,7,3
122,6,301.9,7,1
122,7,307.4,7,1
122,22,302.3,7,1
122,23,304.3,7,1
122,38,302.1,7,1
122,39,305.9,7,1
122,54,303.6,7,1
122,55,301.7,7,1
122,70,303.1,7,1
122,71,299.6,7,1
122,86,304.2,7,1
122,87,303.9,7,1
122,100,306.4,7,1
122,101,301.1,7,1
122,114,303.3,7,1
122,115,309.9,7,1
122,128,300.9,7,1
122,129,298.1,7,1
122,138,299.0,7,1
122,139,295.1,7,1
122,8,89.1,7,4
122,9,87.3,7,4
122,24,76.8,7,4
122,25,87.9,7,4
122,40,80.4,7,4
122,41,86.8,7,4
122,56,81.9,7,4
122,57,93.6,7,4
122,72,88.4,7,4
122,73,85.6,7,4
122,88,82.9,7,4
122,89,88.3,7,4
122,102,79.8,7,4
122,103,76.6,7,4
122,116,82.2,7,4
122,117,88.9,7,4
122,130,91.5,7,4
122,131,93.0,7,4
122,140,74.1,7,4
122,141,78.5,7,4
122,10,77.9,7,5
122,11,81.4,7,5
122,26,81.4,7,5
122,27,78.6,7,5
122,42,74.0,7,5
122,43,71.8,7,5
122,58,78.6,7,5
122,59,80.7,7,5
122,74,74.6,7,5
122,75,76.6,7,5
122,90,75.3,7,5
122,91,85.1,7,5
122,104,73.9,7,5
122,105,80.6,7,5
122,118,82.7,7,5
122,119,85.6,7,5
122,132,79.4,7,5
122,133,79.6,7,5
122,142,77.0,7,5
122,143,77.5,7,5
122,12,71.3,7,6
122,13,73.8,7,6
122,28,65.0,7,6
122,29,69.3,7,6
122,44,63.3,7,6
122,45,77.2,7,6
122,60,80.6,7,6
122,61,77.1,7,6
122,76,77.5,7,6
122,77,75.9,7,6
122,92,73.8,7,6
122,93,77.6,7,6
122,106,73.1,7,6
122,107,80.3,7,6
122,120,78.7,7,6
122,121,65.6,7,6
122,134,74.1,7,6
122,135,78.9,7,6
122,144,72.4,7,6
122,145,71.9,7,6
122,14,78.2,7,7
122,15,73.8,7,7
122,30,67.1,7,7
122,31,71.0,7,7
122,46,72.8,7,7
122,47,77.4,7,7
122,62,68.4,7,7
122,63,58.5,7,7
122,78,66.0,7,7
122,79,64.6,7,7
122,94,55.8,7,7
122,95,63.9,7,7
122,108,64.6,7,7
122,109,68.5,7,7
122,122,0.0,7,7
122,123,64.4,7,7
122,136,65.8,7,7
122,137,73.0,7,7
122,146,78.3,7,7
122,147,71.0,7,7
123,150,292.2,7,9
123,151,291.2,7,9
123,148,298.5,7,8
123,149,295.0,7,8
123,0,295.5,7,0
123,1,295.9,7,0
123,16,294.4,7,0
123,17,295.3,7,0
123,32,297.7,7,0
123,33,298.8,7,0
123,48,297.8,7,0
123,49,299.6,7,0
123,64,300.2,7,0
123,65,300.3,7,0
123,80,299.7,7,0
123,81,300.3,7,0
123,2,300.7,7,2
123,3,295.6,7,2
123,18,299.2,7,2
123,19,302.2,7,2
123,34,297.6,7,2
123,35,292.4,7,2
123,50,296.4,7,2
123,51,295.1,7,2
123,66,298.0,7,2
123,67,301.9,7,2
123,82,296.1,7,2
123,83,299.6,7,2
123,96,295.4,7,2
123,97,297.3,7,2
123,110,303.3,7,2
123,111,298.5,7,2
123,124,298.7,7,2
123,125,300.6,7,2
123,4,298.7,7,3
123,5,300.4,7,3
123,20,300.7,7,3
123,21,297.9,7,3
123,36,304.0,7,3
123,37,301.8,7,3
123,52,298.9,7,3
123,53,296.1,7,3
123,68,306.3,7,3
123,69,297.3,7,3
123,84,302.5,7,3
123,85,297.3,7,3
123,98,303.0,7,3
123,99,296.6,7,3
123,112,299.7,7,3
123,113,299.7,7,3
123,126,301.8,7,3
123,127,299.9,7,3
123,6,299.5,7,1
123,7,305.3,7,1
123,22,299.5,7,1
123,23,301.5,7,1
123,38,299.1,7,1
123,39,303.1,7,1
123,54,300.6,7,1
123,55,298.6,7,1
123,70,300.5,7,1
123,71,296.3,7,1
123,86,301.2,7,1
123,87,301.6,7,1
123,100,303.8,7,1
123,101,298.5,7,1
123,114,299.7,7,1
123,115,307.4,7,1
123,128,298.1,7,1
123,129,295.4,7,1
123,138,295.8,7,1
123,139,291.3,7,1
123,8,90.0,7,4
123,9,85.7,7,4
123,24,83.0,7,4
123,25,93.5,7,4
123,40,87.8,7,4
123,41,81.4,7,4
123,56,88.2,7,4
123,57,90.2,7,4
123,72,92.7,7,4
123,73,81.1,7,4
123,88,84.9,7,4
123,89,86.4,7,4
123,102,82.1,7,4
123,103,82.6,7,4
123,116,86.3,7,4
123,117,96.3,7,4
123,130,98.3,7,4
123,131,104.0,7,4
123,140,84.3,7,4
123,141,81.4,7,4
123,10,81.6,7,5
123,11,90.2,7,5
123,26,82.5,7,5
123,27,84.1,7,5
123,42,77.4,7,5
123,43,83.2,7,5
123,58,80.6,7,5
123,59,80.2,7,5
123,74,85.7,7,5
123,75,78.9,7,5
123,90,76.4,7,5
123,91,82.2,7,5
123,104,87.1,7,5
123,105,84.9,7,5
123,118,82.9,7,5
123,119,92.9,7,5
123,132,78.0,7,5
123,133,82.1,7,5
123,142,78.2,7,5
123,143,73.6,7,5
123,12,80.6,7,6
123,13,84.0,7,6
123,28,77.1,7,6
123,29,74.2,7,6
123,44,63.4,7,6
123,45,74.7,7,6
123,60,71.6,7,6
123,61,88.1,7,6
123,76,85.7,7,6
123,77,77.8,7,6
123,92,76.5,7,6
123,93,83.3,7,6
123,106,75.3,7,6
123,107,82.8,7,6
123,120,78.7,7,6
123,121,76.7,7,6
123,134,83.4,7,6
123,135,77.3,7,6
123,144,66.7,7,6
123,145,62.8,7,6
123,14,76.5,7,7
123,15,68.3,7,7
123,30,75.6,7,7
123,31,65.1,7,7
123,46,77.7,7,7
123,47,83.5,7,7
123,62,60.9,7,7
123,63,65.8,7,7
123,78,69.8,7,7
123,79,66.7,7,7
123,94,64.3,7,7
123,95,69.3,7,7
123,108,64.6,7,7
123,109,62.0,7,7
123,122,64.4,7,7
123,123,0.0,7,7
123,136,73.2,7,7
123,137,76.1,7,7
123,146,77.7,7,7
123,147,70.3,7,7
136,150,290.6,7,9
136,151,289.1,7,9
136,148,297.2,7,8
136,149,294.0,7,8
136,0,293.4,7,0
136,1,294.4,7,0
136,16,292.5,7,0
136,17,294.4,7,0
136,32,296.1,7,0
136,33,297.9,7,0
136,48,297.2,7,0
136,49,299.2,7,0
136,64,298.9,7,0
136,65,299.4,7,0
136,80,299.2,7,0
136,81,299.9,7,0
136,2,299.8,7,2
136,3,294.2,7,2
136,18,299.5,7,2
136,19,300.7,7,2
136,34,295.8,7,2
136,35,290.3,7,2
136,50,294.5,7,2
136,51,293.3,7,2
136,66,295.5,7,2
136,67,300.3,7,2
136,82,294.4,7,2
136,83,298.3,7,2
136,96,292.3,7,2
136,97,296.1,7,2
136,110,302.3,7,2
136,111,296.9,7,2
136,124,297.6,7,2
136,125,300.0,7,2
136,4,298.2,7,3
136,5,299.5,7,3
136,20,299.5,7,3
136,21,297.0,7,3
136,36,302.9,7,3
136,37,299.7,7,3
136,52,296.0,7,3
136,53,292.9,7,3
136,68,303.5,7,3
136,69,294.9,7,3
136,84,301.1,7,3
136,85,296.6,7,3
136,98,301.3,7,3
136,99,294.7,7,3
136,112,298.1,7,3
136,113,297.9,7,3
136,126,299.7,7,3
136,127,298.7,7,3
136,6,298.0,7,1
136,7,304.1,7,1
136,22,298.6,7,1
136,23,300.2,7,1
136,38,297.9,7,1
136,39,301.9,7,1
136,54,298.9,7,1
136,55,297.4,7,1
136,70,299.3,7,1
136,71,294.6,7,1
136,86,300.2,7,1
136,87,300.6,7,1
136,100,302.8,7,1
136,101,297.0,7,1
136,114,299.8,7,1
136,115,306.2,7,1
136,128,296.9,7,1
136,129,292.0,7,1
136,138,294.5,7,1
136,139,289.1,7,1
136,8,89.5,7,4
136,9,85.9,7,4
136,24,83.5,7,4
136,25,83.5,7,4
136,40,83.3,7,4
136,41,87.9,7,4
136,56,86.2,7,4
136,57,95.1,7,4
136,72,83.0,7,4
136,73,89.6,7,4
136,88,79.0,7,4
136,89,90.4,7,4
136,102,87.9,7,4
136,103,86.2,7,4
136,116,84.9,7,4
136,117,92.9,7,4
136,130,89.6,7,4
136,131,93.8,7,4
136,140,79.4,7,4
136,141,84.9,7,4
136,10,80.9,7,5
136,11,82.8,7,5
136,26,84.1,7,5
136,27,82.8,7,5
136,42,78.6,7,5
136,43,83.9,7,5
136,58,71.2,7,5
136,59,83.4,7,5
136,74,81.2,7,5
136,75,79.0,7,5
136,90,77.1,7,5
136,91,84.7,7,5
136,104,79.9,7,5
136,105,71.6,7,5
136,118,73.8,7,5
136,119,81.0,7,5
136,132,66.4,7,5
136,133,77.8,7,5
136,142,72.6,7,5
136,143,76.5,7,5
136,12,73.2,7,6
136,13,65.5,7,6
136,28,71.4,7,6
136,29,62.1,7,6
136,44,65.8,7,6
136,45,75.2,7,6
136,60,76.7,7,6
136,61,78.1,7,6
136,76,66.1,7,6
136,77,74.6,7,6
136,92,74.6,7,6
136,93,75.6,7,6
136,106,74.6,7,6
136,107,78.0,7,6
136,120,76.8,7,6
136,121,71.6,7,6
136,134,75.0,7,6
136,135,79.1,7,6
136,144,77.5,7,6
136,145,81.6,7,6
136,14,77.7,7,7
136,15,77.9,7,7
136,30,71.5,7,7
136,31,68.8,7,7
136,46,75.3,7,7
136,47,81.7,7,7
136,62,66.9,7,7
136,63,75.5,7,7
136,78,75.9,7,7
136,79,73.2,7,7
136,94,71.3,7,7
136,95,69.7,7,7
136,108,73.0,7,7
136,109,76.7,7,7
136,122,65.8,7,7
136,123,73.2,7,7
136,136,0.0,7,7
136,137,77.0,7,7
136,146,80.4,7,7
136,147,80.1,7,7
137,150,289.5,7,9
137,151,287.6,7,9
137,148,296.2,7,8
137,149,292.1,7,8
137,0,292.3,7,0
137,1,292.8,7,0
137,16,291.1,7,0
137,17,292.8,7,0
137,32,294.5,7,0
137,33,296.8,7,0
137,48,295.2,7,0
137,49,296.7,7,0
137,64,297.2,7,0
137,65,297.7,7,0
137,80,297.1,7,0
137,81,298.2,7,0
137,2,298.3,7,2
137,3,292.9,7,2
137,18,297.3,7,2
137,19,299.1,7,2
137,34,295.2,7,2
137,35,289.0,7,2
137,50,293.0,7,2
137,51,292.2,7,2
137,66,295.0,7,2
137,67,299.3,7,2
137,82,293.6,7,2
137,83,296.7,7,2
137,96,293.2,7,2
137,97,295.0,7,2
137,110,300.5,7,2
137,111,295.7,7,2
137,124,296.5,7,2
137,125,298.1,7,2
137,4,295.9,7,3
137,5,296.6,7,3
137,20,297.3,7,3
137,21,295.7,7,3
137,36,301.2,7,3
137,37,298.6,7,3
137,52,294.3,7,3
137,53,292.6,7,3
137,68,300.9,7,3
137,69,293.6,7,3
137,84,299.1,7,3
137,85,295.3,7,3
137,98,299.5,7,3
137,99,292.9,7,3
137,112,297.0,7,3
137,113,296.7,7,3
137,126,299.0,7,3
137,127,296.7,7,3
137,6,295.6,7,1
137,7,301.5,7,1
137,22,296.3,7,1
137,23,298.8,7,1
137,38,296.9,7,1
137,39,300.5,7,1
137,54,298.1,7,1
137,55,295.7,7,1
137,70,297.1,7,1
137,71,294.1,7,1
137,86,299.3,7,1
137,87,298.3,7,1
137,100,300.6,7,1
137,101,296.0,7,1
137,114,297.9,7,1
137,115,304.5,7,1
137,128,295.1,7,1
137,129,291.7,7,1
137,138,292.4,7,1
137,139,288.6,7,1
137,8,81.8,7,4
137,9,83.6,7,4
137,24,79.7,7,4
137,25,84.1,7,4
137,40,85.4,7,4
137,41,80.6,7,4
137,56,82.6,7,4
137,57,88.2,7,4
137,72,84.5,7,4
137,73,81.1,7,4
137,88,80.3,7,4
137,89,81.7,7,4
137,102,75.2,7,4
137,103,77.0,7,4
137,116,76.9,7,4
137,117,86.1,7,4
137,130,80.2,7,4
137,131,91.8,7,4
137,140,83.7,7,4
137,141,74.4,7,4
137,10,76.2,7,5
137,11,74.3,7,5
137,26,76.7,7,5
137,27,77.3,7,5
137,42,78.0,7,5
137,43,79.5,7,5
137,58,76.4,7,5
137,59,81.2,7,5
137,74,79.4,7,5
137,75,79.4,7,5
137,90,81.8,7,5
137,91,88.2,7,5
137,104,82.6,7,5
137,105,84.2,7,5
137,118,81.8,7,5
137,119,89.5,7,5
137,132,82.6,7,5
137,133,79.9,7,5
137,142,76.5,7,5
137,143,83.0,7,5
137,12,72.5,7,6
137,13,74.5,7,6
137,28,66.2,7,6
137,29,71.8,7,6
137,44,71.3,7,6
137,45,80.0,7,6
137,60,82.1,7,6
137,61,82.5,7,6
137,76,80.0,7,6
137,77,78.4,7,6
137,92,76.3,7,6
137,93,74.1,7,6
137,106,73.6,7,6
137,107,76.5,7,6
137,120,73.7,7,6
137,121,72.7,7,6
137,134,75.8,7,6
137,135,79.2,7,6
137,144,76.5,7,6
137,145,79.1,7,6
137,14,74.6,7,7
137,15,68.1,7,7
137,30,74.3,7,7
137,31,65.9,7,7
137,46,68.8,7,7
137,47,80.9,7,7
137,62,75.8,7,7
137,63,71.9,7,7
137,78,74.1,7,7
137,79,74.0,7,7
137,94,70.4,7,7
137,95,73.1,7,7
137,108,73.7,7,7
137,109,70.5,7,7
137,122,73.0,7,7
137,123,76.1,7,7
137,136,77.0,7,7
137,137,0.0,7,7
137,146,59.7,7,7
137,147,55.4,7,7
146,150,292.3,7,9
146,151,290.8,7,9
146,148,299.1,7,8
146,149,295.1,7,8
146,0,294.6,7,0
146,1,296.1,7,0
146,16,293.9,7,0
146,17,295.8,7,0
146,32,297.8,7,0
146,33,299.2,7,0
146,48,298.4,7,0
146,49,300.3,7,0
146,64,300.4,7,0
146,65,301.0,7,0
146,80,300.2,7,0
146,81,301.4,7,0
146,2,301.4,7,2
146,3,296.2,7,2
146,18,300.5,7,2
146,19,301.8,7,2
146,34,298.2,7,2
146,35,292.5,7,2
146,50,296.2,7,2
146,51,294.8,7,2
146,66,297.7,7,2
146,67,302.6,7,2
146,82,296.7,7,2
146,83,299.9,7,2
146,96,295.8,7,2
146,97,298.0,7,2
146,110,303.7,7,2
146,111,298.4,7,2
146,124,299.4,7,2
146,125,301.2,7,2
146,4,299.8,7,3
146,5,300.5,7,3
146,20,301.0,7,3
146,21,298.5,7,3
146,36,304.6,7,3
146,37,302.1,7,3
146,52,297.8,7,3
146,53,296.2,7,3
146,68,305.1,7,3
146,69,297.3,7,3
146,84,302.8,7,3
146,85,298.7,7,3
146,98,302.9,7,3
146,99,296.2,7,3
146,112,300.4,7,3
146,113,300.0,7,3
146,126,302.2,7,3
146,127,300.1,7,3
146,6,299.7,7,1
146,7,305.5,7,1
146,22,299.9,7,1
146,23,301.1,7,1
146,38,299.4,7,1
146,39,303.6,7,1
146,54,301.0,7,1
146,55,298.8,7,1
146,70,300.9,7,1
146,71,297.2,7,1
146,86,302.7,7,1
146,87,302.0,7,1
146,100,304.5,7,1
146,101,298.9,7,1
146,114,301.2,7,1
146,115,308.2,7,1
146,128,297.3,7,1
146,129,295.5,7,1
146,138,296.2,7,1
146,139,292.1,7,1
146,8,88.4,7,4
146,9,82.3,7,4
146,24,85.1,7,4
146,25,93.9,7,4
146,40,89.0,7,4
146,41,82.7,7,4
146,56,85.5,7,4
146,57,91.3,7,4
146,72,86.4,7,4
146,73,84.0,7,4
146,88,86.9,7,4
146,89,86.2,7,4
146,102,82.3,7,4
146,103,81.0,7,4
146,116,85.9,7,4
146,117,95.3,7,4
146,130,92.1,7,4
146,131,99.3,7,4
146,140,87.0,7,4
146,141,77.3,7,4
146,10,77.3,7,5
146,11,85.8,7,5
146,26,80.8,7,5
146,27,82.9,7,5
146,42,80.7,7,5
146,43,82.3,7,5
146,58,82.5,7,5
146,59,86.1,7,5
146,74,84.9,7,5
146,75,76.8,7,5
146,90,86.4,7,5
146,91,91.5,7,5
146,104,91.1,7,5
146,105,90.2,7,5
146,118,82.9,7,5
146,119,91.3,7,5
146,132,88.2,7,5
146,133,80.1,7,5
146,142,81.3,7,5
146,143,88.5,7,5
146,12,78.5,7,6
146,13,81.0,7,6
146,28,72.8,7,6
146,29,74.0,7,6
146,44,73.8,7,6
146,45,77.5,7,6
146,60,80.9,7,6
146,61,86.9,7,6
146,76,81.3,7,6
146,77,73.5,7,6
146,92,70.1,7,6
146,93,82.5,7,6
146,106,80.1,7,6
146,107,78.7,7,6
146,120,73.8,7,6
146,121,76.0,7,6
146,134,80.4,7,6
146,135,88.8,7,6
146,144,77.4,7,6
146,145,81.8,7,6
146,14,77.7,7,7
146,15,72.1,7,7
146,30,67.5,7,7
146,31,73.5,7,7
146,46,70.2,7,7
146,47,86.1,7,7
146,62,76.5,7,7
146,63,72.3,7,7
146,78,78.2,7,7
146,79,81.0,7,7
146,94,76.0,7,7
146,95,78.8,7,7
146,108,79.6,7,7
146,109,75.0,7,7
146,122,78.3,7,7
146,123,77.7,7,7
146,136,80.4,7,7
146,137,59.7,7,7
146,146,0.0,7,7
146,147,62.5,7,7
147,150,292.1,7,9
147,151,290.5,7,9
147,148,298.1,7,8
147,149,294.7,7,8
147,0,294.6,7,0
147,1,295.0,7,0
147,16,293.6,7,0
147,17,295.2,7,0
147,32,297.4,7,0
147,33,298.9,7,0
147,48,296.8,7,0
147,49,299.2,7,0
147,64,299.2,7,0
147,65,299.6,7,0
147,80,299.6,7,0
147,81,300.3,7,0
147,2,300.4,7,2
147,3,296.0,7,2
147,18,299.9,7,2
147,19,301.8,7,2
147,34,298.1,7,2
147,35,291.9,7,2
147,50,296.2,7,2
147,51,294.4,7,2
147,66,297.0,7,2
147,67,301.8,7,2
147,82,296.0,7,2
147,83,299.4,7,2
147,96,295.9,7,2
147,97,297.2,7,2
147,110,302.9,7,2
147,111,298.0,7,2
147,124,298.6,7,2
147,125,300.2,7,2
147,4,299.0,7,3
147,5,299.4,7,3
147,20,300.2,7,3
147,21,298.3,7,3
147,36,304.0,7,3
147,37,301.6,7,3
147,52,297.4,7,3
147,53,296.1,7,3
147,68,304.8,7,3
147,69,296.6,7,3
147,84,302.1,7,3
147,85,298.3,7,3
147,98,302.4,7,3
147,99,295.7,7,3
147,112,299.8,7,3
147,113,299.5,7,3
147,126,301.6,7,3
147,127,299.6,7,3
147,6,299.0,7,1
147,7,304.8,7,1
147,22,299.5,7,1
147,23,301.5,7,1
147,38,299.5,7,1
147,39,303.6,7,1
147,54,300.9,7,1
147,55,298.6,7,1
147,70,300.1,7,1
147,71,296.9,7,1
147,86,302.2,7,1
147,87,301.0,7,1
147,100,303.5,7,1
147,101,298.9,7,1
147,114,300.6,7,1
147,115,307.5,7,1
147,128,297.8,7,1
147,129,295.1,7,1
147,138,295.4,7,1
147,139,291.7,7,1
147,8,84.8,7,4
147,9,81.6,7,4
147,24,82.3,7,4
147,25,86.0,7,4
147,40,88.9,7,4
147,41,83.0,7,4
147,56,86.8,7,4
147,57,89.2,7,4
147,72,86.4,7,4
147,73,76.9,7,4
147,88,82.9,7,4
147,89,83.4,7,4
147,102,78.4,7,4
147,103,80.8,7,4
147,116,83.0,7,4
147,117,90.0,7,4
147,130,93.2,7,4
147,131,98.1,7,4
147,140,87.0,7,4
147,141,73.2,7,4
147,10,81.7,7,5
147,11,84.8,7,5
147,26,80.7,7,5
147,27,80.1,7,5
147,42,78.4,7,5
147,43,74.7,7,5
147,58,80.5,7,5
147,59,87.4,7,5
147,74,82.8,7,5
147,75,81.5,7,5
147,90,84.5,7,5
147,91,93.6,7,5
147,104,87.0,7,5
147,105,88.9,7,5
147,118,87.9,7,5
147,119,92.1,7,5
147,132,88.5,7,5
147,133,84.3,7,5
147,142,70.7,7,5
147,143,86.8,7,5
147,12,72.4,7,6
147,13,72.4,7,6
147,28,72.1,7,6
147,29,71.2,7,6
147,44,70.2,7,6
147,45,80.3,7,6
147,60,83.2,7,6
147,61,87.8,7,6
147,76,83.9,7,6
147,77,79.9,7,6
147,92,76.0,7,6
147,93,84.0,7,6
147,106,79.5,7,6
147,107,80.8,7,6
147,120,77.6,7,6
147,121,70.8,7,6
147,134,80.0,7,6
147,135,87.6,7,6
147,144,75.3,7,6
147,145,73.9,7,6
147,14,74.0,7,7
147,15,72.6,7,7
147,30,73.1,7,7
147,31,72.6,7,7
147,46,74.2,7,7
147,47,82.4,7,7
147,62,72.9,7,7
147,63,70.2,7,7
147,78,73.0,7,7
147,79,69.7,7,7
147,94,71.4,7,7
147,95,70.5,7,7
147,108,68.0,7,7
147,109,71.7,7,7
147,122,71.0,7,7
147,123,70.3,7,7
147,136,80.1,7,7
147,137,55.4,7,7
147,146,62.5,7,7
147,147,0.0,7,7
