pattern,backend,world,output_bytes,input_bytes,shard_bytes,ctas,tile_bytes,mode,iters,trials,latency_us,min_us,max_us,warps_per_cta,dynamic_smem_bytes,occupancy_blocks_per_sm,occupancy_warps_per_sm,sm_count,max_warps_per_sm,smem_per_sm,max_smem_per_cta,registers_per_thread,static_smem_bytes,payload_GBps,remote_GBps,aggregate_remote_GBps,logical_inject_GBps,peak_oneway_GBps,rx_util_pct,correct,trial_us
allgather,nccl,4,4096,1024,1024,0,0,graph,20,5,23.46239984035492,22.90239930152893,24.07519966363907,0,0,0,0,0,0,0,0,0,0,0.17457719704166627,0.1309328977812497,0.5237315911249988,0.1309328977812497,900.0,0.01454809975347219,True,"[23.37920069694519, 23.46239984035492, 24.07519966363907, 22.90239930152893, 23.720000684261322]"
allgather,tma_sym,4,4096,1024,1024,4,16384,graph,20,5,14.09280002117157,13.767999410629272,14.723199605941772,14,229600,1,14,152,64,233472,232448,35,0,0.2906448678649091,0.21798365089868188,0.8719346035947275,0.21798365089868188,900.0,0.0242204056554091,True,"[14.43520039319992, 14.06400054693222, 14.09280002117157, 13.767999410629272, 14.723199605941772]"
allgather,tma_sym,4,4096,1024,1024,8,16384,graph,20,5,13.600000739097595,13.092799484729767,14.633600413799286,14,229600,1,14,152,64,233472,232448,35,0,0.301176454220677,0.22588234066550775,0.903529362662031,0.22588234066550775,900.0,0.025098037851723085,True,"[14.633600413799286, 13.092799484729767, 13.484799861907959, 14.068800210952759, 13.600000739097595]"
allgather,tma_sym,4,4096,1024,1024,16,16384,graph,20,5,14.22560065984726,13.124799728393555,14.659200608730316,14,229600,1,14,152,64,233472,232448,35,0,0.287931602885581,0.21594870216418574,0.863794808656743,0.21594870216418574,900.0,0.023994300240465085,True,"[13.199999928474426, 13.124799728393555, 14.30400013923645, 14.659200608730316, 14.22560065984726]"
allgather,tma_sym,4,4096,1024,1024,32,16384,graph,20,5,13.027200102806091,12.92639970779419,13.37440013885498,14,229600,1,14,152,64,233472,232448,35,0,0.314419059174328,0.235814294380746,0.943257177522984,0.235814294380746,900.0,0.026201588264527332,True,"[12.943999469280243, 13.027200102806091, 13.37440013885498, 13.201600313186646, 12.92639970779419]"
allgather,tma_sym,4,4096,1024,1024,64,16384,graph,20,5,13.116799294948578,13.033600151538849,13.894400000572205,14,229600,1,14,152,64,233472,232448,35,0,0.31227130246457413,0.2342034768484306,0.9368139073937224,0.2342034768484306,900.0,0.026022608538714513,True,"[13.889600336551666, 13.033600151538849, 13.116799294948578, 13.046400249004364, 13.894400000572205]"
allgather,tma_mc,4,4096,1024,1024,4,16384,graph,20,5,12.47519999742508,12.113600224256516,13.260799646377563,14,229600,1,14,152,64,233472,232448,22,0,0.32833140958424933,0.246248557188187,0.984994228752748,0.08208285239606233,900.0,0.02736095079868744,True,"[12.319999933242798, 12.113600224256516, 13.185599446296692, 12.47519999742508, 13.260799646377563]"
allgather,tma_mc,4,4096,1024,1024,8,16384,graph,20,5,12.734399735927582,11.78399994969368,13.828800618648529,14,229600,1,14,152,64,233472,232448,22,0,0.32164845496752775,0.24123634122564583,0.9649453649025833,0.08041211374188194,900.0,0.026804037913960646,True,"[12.734399735927582, 12.708799540996552, 13.828800618648529, 11.78399994969368, 12.84479945898056]"
allgather,tma_mc,4,4096,1024,1024,16,16384,graph,20,5,12.992000579833984,11.09279990196228,13.516800105571747,14,229600,1,14,152,64,233472,232448,22,0,0.31527092189002504,0.23645319141751878,0.9458127656700751,0.07881773047250626,900.0,0.026272576824168756,True,"[13.516800105571747, 12.992000579833984, 13.180799782276154, 12.76479959487915, 11.09279990196228]"
allgather,tma_mc,4,4096,1024,1024,32,16384,graph,20,5,13.211199641227722,12.411200255155563,13.601599633693695,14,229600,1,14,152,64,233472,232448,22,0,0.31003997450903387,0.23252998088177537,0.9301199235271015,0.07750999362725847,900.0,0.025836664542419487,True,"[13.211199641227722, 13.601599633693695, 13.521599769592285, 12.55519986152649, 12.411200255155563]"
allgather,tma_mc,4,4096,1024,1024,64,16384,graph,20,5,12.852799892425537,11.846400052309036,13.916799426078796,14,229600,1,14,152,64,233472,232448,22,0,0.3186854252989553,0.2390140689742165,0.956056275896866,0.07967135632473883,900.0,0.026557118774912944,True,"[12.852799892425537, 13.916799426078796, 12.382400035858154, 12.907199561595917, 11.846400052309036]"
allgather,ce_sym,4,4096,1024,1024,0,0,graph,20,5,27.5519996881485,27.113598585128784,28.571200370788574,0,0,0,0,0,0,0,0,0,0,0.148664345468975,0.11149825910173125,0.445993036406925,0.11149825910173125,900.0,0.012388695455747917,True,"[27.14880108833313, 28.28640043735504, 27.5519996881485, 28.571200370788574, 27.113598585128784]"
allgather,ce_mc,4,4096,1024,1024,0,0,graph,20,5,27.723199129104614,26.94079875946045,28.171199560165405,0,0,0,0,0,0,0,0,0,0,0.147746296555649,0.11080972241673673,0.4432388896669469,0.03693657413891225,900.0,0.012312191379637414,True,"[26.94079875946045, 27.27999985218048, 27.819201350212097, 27.723199129104614, 28.171199560165405]"
allgather,nccl,4,8192,2048,2048,0,0,graph,20,5,23.545600473880768,22.643199563026428,24.030399322509766,0,0,0,0,0,0,0,0,0,0,0.3479206236038626,0.26094046770289697,1.0437618708115879,0.26094046770289697,900.0,0.02899338530032189,True,"[23.545600473880768, 24.030399322509766, 23.4592005610466, 22.643199563026428, 23.558400571346283]"
allgather,tma_sym,4,8192,2048,2048,4,16384,graph,20,5,13.220800459384918,12.889599800109863,13.708800077438354,14,229600,1,14,152,64,233472,232448,35,0,0.6196296529220231,0.4647222396915173,1.8588889587660693,0.4647222396915173,900.0,0.051635804410168594,True,"[13.708800077438354, 13.50879967212677, 13.05440068244934, 12.889599800109863, 13.220800459384918]"
allgather,tma_sym,4,8192,2048,2048,8,16384,graph,20,5,13.212800025939941,13.011200726032257,15.044799447059631,14,229600,1,14,152,64,233472,232448,35,0,0.6200048425706217,0.4650036319279663,1.8600145277118652,0.4650036319279663,900.0,0.05166707021421848,True,"[13.780799508094788, 13.011200726032257, 13.212800025939941, 15.044799447059631, 13.16639930009842]"
allgather,tma_sym,4,8192,2048,2048,16,16384,graph,20,5,13.393600285053253,12.641599774360657,13.980799913406372,14,229600,1,14,152,64,233472,232448,35,0,0.6116353949387274,0.4587265462040456,1.8349061848161825,0.4587265462040456,900.0,0.05096961624489396,True,"[13.811199367046356, 13.980799913406372, 12.641599774360657, 13.393600285053253, 12.982399761676788]"
allgather,tma_sym,4,8192,2048,2048,32,16384,graph,20,5,13.113600015640259,12.955200672149658,13.806399703025818,14,229600,1,14,152,64,233472,232448,35,0,0.62469497241258,0.468521229309435,1.87408491723774,0.468521229309435,900.0,0.052057914367715,True,"[12.969599664211273, 13.113600015640259, 12.955200672149658, 13.414399325847626, 13.806399703025818]"
allgather,tma_sym,4,8192,2048,2048,64,16384,graph,20,5,13.208000361919403,12.688000500202179,13.939200341701508,14,229600,1,14,152,64,233472,232448,35,0,0.6202301465419954,0.46517260990649656,1.8606904396259862,0.46517260990649656,900.0,0.05168584554516629,True,"[13.939200341701508, 13.208000361919403, 12.688000500202179, 13.060800731182098, 13.404799997806549]"
allgather,tma_mc,4,8192,2048,2048,4,16384,graph,20,5,13.001599907875061,12.768000364303589,13.313600420951843,14,229600,1,14,152,64,233472,232448,22,0,0.630076302766255,0.4725572270746912,1.8902289082987649,0.15751907569156376,900.0,0.05250635856385458,True,"[13.313600420951843, 12.768000364303589, 13.286399841308594, 13.001599907875061, 12.798400223255157]"
allgather,tma_mc,4,8192,2048,2048,8,16384,graph,20,5,12.996800243854523,12.214399874210358,13.107199966907501,14,229600,1,14,152,64,233472,232448,22,0,0.630308987311977,0.47273174048398275,1.890926961935931,0.15757724682799426,900.0,0.052525748942664756,True,"[13.107199966907501, 13.073599338531494, 12.595200538635254, 12.996800243854523, 12.214399874210358]"
allgather,tma_mc,4,8192,2048,2048,16,16384,graph,20,5,12.833599746227264,12.083200365304947,13.475200533866882,14,229600,1,14,152,64,233472,232448,22,0,0.6383244110763412,0.47874330830725587,1.9149732332290235,0.1595811027690853,900.0,0.05319370092302843,True,"[13.475200533866882, 13.219200074672699, 12.083200365304947, 12.833599746227264, 12.73760050535202]"
allgather,tma_mc,4,8192,2048,2048,32,16384,graph,20,5,13.052800297737122,12.982399761676788,13.505600392818451,14,229600,1,14,152,64,233472,232448,22,0,0.6276047907834914,0.4707035930876185,1.882814372350474,0.15690119769587285,900.0,0.05230039923195761,True,"[13.052800297737122, 12.982399761676788, 13.505600392818451, 13.0063995718956, 13.305599987506866]"
allgather,tma_mc,4,8192,2048,2048,64,16384,graph,20,5,12.39359974861145,12.319999933242798,12.639999389648438,14,229600,1,14,152,64,233472,232448,22,0,0.6609863289249609,0.4957397466937206,1.9829589867748825,0.16524658223124022,900.0,0.05508219407708007,True,"[12.639999389648438, 12.326399981975555, 12.319999933242798, 12.39359974861145, 12.639999389648438]"
allgather,ce_sym,4,8192,2048,2048,0,0,graph,20,5,27.475199103355408,27.160000801086426,28.119999170303345,0,0,0,0,0,0,0,0,0,0,0.29815980474549325,0.22361985355911995,0.8944794142364798,0.22361985355911995,900.0,0.024846650395457776,True,"[27.425599098205566, 27.160000801086426, 27.475199103355408, 27.959999442100525, 28.119999170303345]"
allgather,ce_mc,4,8192,2048,2048,0,0,graph,20,5,27.78399884700775,26.75040066242218,28.52480113506317,0,0,0,0,0,0,0,0,0,0,0.29484596674183394,0.22113447505637546,0.8845379002255018,0.07371149168545849,900.0,0.024570497228486164,True,"[27.78399884700775, 27.62719988822937, 27.880001068115234, 28.52480113506317, 26.75040066242218]"
allgather,nccl,4,16384,4096,4096,0,0,graph,20,5,25.436800718307495,24.560000002384186,26.787200570106506,0,0,0,0,0,0,0,0,0,0,0.6441061586887391,0.48307961901655433,1.9323184760662173,0.48307961901655433,900.0,0.05367551322406159,True,"[26.787200570106506, 25.753599405288696, 25.436800718307495, 24.560000002384186, 24.993599951267242]"
allgather,tma_sym,4,16384,4096,4096,4,16384,graph,20,5,14.824000000953674,14.406399428844452,15.28480052947998,14,229600,1,14,152,64,233472,232448,35,0,1.1052347543811363,0.8289260657858523,3.315704263143409,0.8289260657858523,900.0,0.09210289619842803,True,"[15.28480052947998, 14.539200067520142, 14.406399428844452, 14.824000000953674, 14.83519971370697]"
allgather,tma_sym,4,16384,4096,4096,8,16384,graph,20,5,14.900800585746765,14.283199608325958,16.064000129699707,14,229600,1,14,152,64,233472,232448,35,0,1.0995382366013258,0.8246536774509944,3.2986147098039775,0.8246536774509944,900.0,0.09162818638344382,True,"[14.587199687957764, 15.09920060634613, 16.064000129699707, 14.900800585746765, 14.283199608325958]"
allgather,tma_sym,4,16384,4096,4096,16,16384,graph,20,5,14.822399616241455,14.318400621414185,15.328000485897064,14,229600,1,14,152,64,233472,232448,35,0,1.1053540873400445,0.8290155655050333,3.316062262020133,0.8290155655050333,900.0,0.09211284061167037,True,"[15.276800096035004, 15.328000485897064, 14.54080045223236, 14.822399616241455, 14.318400621414185]"
allgather,tma_sym,4,16384,4096,4096,32,16384,graph,20,5,13.972799479961395,12.876799702644348,15.628799796104431,14,229600,1,14,152,64,233472,232448,35,0,1.1725638819548325,0.8794229114661245,3.517691645864498,0.8794229114661245,900.0,0.0977136568295694,True,"[13.972799479961395, 14.371199905872345, 12.876799702644348, 13.966399431228638, 15.628799796104431]"
allgather,tma_sym,4,16384,4096,4096,64,16384,graph,20,5,14.244799315929413,13.887999951839447,15.0736004114151,14,229600,1,14,152,64,233472,232448,35,0,1.1501741538526555,0.8626306153894917,3.450522461557967,0.8626306153894917,900.0,0.09584784615438796,True,"[15.0736004114151, 14.343999326229095, 13.887999951839447, 14.244799315929413, 14.238399267196655]"
allgather,tma_mc,4,16384,4096,4096,4,16384,graph,20,5,14.513599872589111,13.915200531482697,15.09920060634613,14,229600,1,14,152,64,233472,232448,22,0,1.128872240094161,0.8466541800706208,3.386616720282483,0.2822180600235403,900.0,0.09407268667451342,True,"[13.95840048789978, 14.513599872589111, 15.09920060634613, 14.711999893188477, 13.915200531482697]"
allgather,tma_mc,4,16384,4096,4096,8,16384,graph,20,5,13.990400731563568,13.756799697875977,15.347200632095337,14,229600,1,14,152,64,233472,232448,22,0,1.1710886853323839,0.8783165139992879,3.5132660559971516,0.29277217133309597,900.0,0.09759072377769865,True,"[14.008000493049622, 13.990400731563568, 13.910399377346039, 13.756799697875977, 15.347200632095337]"
allgather,tma_mc,4,16384,4096,4096,16,16384,graph,20,5,14.32960033416748,14.01440054178238,14.83680009841919,14,229600,1,14,152,64,233472,232448,22,0,1.1433675481467556,0.8575256611100666,3.4301026444402662,0.2858418870366889,900.0,0.09528062901222961,True,"[14.215999841690063, 14.697599411010742, 14.83680009841919, 14.01440054178238, 14.32960033416748]"
allgather,tma_mc,4,16384,4096,4096,32,16384,graph,20,5,14.360000193119049,13.539199531078339,14.824000000953674,14,229600,1,14,152,64,233472,232448,22,0,1.1409470598649991,0.8557102948987495,3.422841179594998,0.2852367649662498,900.0,0.09507892165541662,True,"[14.360000193119049, 14.824000000953674, 13.787199556827545, 14.441600441932678, 13.539199531078339]"
allgather,tma_mc,4,16384,4096,4096,64,16384,graph,20,5,14.377599954605103,13.910399377346039,14.764800667762756,14,229600,1,14,152,64,233472,232448,22,0,1.1395504153495557,0.8546628115121668,3.4186512460486673,0.2848876038373889,900.0,0.09496253461246298,True,"[14.377599954605103, 13.910399377346039, 14.657600224018097, 14.220799505710602, 14.764800667762756]"
allgather,ce_sym,4,16384,4096,4096,0,0,graph,20,5,28.729599714279175,27.871999144554138,29.71999943256378,0,0,0,0,0,0,0,0,0,0,0.5702829194608245,0.42771218959561846,1.7108487583824739,0.42771218959561846,900.0,0.04752357662173538,True,"[29.71999943256378, 28.935998678207397, 28.366398811340332, 28.729599714279175, 27.871999144554138]"
allgather,ce_mc,4,16384,4096,4096,0,0,graph,20,5,28.494399785995483,24.118399620056152,29.100799560546875,0,0,0,0,0,0,0,0,0,0,0.5749901778261867,0.43124263336964,1.72497053347856,0.14374754445654667,900.0,0.04791584815218222,True,"[28.086400032043457, 29.100799560546875, 28.494399785995483, 28.945600986480713, 24.118399620056152]"
allgather,nccl,4,32768,8192,8192,0,0,graph,20,5,25.26879906654358,23.25280010700226,25.867199897766113,0,0,0,0,0,0,0,0,0,0,1.2967771010291314,0.9725828257718484,3.8903313030873936,0.9725828257718484,900.0,0.10806475841909427,True,"[25.867199897766113, 25.26879906654358, 23.718400299549103, 25.53279995918274, 23.25280010700226]"
allgather,tma_sym,4,32768,8192,8192,4,16384,graph,20,5,13.371199369430542,12.628799676895142,14.46560025215149,14,229600,1,14,152,64,233472,232448,35,0,2.4506402974526535,1.8379802230894904,7.3519208923579615,1.8379802230894904,900.0,0.20422002478772114,True,"[14.46560025215149, 13.371199369430542, 13.547199964523315, 12.74079978466034, 12.628799676895142]"
allgather,tma_sym,4,32768,8192,8192,8,16384,graph,20,5,13.435199856758118,12.424000352621078,15.26239961385727,14,229600,1,14,152,64,233472,232448,35,0,2.438966323490691,1.829224742618018,7.316898970472072,1.829224742618018,900.0,0.20324719362422422,True,"[13.435199856758118, 13.352000713348389, 13.5343998670578, 12.424000352621078, 15.26239961385727]"
allgather,tma_sym,4,32768,8192,8192,16,16384,graph,20,5,12.331199645996094,12.139199674129486,13.726399838924408,14,229600,1,14,152,64,233472,232448,35,0,2.6573245864719803,1.992993439853985,7.97197375941594,1.992993439853985,900.0,0.22144371553933168,True,"[12.331199645996094, 12.139199674129486, 13.452799618244171, 13.726399838924408, 12.20640018582344]"
allgather,tma_sym,4,32768,8192,8192,32,16384,graph,20,5,13.654400408267975,13.104000687599182,14.062400162220001,14,229600,1,14,152,64,233472,232448,35,0,2.3998124428926526,1.7998593321694893,7.199437328677957,1.7998593321694893,900.0,0.19998437024105437,True,"[13.926400244235992, 13.654400408267975, 14.062400162220001, 13.104000687599182, 13.512000441551208]"
allgather,tma_sym,4,32768,8192,8192,64,16384,graph,20,5,14.88959938287735,12.931199371814728,15.292799472808838,14,229600,1,14,152,64,233472,232448,35,0,2.2007308025817234,1.6505481019362924,6.60219240774517,1.6505481019362924,900.0,0.18339423354847695,True,"[14.931200444698334, 14.579200744628906, 14.88959938287735, 12.931199371814728, 15.292799472808838]"
allgather,tma_mc,4,32768,8192,8192,4,16384,graph,20,5,12.651200592517853,11.777599900960922,13.953599333763123,14,229600,1,14,152,64,233472,232448,22,0,2.590109907780577,1.942582430835433,7.770329723341732,0.6475274769451442,900.0,0.2158424923150481,True,"[13.185599446296692, 13.953599333763123, 12.651200592517853, 11.777599900960922, 12.47360035777092]"
allgather,tma_mc,4,32768,8192,8192,8,16384,graph,20,5,13.731199502944946,12.167999893426895,15.049600601196289,14,229600,1,14,152,64,233472,232448,22,0,2.3863902052382393,1.7897926539286795,7.159170615714718,0.5965975513095598,900.0,0.19886585043651991,True,"[13.731199502944946, 12.167999893426895, 15.049600601196289, 14.195199310779572, 13.129599392414093]"
allgather,tma_mc,4,32768,8192,8192,16,16384,graph,20,5,13.116799294948578,12.81919926404953,14.177599549293518,14,229600,1,14,152,64,233472,232448,22,0,2.498170419716593,1.8736278147874448,7.494511259149779,0.6245426049291483,900.0,0.2081808683097161,True,"[13.05440068244934, 13.116799294948578, 12.81919926404953, 13.424000144004822, 14.177599549293518]"
allgather,tma_mc,4,32768,8192,8192,32,16384,graph,20,5,12.736000120639801,11.881600320339203,12.985600531101227,14,229600,1,14,152,64,233472,232448,22,0,2.572864297236979,1.9296482229277343,7.718592891710937,0.6432160743092448,900.0,0.2144053581030816,True,"[12.084800004959106, 12.736000120639801, 12.931199371814728, 12.985600531101227, 11.881600320339203]"
allgather,tma_mc,4,32768,8192,8192,64,16384,graph,20,5,12.902399897575378,12.467200309038162,13.42879980802536,14,229600,1,14,152,64,233472,232448,22,0,2.5396825598435973,1.9047619198826977,7.619047679530791,0.6349206399608993,900.0,0.21164021332029975,True,"[12.902399897575378, 13.42879980802536, 12.768000364303589, 13.046400249004364, 12.467200309038162]"
allgather,ce_sym,4,32768,8192,8192,0,0,graph,20,5,27.401599287986755,26.72159969806671,28.539198637008667,0,0,0,0,0,0,0,0,0,0,1.1958426096087738,0.8968819572065804,3.5875278288263215,0.8968819572065804,900.0,0.09965355080073116,True,"[27.401599287986755, 27.185600996017456, 27.753600478172302, 26.72159969806671, 28.539198637008667]"
allgather,ce_mc,4,32768,8192,8192,0,0,graph,20,5,25.833600759506226,24.646399915218353,28.249600529670715,0,0,0,0,0,0,0,0,0,0,1.2684255789600705,0.9513191842200529,3.8052767368802116,0.3171063947400176,900.0,0.10570213158000588,True,"[24.646399915218353, 25.705599784851074, 28.249600529670715, 26.56959891319275, 25.833600759506226]"
allgather,nccl,4,65536,16384,16384,0,0,graph,20,5,24.267199635505676,23.556800186634064,25.84480047225952,0,0,0,0,0,0,0,0,0,0,2.700600027376598,2.025450020532449,8.101800082129795,2.025450020532449,900.0,0.2250500022813832,True,"[25.84480047225952, 24.267199635505676, 25.523200631141663, 23.556800186634064, 23.929600417613983]"
allgather,tma_sym,4,65536,16384,16384,4,16384,graph,20,5,13.21759968996048,12.887999415397644,13.93119990825653,14,229600,1,14,152,64,233472,232448,35,0,4.9582376178163665,3.718678213362275,14.8747128534491,3.718678213362275,900.0,0.4131864681513639,True,"[12.887999415397644, 13.841600716114044, 13.21440041065216, 13.93119990825653, 13.21759968996048]"
allgather,tma_sym,4,65536,16384,16384,8,16384,graph,20,5,13.911999762058258,12.585599720478058,15.10239988565445,14,229600,1,14,152,64,233472,232448,35,0,4.71075338706763,3.5330650403007224,14.13226016120289,3.5330650403007224,900.0,0.39256278225563584,True,"[13.875199854373932, 13.911999762058258, 15.10239988565445, 14.716799557209015, 12.585599720478058]"
allgather,tma_sym,4,65536,16384,16384,16,16384,graph,20,5,14.43679928779602,13.355199992656708,15.222400426864624,14,229600,1,14,152,64,233472,232448,35,0,4.539510364696979,3.404632773522734,13.618531094090937,3.404632773522734,900.0,0.3782925303914149,True,"[13.355199992656708, 13.489599525928497, 14.43679928779602, 15.222400426864624, 14.440000057220459]"
allgather,tma_sym,4,65536,16384,16384,32,16384,graph,20,5,14.815999567508698,13.74559998512268,16.316799819469452,14,229600,1,14,152,64,233472,232448,35,0,4.423326263029843,3.3174946972723816,13.269978789089526,3.3174946972723816,900.0,0.3686105219191535,True,"[14.487999677658081, 16.316799819469452, 15.112000703811646, 13.74559998512268, 14.815999567508698]"
allgather,tma_sym,4,65536,16384,16384,64,16384,graph,20,5,14.815999567508698,14.428800344467163,15.056000649929047,14,229600,1,14,152,64,233472,232448,35,0,4.423326263029843,3.3174946972723816,13.269978789089526,3.3174946972723816,900.0,0.3686105219191535,True,"[14.440000057220459, 14.988799393177032, 14.815999567508698, 15.056000649929047, 14.428800344467163]"
allgather,tma_mc,4,65536,16384,16384,4,16384,graph,20,5,12.252800166606903,11.83840036392212,13.635200262069702,14,229600,1,14,152,64,233472,232448,22,0,5.3486549285777265,4.011491196433295,16.04596478573318,1.3371637321444316,900.0,0.4457212440481439,True,"[11.83840036392212, 12.252800166606903, 13.635200262069702, 12.92320042848587, 12.02080026268959]"
allgather,tma_mc,4,65536,16384,16384,8,16384,graph,20,5,13.716800510883331,12.705600261688232,13.812799751758575,14,229600,1,14,152,64,233472,232448,22,0,4.7777905604154345,3.5833429203115768,14.333371681246307,1.1944476401038586,900.0,0.398149213367953,True,"[13.734400272369385, 12.705600261688232, 13.812799751758575, 13.527999818325043, 13.716800510883331]"
allgather,tma_mc,4,65536,16384,16384,16,16384,graph,20,5,12.848000228404999,12.091200053691864,13.624000549316406,14,229600,1,14,152,64,233472,232448,22,0,5.1008716403281,3.8256537302460742,15.302614920984297,1.275217910082025,900.0,0.42507263669400824,True,"[13.624000549316406, 12.091200053691864, 12.620800733566284, 13.023999333381653, 12.848000228404999]"
allgather,tma_mc,4,65536,16384,16384,32,16384,graph,20,5,12.569600343704224,12.303999811410904,13.69599997997284,14,229600,1,14,152,64,233472,232448,22,0,5.213849144601103,3.9103868584508272,15.641547433803309,1.3034622861502758,900.0,0.4344874287167586,True,"[13.363200426101685, 12.569600343704224, 13.69599997997284, 12.425599992275238, 12.303999811410904]"
allgather,tma_mc,4,65536,16384,16384,64,16384,graph,20,5,13.900800049304962,12.484800070524216,14.46560025215149,14,229600,1,14,152,64,233472,232448,22,0,4.714548786224487,3.5359115896683653,14.143646358673461,1.1786371965561218,900.0,0.39287906551870727,True,"[13.956800103187561, 12.484800070524216, 12.825599312782288, 14.46560025215149, 13.900800049304962]"
allgather,ce_sym,4,65536,16384,16384,0,0,graph,20,5,26.45600140094757,25.935998558998108,27.979201078414917,0,0,0,0,0,0,0,0,0,0,2.477169508981531,1.8578771317361487,7.431508526944595,1.8578771317361487,900.0,0.20643079241512763,True,"[26.259198784828186, 27.772799134254456, 25.935998558998108, 27.979201078414917, 26.45600140094757]"
allgather,ce_mc,4,65536,16384,16384,0,0,graph,20,5,26.555201411247253,25.281599164009094,28.331199288368225,0,0,0,0,0,0,0,0,0,0,2.467915757258867,1.8509368179441503,7.403747271776601,0.6169789393147167,900.0,0.20565964643823892,True,"[25.281599164009094, 26.555201411247253, 26.388800144195557, 28.331199288368225, 27.411198616027832]"
allgather,nccl,4,131072,32768,32768,0,0,graph,20,5,24.963200092315674,23.793600499629974,26.795199513435364,0,0,0,0,0,0,0,0,0,0,5.250608876878225,3.9379566576586686,15.751826630634675,3.9379566576586686,900.0,0.4375507397398521,True,"[24.963200092315674, 24.39039945602417, 26.795199513435364, 25.470399856567383, 23.793600499629974]"
allgather,tma_sym,4,131072,32768,32768,4,16384,graph,20,5,15.212799608707428,14.457599818706512,16.009600460529327,14,229600,1,14,152,64,233472,232448,35,0,8.615902619592624,6.461926964694469,25.847707858777877,6.461926964694469,900.0,0.7179918849660522,True,"[16.009600460529327, 15.212799608707428, 14.457599818706512, 15.502400696277618, 14.812800288200378]"
allgather,tma_sym,4,131072,32768,32768,8,16384,graph,20,5,15.788799524307251,14.560000598430634,16.203199326992035,14,229600,1,14,152,64,233472,232448,35,0,8.301581117564472,6.226185838173355,24.90474335269342,6.226185838173355,900.0,0.691798426463706,True,"[15.04800021648407, 16.203199326992035, 15.788799524307251, 14.560000598430634, 15.838399529457092]"
allgather,tma_sym,4,131072,32768,32768,16,16384,graph,20,5,15.28480052947998,14.190399646759033,16.8832004070282,14,229600,1,14,152,64,233472,232448,35,0,8.575316357397,6.43148726804775,25.725949072191,6.43148726804775,900.0,0.71460969644975,True,"[15.28480052947998, 14.190399646759033, 16.8832004070282, 14.96800035238266, 16.0303995013237]"
allgather,tma_sym,4,131072,32768,32768,32,16384,graph,20,5,15.4448002576828,14.323200285434723,15.892800688743591,14,229600,1,14,152,64,233472,232448,35,0,8.486480745181542,6.364860558886156,25.459442235544625,6.364860558886156,900.0,0.7072067287651285,True,"[15.4448002576828, 15.793600678443909, 15.291200578212738, 15.892800688743591, 14.323200285434723]"
allgather,tma_sym,4,131072,32768,32768,64,16384,graph,20,5,15.63359946012497,14.779199659824371,16.655999422073364,14,229600,1,14,152,64,233472,232448,35,0,8.383993739529531,6.287995304647148,25.151981218588592,6.287995304647148,900.0,0.6986661449607942,True,"[15.63359946012497, 14.779199659824371, 14.912000298500061, 16.45919978618622, 16.655999422073364]"
allgather,tma_mc,4,131072,32768,32768,4,16384,graph,20,5,14.609600603580475,13.182400166988373,15.812799334526062,14,229600,1,14,152,64,233472,232448,22,0,8.971634718602594,6.728726038951945,26.91490415580778,2.2429086796506486,900.0,0.747636226550216,True,"[15.812799334526062, 13.182400166988373, 13.814400136470795, 14.609600603580475, 15.268799662590027]"
allgather,tma_mc,4,131072,32768,32768,8,16384,graph,20,5,16.147199273109436,12.801599502563477,19.42719966173172,14,229600,1,14,152,64,233472,232448,22,0,8.117321015433268,6.087990761574951,24.351963046299804,2.029330253858317,900.0,0.6764434179527723,True,"[12.967999279499054, 18.403199315071106, 19.42719966173172, 16.147199273109436, 12.801599502563477]"
allgather,tma_mc,4,131072,32768,32768,16,16384,graph,20,5,13.24159950017929,12.718400359153748,13.847999274730682,14,229600,1,14,152,64,233472,232448,22,0,9.89850206526978,7.423876548952335,29.69550619580934,2.474625516317445,900.0,0.824875172105815,True,"[13.571199774742126, 13.182400166988373, 13.24159950017929, 12.718400359153748, 13.847999274730682]"
allgather,tma_mc,4,131072,32768,32768,32,16384,graph,20,5,13.56160044670105,12.972800433635712,14.88800048828125,14,229600,1,14,152,64,233472,232448,22,0,9.664935972353037,7.248701979264778,28.994807917059113,2.4162339930882593,900.0,0.8054113310294199,True,"[12.999999523162842, 13.624000549316406, 14.88800048828125, 12.972800433635712, 13.56160044670105]"
allgather,tma_mc,4,131072,32768,32768,64,16384,graph,20,5,14.585599303245544,13.140800595283508,18.95039975643158,14,229600,1,14,152,64,233472,232448,22,0,8.986397972062365,6.739798479046773,26.959193916187093,2.2465994930155913,900.0,0.7488664976718638,True,"[14.585599303245544, 14.494399726390839, 18.743999302387238, 18.95039975643158, 13.140800595283508]"
allgather,ce_sym,4,131072,32768,32768,0,0,graph,20,5,27.84000039100647,27.160000801086426,33.49440097808838,0,0,0,0,0,0,0,0,0,0,4.7080459108880595,3.531034433166045,14.12413773266418,3.531034433166045,900.0,0.3923371592406717,True,"[33.49440097808838, 27.160000801086426, 27.84000039100647, 27.563199400901794, 28.391999006271362]"
allgather,ce_mc,4,131072,32768,32768,0,0,graph,20,5,27.847999334335327,26.420798897743225,28.462401032447815,0,0,0,0,0,0,0,0,0,0,4.706693591391828,3.530020193543872,14.120080774175488,1.176673397847957,900.0,0.3922244659493191,True,"[26.420798897743225, 28.355199098587036, 28.462401032447815, 26.61600112915039, 27.847999334335327]"
allgather,nccl,4,262144,65536,65536,0,0,graph,20,5,25.670400261878967,25.284799933433533,27.75520086288452,0,0,0,0,0,0,0,0,0,0,10.211917123446213,7.658937842584661,30.635751370338642,7.658937842584661,900.0,0.8509930936205178,True,"[27.75520086288452, 25.97920000553131, 25.50239861011505, 25.284799933433533, 25.670400261878967]"
allgather,tma_sym,4,262144,65536,65536,4,16384,graph,20,5,17.51679927110672,16.924799978733063,18.907199800014496,14,229600,1,14,152,64,233472,232448,35,0,14.965291086733885,11.223968315050413,44.895873260201654,11.223968315050413,900.0,1.247107590561157,True,"[18.367999792099, 16.924799978733063, 17.51679927110672, 17.472000420093536, 18.907199800014496]"
allgather,tma_sym,4,262144,65536,65536,8,16384,graph,20,5,17.96479970216751,16.539199650287628,19.251200556755066,14,229600,1,14,152,64,233472,232448,35,0,14.59209144248747,10.944068581865604,43.77627432746242,10.944068581865604,900.0,1.2160076202072894,True,"[19.251200556755066, 16.539199650287628, 18.516799807548523, 17.96479970216751, 17.139199376106262]"
allgather,tma_sym,4,262144,65536,65536,16,16384,graph,20,5,17.022399604320526,16.0848006606102,18.57600063085556,14,229600,1,14,152,64,233472,232448,35,0,15.39994396168823,11.549957971266172,46.19983188506469,11.549957971266172,900.0,1.2833286634740193,True,"[18.57600063085556, 17.022399604320526, 17.692799866199493, 16.91039949655533, 16.0848006606102]"
allgather,tma_sym,4,262144,65536,65536,32,16384,graph,20,5,17.123199999332428,15.825599431991577,18.04639995098114,14,229600,1,14,152,64,233472,232448,35,0,15.309287984151329,11.481965988113497,45.92786395245399,11.481965988113497,900.0,1.2757739986792775,True,"[17.987200617790222, 17.123199999332428, 16.53120070695877, 15.825599431991577, 18.04639995098114]"
allgather,tma_sym,4,262144,65536,65536,64,16384,graph,20,5,17.569600045681,17.35839992761612,18.353599309921265,14,229600,1,14,152,64,233472,232448,35,0,14.920316872235283,11.19023765417646,44.76095061670584,11.19023765417646,900.0,1.24335973935294,True,"[18.353599309921265, 17.399999499320984, 18.219199776649475, 17.35839992761612, 17.569600045681]"
allgather,tma_mc,4,262144,65536,65536,4,16384,graph,20,5,14.153599739074707,13.828800618648529,15.460799634456635,14,229600,1,14,152,64,233472,232448,22,0,18.52136593041296,13.891024447809718,55.56409779123887,4.63034148260324,900.0,1.5434471608677465,True,"[14.153599739074707, 13.828800618648529, 14.591999351978302, 13.995200395584106, 15.460799634456635]"
allgather,tma_mc,4,262144,65536,65536,8,16384,graph,20,5,14.851200580596924,14.337599277496338,15.807999670505524,14,229600,1,14,152,64,233472,232448,22,0,17.651367549536083,13.238525662152064,52.954102648608256,4.412841887384021,900.0,1.4709472957946736,True,"[14.851200580596924, 15.807999670505524, 14.497600495815277, 14.337599277496338, 15.212799608707428]"
allgather,tma_mc,4,262144,65536,65536,16,16384,graph,20,5,13.687999546527863,13.273599743843079,14.507199823856354,14,229600,1,14,152,64,233472,232448,22,0,19.151374100278677,14.363530575209008,57.45412230083603,4.787843525069669,900.0,1.5959478416898896,True,"[13.687999546527863, 14.507199823856354, 13.779200613498688, 13.32319974899292, 13.273599743843079]"
allgather,tma_mc,4,262144,65536,65536,32,16384,graph,20,5,14.57120031118393,13.916799426078796,14.830400049686432,14,229600,1,14,152,64,233472,232448,22,0,17.990556330407102,13.492917247805329,53.971668991221314,4.497639082601776,900.0,1.4992130275339255,True,"[14.572800695896149, 13.916799426078796, 14.57120031118393, 13.955199718475342, 14.830400049686432]"
allgather,tma_mc,4,262144,65536,65536,64,16384,graph,20,5,13.817599415779114,13.607999682426453,14.467200636863708,14,229600,1,14,152,64,233472,232448,22,0,18.971746980929456,14.22881023569709,56.91524094278836,4.742936745232364,900.0,1.5809789150774542,True,"[14.467200636863708, 13.734400272369385, 13.607999682426453, 14.273600280284882, 13.817599415779114]"
allgather,ce_sym,4,262144,65536,65536,0,0,graph,20,5,28.20799946784973,26.531198620796204,29.518398642539978,0,0,0,0,0,0,0,0,0,0,9.293250317123002,6.969937737842251,27.879750951369004,6.969937737842251,900.0,0.7744375264269168,True,"[28.61120104789734, 28.20799946784973, 27.811199426651, 26.531198620796204, 29.518398642539978]"
allgather,ce_mc,4,262144,65536,65536,0,0,graph,20,5,26.77760124206543,25.278401374816895,31.55680000782013,0,0,0,0,0,0,0,0,0,0,9.789674498109754,7.342255873582315,29.36902349432926,2.4474186245274385,900.0,0.8158062081758127,True,"[25.900799036026, 26.77760124206543, 27.297601103782654, 25.278401374816895, 31.55680000782013]"
allgather,nccl,4,524288,131072,131072,0,0,graph,20,5,25.011199712753296,23.664000630378723,25.446400046348572,0,0,0,0,0,0,0,0,0,0,20.96212920696738,15.721596905225535,62.88638762090214,15.721596905225535,900.0,1.7468441005806152,True,"[24.321599304676056, 23.664000630378723, 25.011199712753296, 25.444799661636353, 25.446400046348572]"
allgather,tma_sym,4,524288,131072,131072,4,16384,graph,20,5,21.731199324131012,20.53920030593872,22.515200078487396,14,229600,1,14,152,64,233472,232448,35,0,24.126049933093842,18.094537449820383,72.37814979928153,18.094537449820383,900.0,2.010504161091154,True,"[22.515200078487396, 20.53920030593872, 20.873600244522095, 21.731199324131012, 22.009600698947906]"
allgather,tma_sym,4,524288,131072,131072,8,16384,graph,20,5,21.828800439834595,21.15200012922287,23.75520020723343,14,229600,1,14,152,64,233472,232448,35,0,24.018177336178567,18.013633002133922,72.05453200853569,18.013633002133922,900.0,2.0015147780148803,True,"[21.828800439834595, 23.75520020723343, 23.201599717140198, 21.15200012922287, 21.57599925994873]"
allgather,tma_sym,4,524288,131072,131072,16,16384,graph,20,5,21.646399796009064,21.51840031147003,24.191999435424805,14,229600,1,14,152,64,233472,232448,35,0,24.22056346278251,18.165422597086888,72.66169038834755,18.165422597086888,900.0,2.0183802885652096,True,"[24.191999435424805, 21.540799736976624, 21.51840031147003, 22.280000150203705, 21.646399796009064]"
allgather,tma_sym,4,524288,131072,131072,32,16384,graph,20,5,21.743999421596527,20.110400021076202,22.414399683475494,14,229600,1,14,152,64,233472,232448,35,0,24.111847587673672,18.083885690755256,72.33554276302102,18.083885690755256,900.0,2.0093206323061397,True,"[20.110400021076202, 22.414399683475494, 21.743999421596527, 22.13760018348694, 21.345600485801697]"
allgather,tma_sym,4,524288,131072,131072,64,16384,graph,20,5,20.975999534130096,20.286400616168976,22.40000069141388,14,229600,1,14,152,64,233472,232448,35,0,24.994661119577632,18.74599583968322,74.98398335873289,18.74599583968322,900.0,2.0828884266314693,True,"[20.812800526618958, 20.975999534130096, 20.286400616168976, 22.40000069141388, 21.76479995250702]"
allgather,tma_mc,4,524288,131072,131072,4,16384,graph,20,5,14.315199851989746,13.808000087738037,21.953600645065308,14,229600,1,14,152,64,233472,232448,22,0,36.62456727260614,27.46842545445461,109.87370181781844,9.156141818151536,900.0,3.0520472727171786,True,"[16.739200055599213, 14.315199851989746, 13.963200151920319, 13.808000087738037, 21.953600645065308]"
allgather,tma_mc,4,524288,131072,131072,8,16384,graph,20,5,15.740799903869629,13.750399649143219,16.177600622177124,14,229600,1,14,152,64,233472,232448,22,0,33.30758304545324,24.980687284089928,99.92274913635971,8.32689576136331,900.0,2.7756319204544364,True,"[15.984000265598297, 13.750399649143219, 15.119999647140503, 15.740799903869629, 16.177600622177124]"
allgather,tma_mc,4,524288,131072,131072,16,16384,graph,20,5,15.385599434375763,14.654399454593658,17.428800463676453,14,229600,1,14,152,64,233472,232448,22,0,34.07654035426094,25.557405265695706,102.22962106278283,8.519135088565235,900.0,2.8397116961884117,True,"[14.654399454593658, 15.385599434375763, 15.031999349594116, 17.428800463676453, 16.289600729942322]"
allgather,tma_mc,4,524288,131072,131072,32,16384,graph,20,5,19.726400077342987,15.137599408626556,20.708799362182617,14,229600,1,14,152,64,233472,232448,22,0,26.577986756041607,19.933490067031205,79.73396026812482,6.644496689010402,900.0,2.214832229670134,True,"[19.883200526237488, 19.726400077342987, 15.137599408626556, 16.334399580955505, 20.708799362182617]"
allgather,tma_mc,4,524288,131072,131072,64,16384,graph,20,5,15.55200070142746,14.707200229167938,16.13280028104782,14,229600,1,14,152,64,233472,232448,22,0,33.7119326359005,25.283949476925383,101.13579790770153,8.427983158975126,900.0,2.809327719658376,True,"[15.55200070142746, 15.518400073051453, 15.691199898719788, 16.13280028104782, 14.707200229167938]"
allgather,ce_sym,4,524288,131072,131072,0,0,graph,20,5,28.521600365638733,27.17440128326416,29.286399483680725,0,0,0,0,0,0,0,0,0,0,18.38213821380211,13.786603660351583,55.14641464140633,13.786603660351583,900.0,1.5318448511501759,True,"[28.758400678634644, 28.521600365638733, 27.17440128326416, 28.363201022148132, 29.286399483680725]"
allgather,ce_mc,4,524288,131072,131072,0,0,graph,20,5,27.777600288391113,25.683200359344482,30.49600124359131,0,0,0,0,0,0,0,0,0,0,18.874488600770594,14.155866450577944,56.62346580231178,4.718622150192648,900.0,1.5728740500642162,True,"[30.49600124359131, 27.504000067710876, 27.777600288391113, 28.094398975372314, 25.683200359344482]"
allgather,nccl,4,1048576,262144,262144,0,0,graph,20,5,26.492801308631897,26.267200708389282,27.764800190925598,0,0,0,0,0,0,0,0,0,0,39.57965742408495,29.684743068063714,118.73897227225486,29.684743068063714,900.0,3.2983047853404126,True,"[26.305601000785828, 27.764800190925598, 26.927998661994934, 26.267200708389282, 26.492801308631897]"
allgather,tma_sym,4,1048576,262144,262144,4,16384,graph,20,5,27.806401252746582,27.52000093460083,28.204798698425293,14,229600,1,14,152,64,233472,232448,35,0,37.70987804099341,28.28240853074506,113.12963412298024,28.28240853074506,900.0,3.1424898367494505,True,"[27.692800760269165, 28.204798698425293, 27.52000093460083, 27.884799242019653, 27.806401252746582]"
allgather,tma_sym,4,1048576,262144,262144,8,16384,graph,20,5,27.030399441719055,26.88480019569397,28.61439883708954,14,229600,1,14,152,64,233472,232448,35,0,38.792471500869304,29.094353625651976,116.3774145026079,29.094353625651976,900.0,3.2327059584057753,True,"[27.830401062965393, 26.88480019569397, 26.948800683021545, 27.030399441719055, 28.61439883708954]"
allgather,tma_sym,4,1048576,262144,262144,16,16384,graph,20,5,27.484801411628723,26.85920000076294,31.15519881248474,14,229600,1,14,152,64,233472,232448,35,0,38.15112157064199,28.613341177981493,114.45336471192597,28.613341177981493,900.0,3.1792601308868322,True,"[27.484801411628723, 29.1375994682312, 31.15519881248474, 26.85920000076294, 26.972800493240356]"
allgather,tma_sym,4,1048576,262144,262144,32,16384,graph,20,5,27.41760015487671,27.275198698043823,28.55840027332306,14,229600,1,14,152,64,233472,232448,35,0,38.244630969771144,28.683473227328363,114.73389290931345,28.683473227328363,900.0,3.1870525808142625,True,"[27.345600724220276, 27.275198698043823, 27.539199590682983, 27.41760015487671, 28.55840027332306]"
allgather,tma_sym,4,1048576,262144,262144,64,16384,graph,20,5,27.323201298713684,26.611199975013733,27.843201160430908,14,229600,1,14,152,64,233472,232448,35,0,38.37676224452384,28.782571683392877,115.13028673357151,28.782571683392877,900.0,3.1980635203769863,True,"[27.129599452018738, 26.611199975013733, 27.323201298713684, 27.428799867630005, 27.843201160430908]"
allgather,tma_mc,4,1048576,262144,262144,4,16384,graph,20,5,17.377600073814392,16.099199652671814,18.678399920463562,14,229600,1,14,152,64,233472,232448,22,0,60.3406681904285,45.25550114282137,181.0220045712855,15.085167047607126,900.0,5.028389015869041,True,"[16.099199652671814, 17.75200068950653, 18.678399920463562, 17.14079976081848, 17.377600073814392]"
allgather,tma_mc,4,1048576,262144,262144,8,16384,graph,20,5,17.473599314689636,16.64000004529953,18.30880045890808,14,229600,1,14,152,64,233472,232448,22,0,60.009159024179255,45.00686926813444,180.02747707253775,15.002289756044814,900.0,5.000763252014938,True,"[16.79999977350235, 18.30880045890808, 17.828799784183502, 17.473599314689636, 16.64000004529953]"
allgather,tma_mc,4,1048576,262144,262144,16,16384,graph,20,5,16.76959991455078,16.21440052986145,18.188799917697906,14,229600,1,14,152,64,233472,232448,22,0,62.52838501472913,46.89628876104685,187.5851550441874,15.632096253682283,900.0,5.210698751227428,True,"[18.188799917697906, 16.76959991455078, 17.11360067129135, 16.21440052986145, 16.42400026321411]"
allgather,tma_mc,4,1048576,262144,262144,32,16384,graph,20,5,17.768000066280365,16.77599996328354,18.350400030612946,14,229600,1,14,152,64,233472,232448,22,0,59.01485795185017,44.26114346388762,177.04457385555048,14.753714487962542,900.0,4.917904829320847,True,"[17.80959963798523, 16.77599996328354, 17.62239933013916, 17.768000066280365, 18.350400030612946]"
allgather,tma_mc,4,1048576,262144,262144,64,16384,graph,20,5,17.393599450588226,16.281600296497345,18.07039976119995,14,229600,1,14,152,64,233472,232448,22,0,60.285164262796606,45.213873197097456,180.85549278838982,15.071291065699151,900.0,5.023763688566384,True,"[18.07039976119995, 16.90080016851425, 17.396800220012665, 16.281600296497345, 17.393599450588226]"
allgather,ce_sym,4,1048576,262144,262144,0,0,graph,20,5,29.00480031967163,28.110399842262268,35.260799527168274,0,0,0,0,0,0,0,0,0,0,36.15180895725164,27.113856717938727,108.45542687175491,27.113856717938727,900.0,3.0126507464376364,True,"[28.110399842262268, 28.510400652885437, 29.51520085334778, 35.260799527168274, 29.00480031967163]"
allgather,ce_mc,4,1048576,262144,262144,0,0,graph,20,5,25.777599215507507,25.31999945640564,28.171199560165405,0,0,0,0,0,0,0,0,0,0,40.67779901586758,30.50834926190068,122.03339704760272,10.169449753966894,900.0,3.389816584655631,True,"[27.568000555038452, 25.777599215507507, 25.364801287651062, 25.31999945640564, 28.171199560165405]"
allgather,nccl,4,2097152,524288,524288,0,0,graph,20,5,30.127999186515808,29.361599683761597,33.61760079860687,0,0,0,0,0,0,0,0,0,0,69.60807410465574,52.2060555784918,208.8242223139672,52.2060555784918,900.0,5.800672842054644,True,"[29.888001084327698, 33.61760079860687, 29.361599683761597, 30.127999186515808, 30.182400345802307]"
allgather,tma_sym,4,2097152,524288,524288,4,16384,graph,20,5,27.67679989337921,27.60159969329834,28.7663996219635,14,229600,1,14,152,64,233472,232448,35,0,75.77292201695893,56.82969151271919,227.31876605087675,56.82969151271919,900.0,6.31441016807991,True,"[27.60159969329834, 27.649599313735962, 28.74079942703247, 28.7663996219635, 27.67679989337921]"
allgather,tma_sym,4,2097152,524288,524288,8,16384,graph,20,5,27.633601427078247,26.94079875946045,29.305601119995117,14,229600,1,14,152,64,233472,232448,35,0,75.89137469229742,56.91853101922307,227.67412407689227,56.91853101922307,900.0,6.324281224358119,True,"[28.352001309394836, 29.305601119995117, 27.566400170326233, 26.94079875946045, 27.633601427078247]"
allgather,tma_sym,4,2097152,524288,524288,16,16384,graph,20,5,27.5983989238739,27.456000447273254,29.097598791122437,14,229600,1,14,152,64,233472,232448,35,0,75.98817619039,56.99113214279251,227.96452857117004,56.99113214279251,900.0,6.332348015865834,True,"[27.534401416778564, 28.064000606536865, 27.5983989238739, 29.097598791122437, 27.456000447273254]"
allgather,tma_sym,4,2097152,524288,524288,32,16384,graph,20,5,27.747198939323425,27.052798867225647,29.524800181388855,14,229600,1,14,152,64,233472,232448,35,0,75.58067409203993,56.68550556902995,226.7420222761198,56.68550556902995,900.0,6.298389507669995,True,"[28.6655992269516, 29.524800181388855, 27.12000012397766, 27.747198939323425, 27.052798867225647]"
allgather,tma_sym,4,2097152,524288,524288,64,16384,graph,20,5,27.632001042366028,26.444798707962036,28.508800268173218,14,229600,1,14,152,64,233472,232448,35,0,75.89577015376476,56.921827615323565,227.68731046129426,56.921827615323565,900.0,6.324647512813729,True,"[27.323201298713684, 28.176000714302063, 28.508800268173218, 26.444798707962036, 27.632001042366028]"
allgather,tma_mc,4,2097152,524288,524288,4,16384,graph,20,5,17.12000072002411,16.035200655460358,18.25760006904602,14,229600,1,14,152,64,233472,232448,22,0,122.49719110975872,91.87289333231902,367.4915733292761,30.62429777743968,900.0,10.208099259146557,True,"[17.033599317073822, 17.12000072002411, 17.452800273895264, 18.25760006904602, 16.035200655460358]"
allgather,tma_mc,4,2097152,524288,524288,8,16384,graph,20,5,17.14719980955124,16.15999937057495,17.761600017547607,14,229600,1,14,152,64,233472,232448,22,0,122.30288462795284,91.72716347096463,366.9086538838585,30.57572115698821,900.0,10.191907052329404,True,"[16.15999937057495, 17.761600017547607, 17.75359958410263, 16.15999937057495, 17.14719980955124]"
allgather,tma_mc,4,2097152,524288,524288,16,16384,graph,20,5,17.231999337673187,16.252799332141876,18.25920045375824,14,229600,1,14,152,64,233472,232448,22,0,121.70102603330157,91.27576952497617,365.1030780999047,30.425256508325393,900.0,10.141752169441796,True,"[17.231999337673187, 18.25920045375824, 17.934399843215942, 16.85439944267273, 16.252799332141876]"
allgather,tma_mc,4,2097152,524288,524288,32,16384,graph,20,5,17.17280000448227,15.974399447441101,17.817600071430206,14,229600,1,14,152,64,233472,232448,22,0,122.12056271852131,91.59042203889099,366.36168815556397,30.53014067963033,900.0,10.176713559876777,True,"[17.614400386810303, 16.993600130081177, 17.17280000448227, 17.817600071430206, 15.974399447441101]"
allgather,tma_mc,4,2097152,524288,524288,64,16384,graph,20,5,18.04479956626892,16.737599670886993,19.580799341201782,14,229600,1,14,152,64,233472,232448,22,0,116.21919059274,87.164392944555,348.65757177822,29.054797648185,900.0,9.684932549395,True,"[19.041599333286285, 19.580799341201782, 16.953599452972412, 18.04479956626892, 16.737599670886993]"
allgather,ce_sym,4,2097152,524288,524288,0,0,graph,20,5,28.536000847816467,28.388801217079163,35.86240112781525,0,0,0,0,0,0,0,0,0,0,73.49144721379103,55.11858541034327,220.4743416413731,55.11858541034327,900.0,6.1242872678159195,True,"[29.64319884777069, 28.536000847816467, 28.519999980926514, 35.86240112781525, 28.388801217079163]"
allgather,ce_mc,4,2097152,524288,524288,0,0,graph,20,5,26.451200246810913,26.14400088787079,26.80479884147644,0,0,0,0,0,0,0,0,0,0,79.28381247096124,59.46285935322093,237.8514374128837,19.82095311774031,900.0,6.606984372580103,True,"[26.153600215911865, 26.630398631095886, 26.14400088787079, 26.80479884147644, 26.451200246810913]"
allgather,nccl,4,4194304,1048576,1048576,0,0,graph,20,5,38.50080072879791,37.2079998254776,38.83360028266907,0,0,0,0,0,0,0,0,0,0,108.9406952739748,81.70552145548109,326.82208582192436,81.70552145548109,900.0,9.078391272831233,True,"[37.2079998254776, 38.83360028266907, 38.50080072879791, 38.58399987220764, 37.23199963569641]"
allgather,tma_sym,4,4194304,1048576,1048576,4,16384,graph,20,5,36.65919899940491,34.806400537490845,38.71200084686279,14,229600,1,14,152,64,233472,232448,35,0,114.41341094408763,85.81005820806573,343.2402328322629,85.81005820806573,900.0,9.534450912007303,True,"[36.72319948673248, 38.71200084686279, 34.806400537490845, 36.39200031757355, 36.65919899940491]"
allgather,tma_sym,4,4194304,1048576,1048576,8,16384,graph,20,5,28.137600421905518,26.655998826026917,28.42719852924347,14,229600,1,14,152,64,233472,232448,35,0,149.0640259691326,111.79801947684945,447.1920779073978,111.79801947684945,900.0,12.422002164094383,True,"[28.42719852924347, 26.655998826026917, 28.310400247573853, 27.086400985717773, 28.137600421905518]"
allgather,tma_sym,4,4194304,1048576,1048576,16,16384,graph,20,5,28.36480140686035,26.875200867652893,39.12799954414368,14,229600,1,14,152,64,233472,232448,35,0,147.87002876690542,110.90252157517908,443.6100863007163,110.90252157517908,900.0,12.32250239724212,True,"[39.12799954414368, 27.49119997024536, 26.875200867652893, 28.36480140686035, 30.5759996175766]"
allgather,tma_sym,4,4194304,1048576,1048576,32,16384,graph,20,5,28.352001309394836,27.559998631477356,28.652799129486084,14,229600,1,14,152,64,233472,232448,35,0,147.93678775015286,110.95259081261466,443.81036325045864,110.95259081261466,900.0,12.328065645846072,True,"[28.387200832366943, 28.652799129486084, 28.26719880104065, 27.559998631477356, 28.352001309394836]"
allgather,tma_sym,4,4194304,1048576,1048576,64,16384,graph,20,5,27.584001421928406,27.294400334358215,28.166401386260986,14,229600,1,14,152,64,233472,232448,35,0,152.05567661643394,114.04175746232546,456.16702984930185,114.04175746232546,900.0,12.671306384702829,True,"[28.166401386260986, 27.294400334358215, 28.12640070915222, 27.54560112953186, 27.584001421928406]"
allgather,tma_mc,4,4194304,1048576,1048576,4,16384,graph,20,5,20.40960043668747,18.367999792099,20.508800446987152,14,229600,1,14,152,64,233472,232448,22,0,205.50642395039196,154.129817962794,616.519271851176,51.37660598759799,900.0,17.12553532919933,True,"[18.960000574588776, 20.45920044183731, 20.508800446987152, 20.40960043668747, 18.367999792099]"
allgather,tma_mc,4,4194304,1048576,1048576,8,16384,graph,20,5,17.723199725151062,17.316800355911255,19.4255992770195,14,229600,1,14,152,64,233472,232448,22,0,236.65613800243116,177.49210350182338,709.9684140072935,59.16403450060779,900.0,19.72134483353593,True,"[18.73279958963394, 17.316800355911255, 19.4255992770195, 17.448000609874725, 17.723199725151062]"
allgather,tma_mc,4,4194304,1048576,1048576,16,16384,graph,20,5,18.86879950761795,18.004800379276276,19.840000569820404,14,229600,1,14,152,64,233472,232448,22,0,222.28780364678857,166.71585273509143,666.8634109403657,55.571950911697144,900.0,18.52398363723238,True,"[18.86879950761795, 19.02720034122467, 19.840000569820404, 18.70560050010681, 18.004800379276276]"
allgather,tma_mc,4,4194304,1048576,1048576,32,16384,graph,20,5,19.13439929485321,17.737600207328796,23.343999683856964,14,229600,1,14,152,64,233472,232448,22,0,219.20228251577188,164.4017118868289,657.6068475473156,54.80057062894297,900.0,18.26685687631432,True,"[23.343999683856964, 22.073599696159363, 18.92639994621277, 17.737600207328796, 19.13439929485321]"
allgather,tma_mc,4,4194304,1048576,1048576,64,16384,graph,20,5,20.59839963912964,17.473599314689636,25.60639977455139,14,229600,1,14,152,64,233472,232448,22,0,203.62280922214524,152.71710691660894,610.8684276664358,50.90570230553631,900.0,16.968567435178773,True,"[17.473599314689636, 21.081599593162537, 25.60639977455139, 20.59839963912964, 17.795200645923615]"
allgather,ce_sym,4,4194304,1048576,1048576,0,0,graph,20,5,37.5328004360199,36.96480095386505,42.94559955596924,0,0,0,0,0,0,0,0,0,0,111.75036105152344,83.81277078864258,335.2510831545703,83.81277078864258,900.0,9.312530087626953,True,"[36.96480095386505, 42.94559955596924, 37.5328004360199, 37.932801246643066, 37.067198753356934]"
allgather,ce_mc,4,4194304,1048576,1048576,0,0,graph,20,5,27.963200211524963,26.43199861049652,29.123198986053467,0,0,0,0,0,0,0,0,0,0,149.9937048790048,112.4952786592536,449.9811146370144,37.4984262197512,900.0,12.499475406583734,True,"[26.43199861049652, 29.123198986053467, 27.963200211524963, 27.28320062160492, 28.880000114440918]"
allgather,nccl,4,8388608,2097152,2097152,0,0,graph,20,5,64.14880156517029,63.359999656677246,65.18719792366028,0,0,0,0,0,0,0,0,0,0,130.76796129196293,98.07597096897221,392.30388387588886,98.07597096897221,900.0,10.89733010766358,True,"[65.18719792366028, 64.56480026245117, 63.359999656677246, 63.51040005683899, 64.14880156517029]"
allgather,tma_sym,4,8388608,2097152,2097152,4,16384,graph,20,5,57.12000131607056,56.00799918174744,59.48479771614075,14,229600,1,14,152,64,233472,232448,35,0,146.85938036979505,110.1445352773463,440.5781411093852,110.1445352773463,900.0,12.23828169748292,True,"[57.59199857711792, 57.12000131607056, 56.00799918174744, 56.81120157241821, 59.48479771614075]"
allgather,tma_sym,4,8388608,2097152,2097152,8,16384,graph,20,5,42.70240068435669,41.85760021209717,43.69120001792908,14,229600,1,14,152,64,233472,232448,35,0,196.44347543844358,147.3326065788327,589.3304263153308,147.3326065788327,900.0,16.3702896198703,True,"[43.69120001792908, 43.55680048465729, 41.90239906311035, 42.70240068435669, 41.85760021209717]"
allgather,tma_sym,4,8388608,2097152,2097152,16,16384,graph,20,5,28.507199883461,27.52000093460083,28.55519950389862,14,229600,1,14,152,64,233472,232448,35,0,294.2627839385521,220.69708795391404,882.7883518156561,220.69708795391404,900.0,24.521898661546004,True,"[28.55519950389862, 28.44640016555786, 28.519999980926514, 28.507199883461, 27.52000093460083]"
allgather,tma_sym,4,8388608,2097152,2097152,32,16384,graph,20,5,27.793601155281067,26.93760097026825,28.729599714279175,14,229600,1,14,152,64,233472,232448,35,0,301.817959937375,226.36346995303123,905.4538798121249,226.36346995303123,900.0,25.151496661447915,True,"[28.464001417160034, 27.793601155281067, 27.748799324035645, 26.93760097026825, 28.729599714279175]"
allgather,tma_sym,4,8388608,2097152,2097152,64,16384,graph,20,5,27.43839919567108,26.705598831176758,28.497600555419922,14,229600,1,14,152,64,233472,232448,35,0,305.72512412908765,229.29384309681575,917.175372387263,229.29384309681575,900.0,25.477093677423973,True,"[26.99199914932251, 26.705598831176758, 28.497600555419922, 27.43839919567108, 28.164801001548767]"
allgather,tma_mc,4,8388608,2097152,2097152,4,16384,graph,20,5,25.828799605369568,25.174400210380554,26.3839989900589,14,229600,1,14,152,64,233472,232448,22,0,324.7773078179013,243.58298086342597,974.3319234537039,81.19432695447533,900.0,27.064775651491775,True,"[26.3839989900589, 25.380799174308777, 25.828799605369568, 25.174400210380554, 25.839999318122864]"
allgather,tma_mc,4,8388608,2097152,2097152,8,16384,graph,20,5,24.105599522590637,23.904000222682953,25.230398774147034,14,229600,1,14,152,64,233472,232448,22,0,347.9941659255805,260.99562444418535,1043.9824977767414,86.99854148139512,900.0,28.999513827131707,True,"[24.105599522590637, 25.230398774147034, 24.028800427913666, 23.904000222682953, 24.27999973297119]"
allgather,tma_mc,4,8388608,2097152,2097152,16,16384,graph,20,5,24.07519966363907,23.161600530147552,25.016000866889954,14,229600,1,14,152,64,233472,232448,22,0,348.4335796670201,261.3251847502651,1045.3007390010605,87.10839491675503,900.0,29.036131638918345,True,"[25.016000866889954, 24.191999435424805, 23.572799563407898, 23.161600530147552, 24.07519966363907]"
allgather,tma_mc,4,8388608,2097152,2097152,32,16384,graph,20,5,24.25920069217682,23.846399784088135,24.86560046672821,14,229600,1,14,152,64,233472,232448,22,0,345.7907829051096,259.34308717883226,1037.372348715329,86.4476957262774,900.0,28.81589857542581,True,"[24.238400161266327, 23.846399784088135, 24.86560046672821, 24.830399453639984, 24.25920069217682]"
allgather,tma_mc,4,8388608,2097152,2097152,64,16384,graph,20,5,24.247999489307404,23.228800296783447,24.558399617671967,14,229600,1,14,152,64,233472,232448,22,0,345.95051866852396,259.46288900139297,1037.8515560055719,86.48762966713099,900.0,28.82920988904366,True,"[24.513599276542664, 24.247999489307404, 23.91200065612793, 23.228800296783447, 24.558399617671967]"
allgather,ce_sym,4,8388608,2097152,2097152,0,0,graph,20,5,40.935999155044556,40.721601247787476,42.345601320266724,0,0,0,0,0,0,0,0,0,0,204.92007458345546,153.69005593759158,614.7602237503663,153.69005593759158,900.0,17.076672881954618,True,"[40.883201360702515, 41.68959856033325, 40.935999155044556, 40.721601247787476, 42.345601320266724]"
allgather,ce_mc,4,8388608,2097152,2097152,0,0,graph,20,5,29.332798719406128,28.24000120162964,30.849599838256836,0,0,0,0,0,0,0,0,0,0,285.98048485739025,214.4853636430427,857.9414545721708,71.49512121434756,900.0,23.831707071449188,True,"[29.17119860649109, 29.332798719406128, 29.438400268554688, 30.849599838256836, 28.24000120162964]"
allgather,nccl,4,16777216,4194304,4194304,0,0,graph,20,5,70.8624005317688,69.84000205993652,71.46080136299133,0,0,0,0,0,0,0,0,0,0,236.75765813886724,177.56824360415044,710.2729744166018,177.56824360415044,900.0,19.729804844905605,True,"[71.2224006652832, 69.84000205993652, 71.46080136299133, 70.8624005317688, 70.5456018447876]"
allgather,tma_sym,4,16777216,4194304,4194304,4,16384,graph,20,5,86.4080011844635,86.06240153312683,87.00799942016602,14,229600,1,14,152,64,233472,232448,35,0,194.16276004561263,145.6220700342095,582.488280136838,145.6220700342095,900.0,16.180230003801054,True,"[87.00799942016602, 86.06240153312683, 86.61440014839172, 86.4080011844635, 86.2384021282196]"
allgather,tma_sym,4,16777216,4194304,4194304,8,16384,graph,20,5,57.20319747924805,56.24319911003113,58.271998167037964,14,229600,1,14,152,64,233472,232448,35,0,293.29157703267157,219.96868277450363,879.8747310980145,219.96868277450363,900.0,24.44096475272263,True,"[58.07520151138306, 58.271998167037964, 56.24319911003113, 56.519997119903564, 57.20319747924805]"
allgather,tma_sym,4,16777216,4194304,4194304,16,16384,graph,20,5,45.03999948501587,43.74240040779114,45.67359983921051,14,229600,1,14,152,64,233472,232448,35,0,372.4959190015428,279.37193925115713,1117.4877570046285,279.37193925115713,900.0,31.041326583461903,True,"[44.651201367378235, 43.74240040779114, 45.67359983921051, 45.03999948501587, 45.25760114192963]"
allgather,tma_sym,4,16777216,4194304,4194304,32,16384,graph,20,5,34.915199875831604,34.379199147224426,35.6112003326416,14,229600,1,14,152,64,233472,232448,35,0,480.51324522456,360.3849339184201,1441.5397356736803,360.3849339184201,900.0,40.04277043538001,True,"[35.280001163482666, 34.379199147224426, 35.6112003326416, 34.915199875831604, 34.382399916648865]"
allgather,tma_sym,4,16777216,4194304,4194304,64,16384,graph,20,5,33.134400844573975,32.82079994678497,34.78719890117645,14,229600,1,14,152,64,233472,232448,35,0,506.3382941100444,379.7537205825333,1519.014882330133,379.7537205825333,900.0,42.194857842503694,True,"[34.78719890117645, 33.20800065994263, 32.82079994678497, 33.134400844573975, 33.04480016231537]"
allgather,tma_mc,4,16777216,4194304,4194304,4,16384,graph,20,5,37.164801359176636,35.88959872722626,37.726399302482605,14,229600,1,14,152,64,233472,232448,22,0,451.42757088509,338.5706781638175,1354.28271265527,112.8568927212725,900.0,37.61896424042416,True,"[37.25920021533966, 37.726399302482605, 36.70560121536255, 37.164801359176636, 35.88959872722626]"
allgather,tma_mc,4,16777216,4194304,4194304,8,16384,graph,20,5,36.35840117931366,35.77600121498108,36.72640025615692,14,229600,1,14,152,64,233472,232448,22,0,461.43987237660775,346.0799042824558,1384.3196171298232,115.35996809415194,900.0,38.45332269805065,True,"[36.72640025615692, 36.71039938926697, 36.318400502204895, 36.35840117931366, 35.77600121498108]"
allgather,tma_mc,4,16777216,4194304,4194304,16,16384,graph,20,5,36.22879981994629,35.71360111236572,37.164801359176636,14,229600,1,14,152,64,233472,232448,22,0,463.09058217167495,347.31793662875623,1389.271746515025,115.77264554291874,900.0,38.59088184763958,True,"[35.79840064048767, 36.73279881477356, 36.22879981994629, 35.71360111236572, 37.164801359176636]"
allgather,tma_mc,4,16777216,4194304,4194304,32,16384,graph,20,5,35.63520014286041,35.14559864997864,37.29439973831177,14,229600,1,14,152,64,233472,232448,22,0,470.8045958137084,353.1034468602813,1412.4137874411251,117.7011489534271,900.0,39.233716317809034,True,"[37.29439973831177, 35.14559864997864, 35.37119925022125, 36.14239990711212, 35.63520014286041]"
allgather,tma_mc,4,16777216,4194304,4194304,64,16384,graph,20,5,36.742401123046875,35.53439974784851,37.6800000667572,14,229600,1,14,152,64,233472,232448,22,0,456.6173001000852,342.46297507506387,1369.8519003002555,114.1543250250213,900.0,38.0514416750071,True,"[36.742401123046875, 37.02720105648041, 37.6800000667572, 36.396801471710205, 35.53439974784851]"
allgather,ce_sym,4,16777216,4194304,4194304,0,0,graph,20,5,51.64639949798584,50.918400287628174,54.22559976577759,0,0,0,0,0,0,0,0,0,0,324.8477369783405,243.63580273375536,974.5432109350214,243.63580273375536,900.0,27.07064474819504,True,"[54.22559976577759, 51.57120227813721, 50.918400287628174, 51.64639949798584, 52.404797077178955]"
allgather,ce_mc,4,16777216,4194304,4194304,0,0,graph,20,5,42.59519875049591,41.91359877586365,43.592000007629395,0,0,0,0,0,0,0,0,0,0,393.8757534217321,295.4068150662991,1181.6272602651964,98.46893835543302,900.0,32.82297945181101,True,"[43.27999949455261, 41.91359877586365, 42.01599955558777, 43.592000007629395, 42.59519875049591]"
allgather,nccl,4,33554432,8388608,8388608,0,0,graph,20,5,82.67679810523987,82.30239748954773,84.26719903945923,0,0,0,0,0,0,0,0,0,0,405.85064696492395,304.38798522369297,1217.5519408947719,304.38798522369297,900.0,33.820887247076996,True,"[84.17279720306396, 82.30239748954773, 82.66879916191101, 84.26719903945923, 82.67679810523987]"
allgather,tma_sym,4,33554432,8388608,8388608,4,16384,graph,20,5,155.58719635009766,154.56479787826538,156.29119873046875,14,229600,1,14,152,64,233472,232448,35,0,215.66319586154646,161.74739689615987,646.9895875846395,161.74739689615987,900.0,17.971932988462207,True,"[155.3056001663208, 156.29119873046875, 156.01439476013184, 154.56479787826538, 155.58719635009766]"
allgather,tma_sym,4,33554432,8388608,8388608,8,16384,graph,20,5,87.55360245704651,86.98880076408386,88.29759955406189,14,229600,1,14,152,64,233472,232448,35,0,383.2444474967399,287.4333356225549,1149.7333424902197,287.4333356225549,900.0,31.937037291394994,True,"[87.74719834327698, 86.98880076408386, 87.4783992767334, 87.55360245704651, 88.29759955406189]"
allgather,tma_sym,4,33554432,8388608,8388608,16,16384,graph,20,5,65.15520215034485,63.71520161628723,67.2544002532959,14,229600,1,14,152,64,233472,232448,35,0,514.9923704107855,386.2442778080891,1544.9771112323565,386.2442778080891,900.0,42.91603086756546,True,"[65.15520215034485, 63.83039951324463, 65.44640064239502, 63.71520161628723, 67.2544002532959]"
allgather,tma_sym,4,33554432,8388608,8388608,32,16384,graph,20,5,59.750401973724365,59.201598167419434,60.93760132789612,14,229600,1,14,152,64,233472,232448,35,0,561.5766738231449,421.18250536735866,1684.7300214694346,421.18250536735866,900.0,46.79805615192874,True,"[59.2848002910614, 60.363197326660156, 60.93760132789612, 59.750401973724365, 59.201598167419434]"
allgather,tma_sym,4,33554432,8388608,8388608,64,16384,graph,20,5,50.00640153884888,49.01599884033203,51.06239914894104,14,229600,1,14,152,64,233472,232448,35,0,671.0027309989962,503.25204824924714,2013.0081929969886,503.25204824924714,900.0,55.916894249916346,True,"[50.361597537994385, 51.06239914894104, 50.00640153884888, 49.01599884033203, 49.508801102638245]"
allgather,tma_mc,4,33554432,8388608,8388608,4,16384,graph,20,5,59.884798526763916,59.31839942932129,60.233598947525024,14,229600,1,14,152,64,233472,232448,22,0,560.316354491929,420.2372658689468,1680.9490634757872,140.07908862298225,900.0,46.69302954099408,True,"[59.31839942932129, 60.233598947525024, 59.68639850616455, 59.884798526763916, 59.995198249816895]"
allgather,tma_mc,4,33554432,8388608,8388608,8,16384,graph,20,5,60.263997316360474,59.6015989780426,60.7151985168457,14,229600,1,14,152,64,233472,232448,22,0,556.7906792483983,417.59300943629876,1670.372037745195,139.19766981209958,900.0,46.39922327069986,True,"[60.7151985168457, 60.263997316360474, 60.06079912185669, 60.518401861190796, 59.6015989780426]"
allgather,tma_mc,4,33554432,8388608,8388608,16,16384,graph,20,5,59.94719862937927,59.76639986038208,60.93760132789612,14,229600,1,14,152,64,233472,232448,22,0,559.7331112576034,419.79983344320254,1679.1993337728102,139.93327781440084,900.0,46.644425938133615,True,"[59.94240045547485, 60.019201040267944, 59.76639986038208, 59.94719862937927, 60.93760132789612]"
allgather,tma_mc,4,33554432,8388608,8388608,32,16384,graph,20,5,59.39520001411438,58.956801891326904,60.05439758300781,14,229600,1,14,152,64,233472,232448,22,0,564.9350787946887,423.70130909601653,1694.8052363840661,141.23376969867218,900.0,47.077923232890726,True,"[58.956801891326904, 59.09759998321533, 59.39520001411438, 59.960001707077026, 60.05439758300781]"
allgather,tma_mc,4,33554432,8388608,8388608,64,16384,graph,20,5,60.31200289726257,59.324800968170166,60.544002056121826,14,229600,1,14,152,64,233472,232448,22,0,556.3474994713359,417.2606246035019,1669.0424984140077,139.08687486783398,900.0,46.36229162261132,True,"[59.489601850509644, 60.38240194320679, 59.324800968170166, 60.31200289726257, 60.544002056121826]"
allgather,ce_sym,4,33554432,8388608,8388608,0,0,graph,20,5,71.46559953689575,69.48639750480652,72.43520021438599,0,0,0,0,0,0,0,0,0,0,469.5186525746105,352.1389894309579,1408.5559577238316,352.1389894309579,900.0,39.126554381217545,True,"[70.27519941329956, 72.43520021438599, 71.46559953689575, 72.07840085029602, 69.48639750480652]"
allgather,ce_mc,4,33554432,8388608,8388608,0,0,graph,20,5,65.47840237617493,64.5039975643158,65.99680185317993,0,0,0,0,0,0,0,0,0,0,512.4503772591918,384.33778294439384,1537.3511317775753,128.11259431479795,900.0,42.70419810493265,True,"[65.99680185317993, 64.99040126800537, 65.56159853935242, 65.47840237617493, 64.5039975643158]"
allgather,nccl,4,67108864,16777216,16777216,0,0,graph,20,5,120.96480131149292,120.25920152664185,123.5152006149292,0,0,0,0,0,0,0,0,0,0,554.7800953038391,416.0850714778793,1664.3402859115172,416.0850714778793,900.0,46.23167460865326,True,"[121.88479900360107, 120.96480131149292, 123.5152006149292, 120.81120014190674, 120.25920152664185]"
allgather,tma_sym,4,67108864,16777216,16777216,4,16384,graph,20,5,295.48161029815674,294.6847915649414,296.3279962539673,14,229600,1,14,152,64,233472,232448,35,0,227.11688870344105,170.33766652758078,681.3506661103231,170.33766652758078,900.0,18.926407391953422,True,"[295.6048011779785, 296.3279962539673, 295.48161029815674, 294.6847915649414, 295.07200717926025]"
allgather,tma_sym,4,67108864,16777216,16777216,8,16384,graph,20,5,161.9920015335083,160.71840524673462,162.6431941986084,14,229600,1,14,152,64,233472,232448,35,0,414.2727009031889,310.7045256773917,1242.8181027095668,310.7045256773917,900.0,34.52272507526574,True,"[162.0784044265747, 160.71840524673462, 161.9920015335083, 162.6431941986084, 161.52479648590088]"
allgather,tma_sym,4,67108864,16777216,16777216,16,16384,graph,20,5,100.00799894332886,99.2688000202179,100.65280199050903,14,229600,1,14,152,64,233472,232448,35,0,671.0349642934893,503.276223220117,2013.104892880468,503.276223220117,900.0,55.91958035779078,True,"[100.65280199050903, 100.00799894332886, 99.8416006565094, 99.2688000202179, 100.54880380630493]"
allgather,tma_sym,4,67108864,16777216,16777216,32,16384,graph,20,5,95.35840153694153,94.83839869499207,95.86880207061768,14,229600,1,14,152,64,233472,232448,35,0,703.7540784909471,527.8155588682102,2111.262235472841,527.8155588682102,900.0,58.64617320757891,True,"[94.83839869499207, 95.77440023422241, 95.35840153694153, 95.86880207061768, 95.31999826431274]"
allgather,tma_sym,4,67108864,16777216,16777216,64,16384,graph,20,5,92.95840263366699,92.33440160751343,93.12800168991089,14,229600,1,14,152,64,233472,232448,35,0,721.9235926897802,541.4426945173352,2165.770778069341,541.4426945173352,900.0,60.16029939081502,True,"[92.95840263366699, 92.86879897117615, 93.12800168991089, 93.04959774017334, 92.33440160751343]"
allgather,tma_mc,4,67108864,16777216,16777216,4,16384,graph,20,5,107.56800174713135,106.2351942062378,108.25439691543579,14,229600,1,14,152,64,233472,232448,22,0,623.873855700677,467.9053917755078,1871.6215671020311,155.96846392516926,900.0,51.98948797505643,True,"[108.25439691543579, 106.2351942062378, 108.15039873123169, 106.26720190048218, 107.56800174713135]"
allgather,tma_mc,4,67108864,16777216,16777216,8,16384,graph,20,5,106.76640272140503,105.87999820709229,107.7631950378418,14,229600,1,14,152,64,233472,232448,22,0,628.5578823435034,471.4184117576275,1885.67364703051,157.13947058587584,900.0,52.37982352862528,True,"[106.76640272140503, 105.87999820709229, 106.21119737625122, 107.7631950378418, 107.40959644317627]"
allgather,tma_mc,4,67108864,16777216,16777216,16,16384,graph,20,5,107.13599920272827,106.0960054397583,107.315194606781,14,229600,1,14,152,64,233472,232448,22,0,626.3894909218436,469.79211819138266,1879.1684727655306,156.5973727304609,900.0,52.19912424348696,True,"[107.315194606781, 107.13599920272827, 106.21600151062012, 106.0960054397583, 107.1984052658081]"
allgather,tma_mc,4,67108864,16777216,16777216,32,16384,graph,20,5,107.5935959815979,107.21280574798584,117.3967957496643,14,229600,1,14,152,64,233472,232448,22,0,623.7254493425228,467.7940870068921,1871.1763480275683,155.9313623356307,900.0,51.977120778543565,True,"[107.37279653549194, 117.3967957496643, 107.21280574798584, 107.60639905929565, 107.5935959815979]"
allgather,tma_mc,4,67108864,16777216,16777216,64,16384,graph,20,5,106.81600570678711,106.08960390090942,107.87520408630371,14,229600,1,14,152,64,233472,232448,22,0,628.2659939954663,471.1994954965997,1884.7979819863988,157.06649849886657,900.0,52.35549949962219,True,"[107.8160047531128, 107.87520408630371, 106.81600570678711, 106.11840486526489, 106.08960390090942]"
allgather,ce_sym,4,67108864,16777216,16777216,0,0,graph,20,5,107.01760053634644,106.74400329589844,109.17279720306396,0,0,0,0,0,0,0,0,0,0,627.0824954368865,470.3118715776649,1881.2474863106595,470.3118715776649,900.0,52.25687461974054,True,"[108.50720405578613, 106.96959495544434, 107.01760053634644, 109.17279720306396, 106.74400329589844]"
allgather,ce_mc,4,67108864,16777216,16777216,0,0,graph,20,5,107.86880254745483,107.18400478363037,110.19680500030518,0,0,0,0,0,0,0,0,0,0,622.1341334578802,466.60060009341015,1866.4024003736406,155.53353336447006,900.0,51.84451112149002,True,"[107.86880254745483, 110.19680500030518, 109.69439744949341, 107.1903944015503, 107.18400478363037]"
allgather,nccl,4,134217728,33554432,33554432,0,0,graph,20,5,211.17119789123535,209.62560176849365,221.561598777771,0,0,0,0,0,0,0,0,0,0,635.5872833999332,476.69046254995,1906.7618501998,476.69046254995,900.0,52.965606949994445,True,"[211.17119789123535, 221.561598777771, 209.62560176849365, 210.70239543914795, 211.36798858642578]"
allgather,tma_sym,4,134217728,33554432,33554432,4,16384,graph,20,5,564.4415855407715,564.302396774292,565.5488014221191,14,229600,1,14,152,64,233472,232448,35,0,237.7885177815358,178.34138833615185,713.3655533446074,178.34138833615185,900.0,19.81570981512798,True,"[564.7615909576416, 564.4415855407715, 564.4224166870117, 564.302396774292, 565.5488014221191]"
allgather,tma_sym,4,134217728,33554432,33554432,8,16384,graph,20,5,296.28639221191406,295.56798934936523,297.19998836517334,14,229600,1,14,152,64,233472,232448,35,0,452.99997410614435,339.74998057960823,1358.999922318433,339.74998057960823,900.0,37.74999784217869,True,"[296.88799381256104, 296.22719287872314, 297.19998836517334, 296.28639221191406, 295.56798934936523]"
allgather,tma_sym,4,134217728,33554432,33554432,16,16384,graph,20,5,183.54400396347046,181.6480040550232,184.73119735717773,14,229600,1,14,152,64,233472,232448,35,0,731.2564022887528,548.4423017165647,2193.7692068662586,548.4423017165647,900.0,60.93803352406274,True,"[184.73119735717773, 183.54400396347046, 184.54240560531616, 181.6480040550232, 183.39680433273315]"
allgather,tma_sym,4,134217728,33554432,33554432,32,16384,graph,20,5,169.45600509643555,168.42399835586548,170.1583981513977,14,229600,1,14,152,64,233472,232448,35,0,792.05058518651,594.0379388898825,2376.15175555953,594.0379388898825,900.0,66.00421543220916,True,"[168.62239837646484, 169.97439861297607, 168.42399835586548, 169.45600509643555, 170.1583981513977]"
allgather,tma_sym,4,134217728,33554432,33554432,64,16384,graph,20,5,162.27840185165405,161.57439947128296,163.3455991744995,14,229600,1,14,152,64,233472,232448,35,0,827.0831267040356,620.3123450280267,2481.249380112107,620.3123450280267,900.0,68.92359389200297,True,"[162.31839656829834, 162.27840185165405, 163.3455991744995, 161.99519634246826, 161.57439947128296]"
allgather,tma_mc,4,134217728,33554432,33554432,4,16384,graph,20,5,202.09760665893555,200.72638988494873,203.1264066696167,14,229600,1,14,152,64,233472,232448,22,0,664.1232927934117,498.0924695950588,1992.3698783802351,166.03082319835292,900.0,55.34360773278431,True,"[203.1264066696167, 202.18079090118408, 200.76160430908203, 200.72638988494873, 202.09760665893555]"
allgather,tma_mc,4,134217728,33554432,33554432,8,16384,graph,20,5,201.4064073562622,200.600004196167,202.39999294281006,14,229600,1,14,152,64,233472,232448,22,0,666.4024732966215,499.8018549724661,1999.2074198898645,166.60061832415536,900.0,55.53353944138513,True,"[202.39999294281006, 200.817608833313, 202.0479917526245, 200.600004196167, 201.4064073562622]"
allgather,tma_mc,4,134217728,33554432,33554432,16,16384,graph,20,5,201.63679122924805,201.25761032104492,202.37760543823242,14,229600,1,14,152,64,233472,232448,22,0,665.6410627334526,499.2307970500895,1996.923188200358,166.41026568336315,900.0,55.47008856112106,True,"[202.37760543823242, 201.475191116333, 201.25761032104492, 202.0672082901001, 201.63679122924805]"
allgather,tma_mc,4,134217728,33554432,33554432,32,16384,graph,20,5,202.06239223480225,201.01120471954346,202.6815891265869,14,229600,1,14,152,64,233472,232448,22,0,664.2390328826513,498.1792746619885,1992.717098647954,166.05975822066281,900.0,55.35325274022094,True,"[202.6815891265869, 202.1087884902954, 201.10719203948975, 201.01120471954346, 202.06239223480225]"
allgather,tma_mc,4,134217728,33554432,33554432,64,16384,graph,20,5,201.79040431976318,200.7711887359619,202.73120403289795,14,229600,1,14,152,64,233472,232448,22,0,665.134342995391,498.85075724654325,1995.403028986173,166.28358574884774,900.0,55.42786191628258,True,"[200.7711887359619, 202.6319980621338, 201.46560668945312, 202.73120403289795, 201.79040431976318]"
allgather,ce_sym,4,134217728,33554432,33554432,0,0,graph,20,5,190.009605884552,189.41760063171387,191.88799858093262,0,0,0,0,0,0,0,0,0,0,706.3733824149365,529.7800368112023,2119.1201472448092,529.7800368112023,900.0,58.86444853457803,True,"[189.58239555358887, 189.41760063171387, 190.009605884552, 190.2959942817688, 191.88799858093262]"
allgather,ce_mc,4,134217728,33554432,33554432,0,0,graph,20,5,198.81919622421265,198.27200174331665,199.5471954345703,0,0,0,0,0,0,0,0,0,0,675.0742913608796,506.3057185206596,2025.2228740826383,168.7685728402199,900.0,56.256190946739956,True,"[199.5471954345703, 198.27200174331665, 198.81919622421265, 198.88960123062134, 198.52319955825806]"
allgather,nccl,4,268435456,67108864,67108864,0,0,graph,20,5,385.78240871429443,384.99040603637695,388.52479457855225,0,0,0,0,0,0,0,0,0,0,695.8208822808193,521.8656617106145,2087.462646842458,521.8656617106145,900.0,57.98507352340161,True,"[385.96320152282715, 388.52479457855225, 384.99040603637695, 385.42559146881104, 385.78240871429443]"
allgather,tma_sym,4,268435456,67108864,67108864,4,16384,graph,20,5,1109.3551635742188,1108.6048126220703,1113.0816459655762,14,229600,1,14,152,64,233472,232448,35,0,241.97431518246228,181.4807363868467,725.9229455473868,181.4807363868467,900.0,20.164526265205186,True,"[1113.0816459655762, 1109.3551635742188, 1108.6048126220703, 1109.398365020752, 1108.9455604553223]"
allgather,tma_sym,4,268435456,67108864,67108864,8,16384,graph,20,5,564.3136024475098,563.7328147888184,565.2544021606445,14,229600,1,14,152,64,233472,232448,35,0,475.68489371115027,356.7636702833627,1427.054681133451,356.7636702833627,900.0,39.64040780926253,True,"[565.2544021606445, 564.1600131988525, 563.7328147888184, 564.9040222167969, 564.3136024475098]"
allgather,tma_sym,4,268435456,67108864,67108864,16,16384,graph,20,5,359.2463970184326,358.03840160369873,374.3920087814331,14,229600,1,14,152,64,233472,232448,35,0,747.2182274558116,560.4136705918587,2241.654682367435,560.4136705918587,900.0,62.26818562131763,True,"[358.73279571533203, 374.3920087814331, 359.2463970184326, 358.03840160369873, 363.1311893463135]"
allgather,tma_sym,4,268435456,67108864,67108864,32,16384,graph,20,5,317.4191951751709,316.55359268188477,318.6336040496826,14,229600,1,14,152,64,233472,232448,35,0,845.6812318859963,634.2609239144971,2537.0436956579883,634.2609239144971,900.0,70.47343599049968,True,"[317.142391204834, 318.6336040496826, 318.556809425354, 317.4191951751709, 316.55359268188477]"
allgather,tma_sym,4,268435456,67108864,67108864,64,16384,graph,20,5,303.94880771636963,303.80640029907227,309.33918952941895,14,229600,1,14,152,64,233472,232448,35,0,883.1600887557718,662.3700665668288,2649.480266267315,662.3700665668288,900.0,73.59667406298097,True,"[303.80640029907227, 304.55520153045654, 303.88479232788086, 309.33918952941895, 303.94880771636963]"
allgather,tma_mc,4,268435456,67108864,67108864,4,16384,graph,20,5,388.05599212646484,386.6159915924072,389.9424076080322,14,229600,1,14,152,64,233472,232448,22,0,691.7441334407192,518.8081000805395,2075.232400322158,172.9360333601798,900.0,57.64534445339328,True,"[386.8272066116333, 389.9424076080322, 389.91360664367676, 386.6159915924072, 388.05599212646484]"
allgather,tma_mc,4,268435456,67108864,67108864,8,16384,graph,20,5,388.0768060684204,386.7487907409668,394.62881088256836,14,229600,1,14,152,64,233472,232448,22,0,691.7070327379295,518.7802745534472,2075.1210982137886,172.92675818448237,900.0,57.64225272816079,True,"[387.558388710022, 388.0768060684204, 386.7487907409668, 388.1903886795044, 394.62881088256836]"
allgather,tma_mc,4,268435456,67108864,67108864,16,16384,graph,20,5,387.23840713500977,385.82561016082764,387.6543998718262,14,229600,1,14,152,64,233472,232448,22,0,693.2046280895134,519.903471067135,2079.61388426854,173.30115702237836,900.0,57.76705234079278,True,"[387.6543998718262, 387.23840713500977, 387.55040168762207, 386.7311954498291, 385.82561016082764]"
allgather,tma_mc,4,268435456,67108864,67108864,32,16384,graph,20,5,387.2175931930542,386.299204826355,390.5184030532837,14,229600,1,14,152,64,233472,232448,22,0,693.2418896219076,519.9314172164308,2079.725668865723,173.3104724054769,900.0,57.770157468492314,True,"[387.2175931930542, 386.90080642700195, 387.8704071044922, 390.5184030532837, 386.299204826355]"
allgather,tma_mc,4,268435456,67108864,67108864,64,16384,graph,20,5,388.25440406799316,387.5472068786621,407.8767776489258,14,229600,1,14,152,64,233472,232448,22,0,691.3906273500768,518.5429705125576,2074.1718820502306,172.8476568375192,900.0,57.6158856125064,True,"[389.34240341186523, 387.5472068786621, 388.25440406799316, 407.8767776489258, 387.77599334716797]"
allgather,ce_sym,4,268435456,67108864,67108864,0,0,graph,20,5,328.97119522094727,327.3168087005615,330.96001148223877,0,0,0,0,0,0,0,0,0,0,815.9846816366717,611.9885112275036,2447.9540449100145,611.9885112275036,900.0,67.99872346972262,True,"[330.96001148223877, 327.3168087005615, 328.49600315093994, 329.31039333343506, 328.97119522094727]"
allgather,ce_mc,4,268435456,67108864,67108864,0,0,graph,20,5,368.7407970428467,368.28479766845703,375.3103971481323,0,0,0,0,0,0,0,0,0,0,727.9787269343254,545.984045200744,2183.936180802976,181.99468173358136,900.0,60.664893911193786,True,"[369.7103977203369, 368.6784029006958, 368.7407970428467, 368.28479766845703, 375.3103971481323]"
allgather,nccl,4,536870912,134217728,134217728,0,0,graph,20,5,730.9887886047363,730.2383899688721,734.7487926483154,0,0,0,0,0,0,0,0,0,0,734.4447963760759,550.833597282057,2203.334389128228,550.833597282057,900.0,61.20373303133967,True,"[730.2383899688721, 730.89599609375, 732.4719905853271, 734.7487926483154, 730.9887886047363]"
allgather,tma_sym,4,536870912,134217728,134217728,4,16384,graph,20,5,2199.742317199707,2198.102378845215,2200.76961517334,14,229600,1,14,152,64,233472,232448,35,0,244.06081921606247,183.04561441204683,732.1824576481873,183.04561441204683,900.0,20.33840160133854,True,"[2198.9648818969727, 2198.102378845215, 2200.067138671875, 2199.742317199707, 2200.76961517334]"
allgather,tma_sym,4,536870912,134217728,134217728,8,16384,graph,20,5,1115.7567977905273,1113.4448051452637,1119.102382659912,14,229600,1,14,152,64,233472,232448,35,0,481.1719839512843,360.87898796346326,1443.515951853853,360.87898796346326,900.0,40.097665329273696,True,"[1113.4448051452637, 1115.7567977905273, 1115.6415939331055, 1116.4735794067383, 1119.102382659912]"
allgather,tma_sym,4,536870912,134217728,134217728,16,16384,graph,20,5,690.6191825866699,689.2704010009766,700.4511833190918,14,229600,1,14,152,64,233472,232448,35,0,777.3761944885232,583.0321458663924,2332.1285834655696,583.0321458663924,900.0,64.78134954071027,True,"[690.6191825866699, 690.7199859619141, 689.2704010009766, 690.169620513916, 700.4511833190918]"
allgather,tma_sym,4,536870912,134217728,134217728,32,16384,graph,20,5,619.5600032806396,618.3551788330078,636.4751815795898,14,229600,1,14,152,64,233472,232448,35,0,866.5357820989224,649.9018365741919,2599.6073462967674,649.9018365741919,900.0,72.21131517491021,True,"[636.4751815795898, 619.3056106567383, 620.7903861999512, 618.3551788330078, 619.5600032806396]"
allgather,tma_sym,4,536870912,134217728,134217728,64,16384,graph,20,5,596.2431907653809,595.7503795623779,612.6224040985107,14,229600,1,14,152,64,233472,232448,35,0,900.4227139446803,675.3170354585103,2701.268141834041,675.3170354585103,900.0,75.0352261620567,True,"[597.1504211425781, 595.7568168640137, 595.7503795623779, 596.2431907653809, 612.6224040985107]"
allgather,tma_mc,4,536870912,134217728,134217728,4,16384,graph,20,5,763.420820236206,763.0559921264648,763.5183811187744,14,229600,1,14,152,64,233472,232448,22,0,703.2437389301089,527.4328041975816,2109.7312167903265,175.81093473252722,900.0,58.6036449108424,True,"[763.4672164916992, 763.1360054016113, 763.5183811187744, 763.420820236206, 763.0559921264648]"
allgather,tma_mc,4,536870912,134217728,134217728,8,16384,graph,20,5,763.5759830474854,761.8480205535889,764.1232013702393,14,229600,1,14,152,64,233472,232448,22,0,703.1008359604377,527.3256269703282,2109.302507881313,175.77520899010943,900.0,58.59173633003647,True,"[764.1232013702393, 763.0847930908203, 763.7279987335205, 763.5759830474854, 761.8480205535889]"
allgather,tma_mc,4,536870912,134217728,134217728,16,16384,graph,20,5,762.8032207489014,761.3039970397949,763.9520168304443,14,229600,1,14,152,64,233472,232448,22,0,703.8131164062382,527.8598373046788,2111.439349218715,175.95327910155956,900.0,58.65109303385319,True,"[762.8032207489014, 762.6688003540039, 761.3039970397949, 763.9520168304443, 762.8623962402344]"
allgather,tma_mc,4,536870912,134217728,134217728,32,16384,graph,20,5,762.1007919311523,762.0607852935791,783.7984085083008,14,229600,1,14,152,64,233472,232448,22,0,704.4618214338511,528.3463660753883,2113.3854643015534,176.11545535846278,900.0,58.70515178615426,True,"[764.7903919219971, 762.0768070220947, 762.0607852935791, 762.1007919311523, 783.7984085083008]"
allgather,tma_mc,4,536870912,134217728,134217728,64,16384,graph,20,5,762.9615783691406,762.1471881866455,764.2720222473145,14,229600,1,14,152,64,233472,232448,22,0,703.6670354326124,527.7502765744593,2111.0011062978374,175.9167588581531,900.0,58.638919619384374,True,"[764.2720222473145, 762.4415874481201, 762.1471881866455, 763.3408069610596, 762.9615783691406]"
allgather,ce_sym,4,536870912,134217728,134217728,0,0,graph,20,5,609.1407775878906,608.0687999725342,610.6783866882324,0,0,0,0,0,0,0,0,0,0,881.3576955493461,661.0182716620095,2644.073086648038,661.0182716620095,900.0,73.44647462911217,True,"[609.1407775878906, 608.0687999725342, 608.238410949707, 610.6783866882324, 609.9887847900391]"
allgather,ce_mc,4,536870912,134217728,134217728,0,0,graph,20,5,715.2656078338623,714.6575927734375,729.6976089477539,0,0,0,0,0,0,0,0,0,0,750.589579758882,562.9421848191615,2251.768739276646,187.6473949397205,900.0,62.54913164657351,True,"[715.2656078338623, 714.6575927734375, 715.5375957489014, 714.9456024169922, 729.6976089477539]"
allgather,nccl,4,1073741824,268435456,268435456,0,0,graph,20,5,1394.0879821777344,1392.7887916564941,1414.7024154663086,0,0,0,0,0,0,0,0,0,0,770.2109463153718,577.6582097365289,2310.6328389461155,577.6582097365289,900.0,64.18424552628098,True,"[1392.7887916564941, 1393.7456130981445, 1414.7024154663086, 1394.489574432373, 1394.0879821777344]"
allgather,tma_sym,4,1073741824,268435456,268435456,4,16384,graph,20,5,4368.924713134766,4368.399810791016,4369.811248779297,14,229600,1,14,152,64,233472,232448,35,0,245.76798514561148,184.32598885920862,737.3039554368345,184.32598885920862,900.0,20.48066542880096,True,"[4369.811248779297, 4368.924713134766, 4368.657684326172, 4368.399810791016, 4369.473648071289]"
allgather,tma_sym,4,1073741824,268435456,268435456,8,16384,graph,20,5,2200.913619995117,2200.6175994873047,2201.995277404785,14,229600,1,14,152,64,233472,232448,35,0,487.86186529318775,365.8963989698908,1463.5855958795632,365.8963989698908,900.0,40.65515544109898,True,"[2201.0223388671875, 2200.913619995117, 2201.995277404785, 2200.6175994873047, 2200.775909423828]"
allgather,tma_sym,4,1073741824,268435456,268435456,16,16384,graph,20,5,1355.88960647583,1353.718376159668,1362.0479583740234,14,229600,1,14,152,64,233472,232448,35,0,791.9094732135484,593.9321049101612,2375.728419640645,593.9321049101612,900.0,65.99245610112902,True,"[1362.0479583740234, 1355.297565460205, 1353.718376159668, 1360.307216644287, 1355.88960647583]"
allgather,tma_sym,4,1073741824,268435456,268435456,32,16384,graph,20,5,1216.926383972168,1216.5184020996094,1217.8239822387695,14,229600,1,14,152,64,233472,232448,35,0,882.3391769148768,661.7543826861576,2647.01753074463,661.7543826861576,900.0,73.52826474290639,True,"[1217.8239822387695, 1216.5184020996094, 1217.7935600280762, 1216.8895721435547, 1216.926383972168]"
allgather,tma_sym,4,1073741824,268435456,268435456,64,16384,graph,20,5,1177.2607803344727,1177.2031784057617,1177.7615547180176,14,229600,1,14,152,64,233472,232448,35,0,912.0679478466429,684.0509608849823,2736.203843539929,684.0509608849823,900.0,76.00566232055358,True,"[1177.2607803344727, 1177.7615547180176, 1177.2031784057617, 1177.3632049560547, 1177.2591590881348]"
allgather,tma_mc,4,1073741824,268435456,268435456,4,16384,graph,20,5,1511.2431526184082,1510.915184020996,1512.446403503418,14,229600,1,14,152,64,233472,232448,22,0,710.5023583661007,532.8767687745755,2131.507075098302,177.62558959152517,900.0,59.20852986384172,True,"[1512.3040199279785, 1512.446403503418, 1510.9295845031738, 1510.915184020996, 1511.2431526184082]"
allgather,tma_mc,4,1073741824,268435456,268435456,8,16384,graph,20,5,1511.5344047546387,1510.9951972961426,1526.198387145996,14,229600,1,14,152,64,233472,232448,22,0,710.3654542182229,532.7740906636672,2131.0963626546686,177.59136355455573,900.0,59.19712118485191,True,"[1510.9951972961426, 1511.3871574401855, 1526.198387145996, 1512.9136085510254, 1511.5344047546387]"
allgather,tma_mc,4,1073741824,268435456,268435456,16,16384,graph,20,5,1511.4383697509766,1511.2159729003906,1530.23042678833,14,229600,1,14,152,64,233472,232448,22,0,710.410589997731,532.8079424982982,2131.2317699931928,177.60264749943275,900.0,59.200882499810916,True,"[1511.4383697509766, 1511.3840103149414, 1530.23042678833, 1511.2159729003906, 1512.6928329467773]"
allgather,tma_mc,4,1073741824,268435456,268435456,32,16384,graph,20,5,1512.7391815185547,1512.0240211486816,1529.47359085083,14,229600,1,14,152,64,233472,232448,22,0,709.7997044818594,532.3497783613946,2129.399113445578,177.44992612046485,900.0,59.14997537348828,True,"[1515.5280113220215, 1512.553596496582, 1529.47359085083, 1512.0240211486816, 1512.7391815185547]"
allgather,tma_mc,4,1073741824,268435456,268435456,64,16384,graph,20,5,1512.8928184509277,1512.0559692382812,1513.809585571289,14,229600,1,14,152,64,233472,232448,22,0,709.7276230707602,532.2957173030701,2129.1828692122804,177.43190576769004,900.0,59.14396858923001,True,"[1513.809585571289, 1512.2735977172852, 1512.0559692382812, 1512.8928184509277, 1513.2255554199219]"
allgather,ce_sym,4,1073741824,268435456,268435456,0,0,graph,20,5,1167.2767639160156,1166.534423828125,1169.8351860046387,0,0,0,0,0,0,0,0,0,0,919.8690980515865,689.9018235386899,2759.6072941547595,689.9018235386899,900.0,76.65575817096554,True,"[1167.2767639160156, 1167.5151824951172, 1166.534423828125, 1169.8351860046387, 1166.9648170471191]"
allgather,ce_mc,4,1073741824,268435456,268435456,0,0,graph,20,5,1404.4655799865723,1402.1632194519043,1404.80318069458,0,0,0,0,0,0,0,0,0,0,764.5198567345922,573.389892550944,2293.559570203776,191.12996418364804,900.0,63.709988061215995,True,"[1404.6287536621094, 1402.1632194519043, 1404.4655799865723, 1404.80318069458, 1402.5296211242676]"
alltoall,nccl,4,4096,4096,1024,0,0,graph,20,5,22.281600534915924,21.63040041923523,22.58400022983551,0,0,0,0,0,0,0,0,0,0,0.18382880500803556,0.13787160375602667,0.5514864150241067,0.13787160375602667,900.0,0.015319067084002961,True,"[22.281600534915924, 22.58400022983551, 21.63040041923523, 22.332799434661865, 21.887999773025513]"
alltoall,tma_sym,4,4096,4096,1024,4,16384,graph,20,5,13.928000628948212,12.401600182056427,14.664000272750854,14,229600,1,14,152,64,233472,232448,32,0,0.29408384657068426,0.2205628849280132,0.8822515397120528,0.2205628849280132,900.0,0.02450698721422369,True,"[12.401600182056427, 13.928000628948212, 14.664000272750854, 14.441600441932678, 13.820800185203552]"
alltoall,tma_sym,4,4096,4096,1024,8,16384,graph,20,5,13.891200721263885,12.980799376964569,14.295999705791473,14,229600,1,14,152,64,233472,232448,32,0,0.2948629194976694,0.22114718962325206,0.8845887584930082,0.22114718962325206,900.0,0.02457190995813912,True,"[13.891200721263885, 14.094400405883789, 13.755199313163757, 12.980799376964569, 14.295999705791473]"
alltoall,tma_sym,4,4096,4096,1024,16,16384,graph,20,5,13.830399513244629,13.13759982585907,14.135999977588654,14,229600,1,14,152,64,233472,232448,32,0,0.2961591959854436,0.2221193969890827,0.8884775879563308,0.2221193969890827,900.0,0.024679932998786968,True,"[14.135999977588654, 13.995200395584106, 13.13759982585907, 13.283200562000275, 13.830399513244629]"
alltoall,tma_sym,4,4096,4096,1024,32,16384,graph,20,5,13.476799428462982,12.841600179672241,13.79999965429306,14,229600,1,14,152,64,233472,232448,32,0,0.30392972914245897,0.22794729685684423,0.9117891874273769,0.22794729685684423,900.0,0.02532747742853825,True,"[13.657599687576294, 13.078400492668152, 13.79999965429306, 13.476799428462982, 12.841600179672241]"
alltoall,tma_sym,4,4096,4096,1024,64,16384,graph,20,5,13.235199451446533,12.478400021791458,14.686399698257446,14,229600,1,14,152,64,233472,232448,32,0,0.3094777691130548,0.2321083268347911,0.9284333073391644,0.2321083268347911,900.0,0.02578981409275457,True,"[13.235199451446533, 12.478400021791458, 13.884800672531128, 12.884800136089325, 14.686399698257446]"
alltoall,ce_sym,4,4096,4096,1024,0,0,graph,20,5,27.568000555038452,26.156800985336304,28.10719907283783,0,0,0,0,0,0,0,0,0,0,0.14857805852921738,0.11143354389691303,0.4457341755876521,0.11143354389691303,900.0,0.01238150487743478,True,"[28.10719907283783, 28.086400032043457, 26.156800985336304, 27.568000555038452, 27.315199375152588]"
alltoall,nccl,4,8192,8192,2048,0,0,graph,20,5,22.1343994140625,21.23039960861206,23.67040067911148,0,0,0,0,0,0,0,0,0,0,0.37010265545291604,0.27757699158968707,1.1103079663587483,0.27757699158968707,900.0,0.030841887954409675,True,"[21.23039960861206, 23.67040067911148, 22.1343994140625, 22.257600724697113, 21.296000480651855]"
alltoall,tma_sym,4,8192,8192,2048,4,16384,graph,20,5,13.072000443935394,12.6351997256279,13.51040005683899,14,229600,1,14,152,64,233472,232448,32,0,0.6266829652534617,0.47001222394009623,1.880048895760385,0.47001222394009623,900.0,0.05222358043778847,True,"[13.51040005683899, 12.6351997256279, 13.072000443935394, 13.449600338935852, 12.705600261688232]"
alltoall,tma_sym,4,8192,8192,2048,8,16384,graph,20,5,13.318400084972382,12.336000055074692,14.062400162220001,14,229600,1,14,152,64,233472,232448,32,0,0.6150888956432027,0.4613166717324021,1.8452666869296084,0.4613166717324021,900.0,0.0512574079702669,True,"[12.950399518013, 13.318400084972382, 14.062400162220001, 13.835200667381287, 12.336000055074692]"
alltoall,tma_sym,4,8192,8192,2048,16,16384,graph,20,5,12.982399761676788,12.142399698495865,13.966399431228638,14,229600,1,14,152,64,233472,232448,32,0,0.6310081456729024,0.4732561092546768,1.8930244370187073,0.4732561092546768,900.0,0.05258401213940854,True,"[12.958399951457977, 12.142399698495865, 12.982399761676788, 13.644799590110779, 13.966399431228638]"
alltoall,tma_sym,4,8192,8192,2048,32,16384,graph,20,5,14.182400703430176,13.076800107955933,15.408000349998474,14,229600,1,14,152,64,233472,232448,32,0,0.5776172998707243,0.4332129749030433,1.7328518996121731,0.4332129749030433,900.0,0.04813477498922703,True,"[13.076800107955933, 15.408000349998474, 13.784000277519226, 14.182400703430176, 14.708800613880157]"
alltoall,tma_sym,4,8192,8192,2048,64,16384,graph,20,5,13.689599931240082,12.910400331020355,14.102399349212646,14,229600,1,14,152,64,233472,232448,32,0,0.5984104751889504,0.4488078563917128,1.7952314255668511,0.4488078563917128,900.0,0.0498675395990792,True,"[14.102399349212646, 13.689599931240082, 12.910400331020355, 13.499200344085693, 14.09280002117157]"
alltoall,ce_sym,4,8192,8192,2048,0,0,graph,20,5,27.508801221847534,27.01280117034912,28.31520140171051,0,0,0,0,0,0,0,0,0,0,0.297795601267201,0.22334670095040077,0.8933868038016031,0.22334670095040077,900.0,0.024816300105600087,True,"[27.508801221847534, 27.01280117034912, 28.0239999294281, 28.31520140171051, 27.401599287986755]"
alltoall,nccl,4,16384,16384,4096,0,0,graph,20,5,23.403200507164,23.230400681495667,24.348799884319305,0,0,0,0,0,0,0,0,0,0,0.7000751882198616,0.5250563911648962,2.100225564659585,0.5250563911648962,900.0,0.058339599018321794,True,"[23.734399676322937, 23.230400681495667, 24.348799884319305, 23.296000063419342, 23.403200507164]"
alltoall,tma_sym,4,16384,16384,4096,4,16384,graph,20,5,13.518400490283966,13.380800187587738,13.699199259281158,14,229600,1,14,152,64,233472,232448,32,0,1.2119777048901323,0.9089832786675992,3.635933114670397,0.9089832786675992,900.0,0.1009981420741777,True,"[13.699199259281158, 13.582399487495422, 13.518400490283966, 13.393600285053253, 13.380800187587738]"
alltoall,tma_sym,4,16384,16384,4096,8,16384,graph,20,5,13.716800510883331,12.876799702644348,13.940800726413727,14,229600,1,14,152,64,233472,232448,32,0,1.1944476401038586,0.8958357300778942,3.5833429203115768,0.8958357300778942,900.0,0.09953730334198825,True,"[13.716800510883331, 13.928000628948212, 13.940800726413727, 12.876799702644348, 13.708800077438354]"
alltoall,tma_sym,4,16384,16384,4096,16,16384,graph,20,5,13.844799995422363,12.134400010108948,14.448000490665436,14,229600,1,14,152,64,233472,232448,32,0,1.183404599952126,0.8875534499640946,3.5502137998563783,0.8875534499640946,900.0,0.09861704999601052,True,"[13.844799995422363, 14.14719969034195, 14.448000490665436, 12.63200044631958, 12.134400010108948]"
alltoall,tma_sym,4,16384,16384,4096,32,16384,graph,20,5,13.212800025939941,12.756800651550293,13.523200154304504,14,229600,1,14,152,64,233472,232448,32,0,1.2400096851412434,0.9300072638559326,3.7200290554237303,0.9300072638559326,900.0,0.10333414042843696,True,"[13.276800513267517, 12.756800651550293, 13.212800025939941, 13.014400005340576, 13.523200154304504]"
alltoall,tma_sym,4,16384,16384,4096,64,16384,graph,20,5,14.027200639247894,12.161599844694138,14.449599385261536,14,229600,1,14,152,64,233472,232448,32,0,1.16801637200211,0.8760122790015823,3.504049116006329,0.8760122790015823,900.0,0.09733469766684248,True,"[13.558399677276611, 12.161599844694138, 14.027200639247894, 14.388799667358398, 14.449599385261536]"
alltoall,ce_sym,4,16384,16384,4096,0,0,graph,20,5,27.318400144577026,26.203200221061707,27.540799975395203,0,0,0,0,0,0,0,0,0,0,0.5997422950572158,0.44980672129291177,1.799226885171647,0.44980672129291177,900.0,0.049978524588101314,True,"[27.36159861087799, 27.540799975395203, 26.43679976463318, 27.318400144577026, 26.203200221061707]"
alltoall,nccl,4,32768,32768,8192,0,0,graph,20,5,24.291199445724487,22.89920002222061,25.112000107765198,0,0,0,0,0,0,0,0,0,0,1.3489659114287798,1.0117244335715847,4.046897734286339,1.0117244335715847,900.0,0.11241382595239831,True,"[25.112000107765198, 24.57599937915802, 23.467199504375458, 24.291199445724487, 22.89920002222061]"
alltoall,tma_sym,4,32768,32768,8192,4,16384,graph,20,5,13.66879940032959,13.395200669765472,13.849599659442902,14,229600,1,14,152,64,233472,232448,32,0,2.3972844315214608,1.7979633236410952,7.191853294564381,1.7979633236410952,900.0,0.19977370262678837,True,"[13.66879940032959, 13.69599997997284, 13.395200669765472, 13.609600067138672, 13.849599659442902]"
alltoall,tma_sym,4,32768,32768,8192,8,16384,graph,20,5,13.3760005235672,12.848000228404999,13.459199666976929,14,229600,1,14,152,64,233472,232448,32,0,2.4497606696610097,1.8373205022457573,7.349282008983029,1.8373205022457573,900.0,0.2041467224717508,True,"[12.848000228404999, 13.459199666976929, 13.3760005235672, 13.089600205421448, 13.412800431251526]"
alltoall,tma_sym,4,32768,32768,8192,16,16384,graph,20,5,13.872000575065613,13.708800077438354,14.185599982738495,14,229600,1,14,152,64,233472,232448,32,0,2.3621682988464703,1.7716262241348528,7.086504896539411,1.7716262241348528,900.0,0.19684735823720587,True,"[14.185599982738495, 13.708800077438354, 13.872000575065613, 14.071999490261078, 13.820800185203552]"
alltoall,tma_sym,4,32768,32768,8192,32,16384,graph,20,5,13.69280070066452,13.278399407863617,13.795199990272522,14,229600,1,14,152,64,233472,232448,32,0,2.3930823734555453,1.794811780091659,7.179247120366636,1.794811780091659,900.0,0.19942353112129543,True,"[13.705599308013916, 13.795199990272522, 13.278399407863617, 13.69280070066452, 13.657599687576294]"
alltoall,tma_sym,4,32768,32768,8192,64,16384,graph,20,5,14.097599685192108,13.864000141620636,14.88959938287735,14,229600,1,14,152,64,233472,232448,32,0,2.324367320092014,1.7432754900690104,6.973101960276042,1.7432754900690104,900.0,0.1936972766743345,True,"[14.641599357128143, 14.88959938287735, 14.097599685192108, 13.864000141620636, 13.916799426078796]"
alltoall,ce_sym,4,32768,32768,8192,0,0,graph,20,5,27.95040011405945,26.331201195716858,28.415998816490173,0,0,0,0,0,0,0,0,0,0,1.1723624658781622,0.8792718494086216,3.5170873976344863,0.8792718494086216,900.0,0.0976968721565135,True,"[27.985599637031555, 27.95040011405945, 26.345598697662354, 26.331201195716858, 28.415998816490173]"
alltoall,nccl,4,65536,65536,16384,0,0,graph,20,5,23.684799671173096,23.35360050201416,24.216000735759735,0,0,0,0,0,0,0,0,0,0,2.7670067262491664,2.075255044686875,8.3010201787475,2.075255044686875,900.0,0.23058389385409722,True,"[23.684799671173096, 23.665599524974823, 23.35360050201416, 23.82880002260208, 24.216000735759735]"
alltoall,tma_sym,4,65536,65536,16384,4,16384,graph,20,5,13.964800536632538,13.424000144004822,14.470399916172028,14,229600,1,14,152,64,233472,232448,32,0,4.692942074474004,3.5197065558555036,14.078826223422015,3.5197065558555036,900.0,0.3910785062061671,True,"[13.424000144004822, 14.470399916172028, 13.964800536632538, 14.115199446678162, 13.460800051689148]"
alltoall,tma_sym,4,65536,65536,16384,8,16384,graph,20,5,14.521600306034088,13.849599659442902,15.049600601196289,14,229600,1,14,152,64,233472,232448,32,0,4.513001227059538,3.3847509202946533,13.539003681178613,3.3847509202946533,900.0,0.37608343558829477,True,"[15.04800021648407, 13.849599659442902, 14.521600306034088, 14.486399292945862, 15.049600601196289]"
alltoall,tma_sym,4,65536,65536,16384,16,16384,graph,20,5,14.030399918556213,13.091200590133667,16.103999316692352,14,229600,1,14,152,64,233472,232448,32,0,4.6710001411523505,3.5032501058642627,14.01300042345705,3.5032501058642627,900.0,0.38925001176269586,True,"[14.403200149536133, 13.091200590133667, 13.276800513267517, 16.103999316692352, 14.030399918556213]"
alltoall,tma_sym,4,65536,65536,16384,32,16384,graph,20,5,14.590400457382202,14.078399538993835,14.951999485492706,14,229600,1,14,152,64,233472,232448,32,0,4.491720442590128,3.3687903319425963,13.475161327770385,3.3687903319425963,900.0,0.3743100368825107,True,"[14.921599626541138, 14.951999485492706, 14.590400457382202, 14.078399538993835, 14.176000654697418]"
alltoall,tma_sym,4,65536,65536,16384,64,16384,graph,20,5,14.62399959564209,13.574400544166565,15.39199948310852,14,229600,1,14,152,64,233472,232448,32,0,4.481400561548807,3.3610504211616057,13.444201684646423,3.3610504211616057,900.0,0.37345004679573396,True,"[15.39199948310852, 13.831999897956848, 14.62399959564209, 15.169599652290344, 13.574400544166565]"
alltoall,ce_sym,4,65536,65536,16384,0,0,graph,20,5,27.01280117034912,26.667198538780212,28.255999088287354,0,0,0,0,0,0,0,0,0,0,2.4261089987193283,1.819581749039496,7.278326996157984,1.819581749039496,900.0,0.20217574989327736,True,"[28.255999088287354, 26.667198538780212, 27.67840027809143, 26.814401149749756, 27.01280117034912]"
alltoall,nccl,4,131072,131072,32768,0,0,graph,20,5,24.593600630760193,23.521600663661957,25.200000405311584,0,0,0,0,0,0,0,0,0,0,5.329516485522785,3.9971373641420884,15.988549456568354,3.9971373641420884,900.0,0.44412637379356534,True,"[25.016000866889954, 25.200000405311584, 24.593600630760193, 23.67680072784424, 23.521600663661957]"
alltoall,tma_sym,4,131072,131072,32768,4,16384,graph,20,5,15.900799632072449,14.460800588130951,16.24159961938858,14,229600,1,14,152,64,233472,232448,32,0,8.243107455779983,6.182330591834987,24.729322367339947,6.182330591834987,900.0,0.6869256213149986,True,"[16.24159961938858, 15.916800498962402, 15.73919951915741, 15.900799632072449, 14.460800588130951]"
alltoall,tma_sym,4,131072,131072,32768,8,16384,graph,20,5,17.844800651073456,16.731199622154236,17.960000038146973,14,229600,1,14,152,64,233472,232448,32,0,7.345108671310113,5.508831503482585,22.03532601393034,5.508831503482585,900.0,0.6120923892758429,True,"[17.960000038146973, 17.17280000448227, 17.929600179195404, 17.844800651073456, 16.731199622154236]"
alltoall,tma_sym,4,131072,131072,32768,16,16384,graph,20,5,16.69279932975769,15.070399641990662,17.632000148296356,14,229600,1,14,152,64,233472,232448,32,0,7.852008366645992,5.889006274984495,23.55602509993798,5.889006274984495,900.0,0.6543340305538328,True,"[17.632000148296356, 15.070399641990662, 16.47839993238449, 17.27360039949417, 16.69279932975769]"
alltoall,tma_sym,4,131072,131072,32768,32,16384,graph,20,5,15.566399693489075,14.844800531864166,16.0848006606102,14,229600,1,14,152,64,233472,232448,32,0,8.420187235383864,6.315140426537898,25.26056170615159,6.315140426537898,900.0,0.701682269615322,True,"[16.0848006606102, 15.566399693489075, 14.844800531864166, 15.643200278282166, 15.521599352359772]"
alltoall,tma_sym,4,131072,131072,32768,64,16384,graph,20,5,15.929600596427917,15.025599300861359,17.124800384044647,14,229600,1,14,152,64,233472,232448,32,0,8.228203789955149,6.171152842466362,24.684611369865447,6.171152842466362,900.0,0.6856836491629291,True,"[15.929600596427917, 16.63679927587509, 15.025599300861359, 15.246400237083435, 17.124800384044647]"
alltoall,ce_sym,4,131072,131072,32768,0,0,graph,20,5,27.316799759864807,26.91360116004944,27.966400980949402,0,0,0,0,0,0,0,0,0,0,4.7982194529454905,3.598664589709117,14.394658358836468,3.598664589709117,900.0,0.39985162107879074,True,"[27.316799759864807, 27.671998739242554, 26.91360116004944, 27.966400980949402, 27.185600996017456]"
alltoall,nccl,4,262144,262144,65536,0,0,graph,20,5,23.905600607395172,22.95999974012375,27.316799759864807,0,0,0,0,0,0,0,0,0,0,10.965798530027563,8.224348897520672,32.89739559008269,8.224348897520672,900.0,0.9138165441689635,True,"[24.73440021276474, 27.316799759864807, 22.95999974012375, 23.905600607395172, 23.904000222682953]"
alltoall,tma_sym,4,262144,262144,65536,4,16384,graph,20,5,16.572800278663635,16.284799575805664,18.406400084495544,14,229600,1,14,152,64,233472,232448,32,0,15.817725163652202,11.863293872739153,47.45317549095661,11.863293872739153,900.0,1.3181437636376836,True,"[18.406400084495544, 16.572800278663635, 16.356800496578217, 17.576000094413757, 16.284799575805664]"
alltoall,tma_sym,4,262144,262144,65536,8,16384,graph,20,5,17.897599935531616,16.222399473190308,18.185600638389587,14,229600,1,14,152,64,233472,232448,32,0,14.646880081366255,10.985160061024692,43.940640244098766,10.985160061024692,900.0,1.2205733401138545,True,"[18.089599907398224, 16.95519983768463, 18.185600638389587, 16.222399473190308, 17.897599935531616]"
alltoall,tma_sym,4,262144,262144,65536,16,16384,graph,20,5,17.75359958410263,16.737599670886993,18.270400166511536,14,229600,1,14,152,64,233472,232448,32,0,14.765681672506318,11.074261254379739,44.297045017518954,11.074261254379739,900.0,1.23047347270886,True,"[18.02400052547455, 17.75359958410263, 18.270400166511536, 16.737599670886993, 17.51839965581894]"
alltoall,tma_sym,4,262144,262144,65536,32,16384,graph,20,5,17.28159934282303,16.868799924850464,17.83680021762848,14,229600,1,14,152,64,233472,232448,32,0,15.168966413335305,11.376724810001479,45.506899240005914,11.376724810001479,900.0,1.2640805344446089,True,"[17.479999363422394, 16.868799924850464, 17.83680021762848, 16.891199350357056, 17.28159934282303]"
alltoall,tma_sym,4,262144,262144,65536,64,16384,graph,20,5,17.795200645923615,16.553600132465363,18.320000171661377,14,229600,1,14,152,64,233472,232448,32,0,14.73116292510306,11.048372193827296,44.193488775309184,11.048372193827296,900.0,1.227596910425255,True,"[17.814399302005768, 16.553600132465363, 17.795200645923615, 17.56480038166046, 18.320000171661377]"
alltoall,ce_sym,4,262144,262144,65536,0,0,graph,20,5,27.539199590682983,26.56480073928833,29.61600124835968,0,0,0,0,0,0,0,0,0,0,9.518940415707947,7.13920531178096,28.55682124712384,7.13920531178096,900.0,0.7932450346423289,True,"[26.56480073928833, 27.25279927253723, 29.61600124835968, 27.539199590682983, 28.435200452804565]"
alltoall,nccl,4,524288,524288,131072,0,0,graph,20,5,25.356799364089966,24.94879961013794,26.99359953403473,0,0,0,0,0,0,0,0,0,0,20.67642656598416,15.50731992448812,62.02927969795248,15.50731992448812,900.0,1.723035547165347,True,"[26.99359953403473, 25.4256010055542, 25.059199333190918, 24.94879961013794, 25.356799364089966]"
alltoall,tma_sym,4,524288,524288,131072,4,16384,graph,20,5,17.06079989671707,16.75039976835251,17.9407998919487,14,229600,1,14,152,64,233472,232448,32,0,30.730563817285393,23.047922862964047,92.19169145185619,23.047922862964047,900.0,2.5608803181071162,True,"[16.87680035829544, 17.06079989671707, 17.576000094413757, 17.9407998919487, 16.75039976835251]"
alltoall,tma_sym,4,524288,524288,131072,8,16384,graph,20,5,17.847999930381775,17.291200160980225,19.53440010547638,14,229600,1,14,152,64,233472,232448,32,0,29.375168200641365,22.031376150481023,88.12550460192409,22.031376150481023,900.0,2.4479306833867804,True,"[19.53440010547638, 17.847999930381775, 18.715199828147888, 17.375999689102173, 17.291200160980225]"
alltoall,tma_sym,4,524288,524288,131072,16,16384,graph,20,5,18.372799456119537,17.30239987373352,18.89439970254898,14,229600,1,14,152,64,233472,232448,32,0,28.53609768354448,21.40207326265836,85.60829305063343,21.40207326265836,900.0,2.378008140295373,True,"[18.89439970254898, 18.84640008211136, 17.315199971199036, 18.372799456119537, 17.30239987373352]"
alltoall,tma_sym,4,524288,524288,131072,32,16384,graph,20,5,19.118399918079376,17.51199960708618,21.300800144672394,14,229600,1,14,152,64,233472,232448,32,0,27.423215449332943,20.567411586999707,82.26964634799883,20.567411586999707,900.0,2.2852679541110787,True,"[19.23999935388565, 17.51199960708618, 19.118399918079376, 18.23039948940277, 21.300800144672394]"
alltoall,tma_sym,4,524288,524288,131072,64,16384,graph,20,5,18.02079975605011,17.395199835300446,20.895999670028687,14,229600,1,14,152,64,233472,232448,32,0,29.093492358682983,21.82011926901224,87.28047707604895,21.82011926901224,900.0,2.424457696556915,True,"[20.895999670028687, 17.395199835300446, 19.223999977111816, 18.02079975605011, 17.878399789333344]"
alltoall,ce_sym,4,524288,524288,131072,0,0,graph,20,5,30.59839904308319,28.811201453208923,32.08479881286621,0,0,0,0,0,0,0,0,0,0,17.13449122817803,12.850868421133525,51.4034736845341,12.850868421133525,900.0,1.427874269014836,True,"[30.59839904308319, 32.08479881286621, 28.811201453208923, 29.080000519752502, 31.74079954624176]"
alltoall,nccl,4,1048576,1048576,262144,0,0,graph,20,5,27.873599529266357,27.371200919151306,28.542399406433105,0,0,0,0,0,0,0,0,0,0,37.61896625152521,28.214224688643906,112.85689875457562,28.214224688643906,900.0,3.1349138542937673,True,"[28.45439910888672, 28.542399406433105, 27.56960093975067, 27.371200919151306, 27.873599529266357]"
alltoall,tma_sym,4,1048576,1048576,262144,4,16384,graph,20,5,20.747199654579163,19.649599492549896,21.9760000705719,14,229600,1,14,152,64,233472,232448,32,0,50.54060391078207,37.90545293308655,151.6218117323462,37.90545293308655,900.0,4.211716992565172,True,"[20.747199654579163, 19.649599492549896, 19.728000462055206, 20.865599811077118, 21.9760000705719]"
alltoall,tma_sym,4,1048576,1048576,262144,8,16384,graph,20,5,18.092800676822662,17.24800020456314,19.77279931306839,14,229600,1,14,152,64,233472,232448,32,0,57.955427616203856,43.4665707121529,173.8662828486116,43.4665707121529,900.0,4.829618968016989,True,"[17.7264004945755, 17.24800020456314, 18.092800676822662, 18.278400599956512, 19.77279931306839]"
alltoall,tma_sym,4,1048576,1048576,262144,16,16384,graph,20,5,17.3552006483078,17.315199971199036,19.550399482250214,14,229600,1,14,152,64,233472,232448,32,0,60.41854665058224,45.31390998793668,181.25563995174673,45.31390998793668,900.0,5.03487888754852,True,"[19.550399482250214, 18.110400438308716, 17.315199971199036, 17.3552006483078, 17.321600019931793]"
alltoall,tma_sym,4,1048576,1048576,262144,32,16384,graph,20,5,17.796799540519714,16.843199729919434,18.28480064868927,14,229600,1,14,152,64,233472,232448,32,0,58.91935780995929,44.18951835746946,176.75807342987784,44.18951835746946,900.0,4.909946484163273,True,"[18.28480064868927, 17.417599260807037, 16.843199729919434, 18.067200481891632, 17.796799540519714]"
alltoall,tma_sym,4,1048576,1048576,262144,64,16384,graph,20,5,17.124800384044647,17.047999799251556,17.43520051240921,14,229600,1,14,152,64,233472,232448,32,0,61.23142906687362,45.923571800155216,183.69428720062086,45.923571800155216,900.0,5.102619088906135,True,"[17.43520051240921, 17.124800384044647, 17.086400091648102, 17.420800030231476, 17.047999799251556]"
alltoall,ce_sym,4,1048576,1048576,262144,0,0,graph,20,5,29.72959876060486,27.871999144554138,30.33599853515625,0,0,0,0,0,0,0,0,0,0,35.270439014114245,26.45282926058568,105.81131704234272,26.45282926058568,900.0,2.9392032511761865,True,"[30.33599853515625, 29.888001084327698, 27.871999144554138, 29.72959876060486, 28.654399514198303]"
alltoall,nccl,4,2097152,2097152,524288,0,0,graph,20,5,33.108800649642944,32.94079899787903,34.459200501441956,0,0,0,0,0,0,0,0,0,0,63.341225258868334,47.50591894415125,190.023675776605,47.50591894415125,900.0,5.278435438239028,True,"[32.94079899787903, 33.108800649642944, 33.37759971618652, 34.459200501441956, 32.95679986476898]"
alltoall,tma_sym,4,2097152,2097152,524288,4,16384,graph,20,5,26.903998851776123,25.648000836372375,27.52319872379303,14,229600,1,14,152,64,233472,232448,32,0,77.94945322269638,58.46208991702228,233.84835966808913,58.46208991702228,900.0,6.495787768558031,True,"[25.648000836372375, 26.00480020046234, 27.41599977016449, 27.52319872379303, 26.903998851776123]"
alltoall,tma_sym,4,2097152,2097152,524288,8,16384,graph,20,5,22.784000635147095,22.492800652980804,22.92799949645996,14,229600,1,14,152,64,233472,232448,32,0,92.04494125429788,69.03370594072342,276.1348237628937,69.03370594072342,900.0,7.670411771191492,True,"[22.68799990415573, 22.784000635147095, 22.912000119686127, 22.492800652980804, 22.92799949645996]"
alltoall,tma_sym,4,2097152,2097152,524288,16,16384,graph,20,5,17.691199481487274,17.17119961977005,18.110400438308716,14,229600,1,14,152,64,233472,232448,32,0,118.54210350149165,88.90657762611875,355.626310504475,88.90657762611875,900.0,9.878508625124304,True,"[17.339199781417847, 17.801600694656372, 18.110400438308716, 17.691199481487274, 17.17119961977005]"
alltoall,tma_sym,4,2097152,2097152,524288,32,16384,graph,20,5,18.01600009202957,17.428800463676453,18.81120055913925,14,229600,1,14,152,64,233472,232448,32,0,116.40497276239455,87.30372957179593,349.2149182871837,87.30372957179593,900.0,9.700414396866213,True,"[18.81120055913925, 17.48960018157959, 17.428800463676453, 18.01600009202957, 18.561600148677826]"
alltoall,tma_sym,4,2097152,2097152,524288,64,16384,graph,20,5,17.881600558757782,16.993600130081177,18.33759993314743,14,229600,1,14,152,64,233472,232448,32,0,117.27988180414243,87.95991135310683,351.83964541242733,87.95991135310683,900.0,9.773323483678537,True,"[18.33759993314743, 18.171200156211853, 17.881600558757782, 16.993600130081177, 17.523199319839478]"
alltoall,ce_sym,4,2097152,2097152,524288,0,0,graph,20,5,31.832000613212585,29.790401458740234,36.12000048160553,0,0,0,0,0,0,0,0,0,0,65.88187860016345,49.41140895012259,197.64563580049037,49.41140895012259,900.0,5.490156550013622,True,"[29.790401458740234, 31.832000613212585, 29.976001381874084, 36.12000048160553, 33.76159965991974]"
alltoall,nccl,4,4194304,4194304,1048576,0,0,graph,20,5,34.07840132713318,33.23679864406586,34.46879982948303,0,0,0,0,0,0,0,0,0,0,123.07807398994684,92.30855549246013,369.2342219698405,92.30855549246013,900.0,10.256506165828903,True,"[34.07840132713318, 33.23679864406586, 33.556801080703735, 34.379199147224426, 34.46879982948303]"
alltoall,tma_sym,4,4194304,4194304,1048576,4,16384,graph,20,5,34.95360016822815,33.87359976768494,35.601601004600525,14,229600,1,14,152,64,233472,232448,32,0,119.99633742485004,89.99725306863752,359.9890122745501,89.99725306863752,900.0,9.999694785404168,True,"[33.87359976768494, 35.601601004600525, 34.6015989780426, 34.95360016822815, 35.548800230026245]"
alltoall,tma_sym,4,4194304,4194304,1048576,8,16384,graph,20,5,26.572799682617188,26.068800687789917,27.73120105266571,14,229600,1,14,152,64,233472,232448,32,0,157.84200573881338,118.38150430411002,473.5260172164401,118.38150430411002,900.0,13.153500478234449,True,"[26.51839852333069, 26.068800687789917, 26.572799682617188, 27.73120105266571, 26.636800169944763]"
alltoall,tma_sym,4,4194304,4194304,1048576,16,16384,graph,20,5,21.489599347114563,21.137599647045135,21.699200570583344,14,229600,1,14,152,64,233472,232448,32,0,195.17832474448505,146.3837435583638,585.5349742334552,146.3837435583638,900.0,16.264860395373752,True,"[21.63199931383133, 21.699200570583344, 21.489599347114563, 21.137599647045135, 21.294400095939636]"
alltoall,tma_sym,4,4194304,4194304,1048576,32,16384,graph,20,5,19.361600279808044,18.403199315071106,19.77600008249283,14,229600,1,14,152,64,233472,232448,32,0,216.63002744531317,162.47252058398487,649.8900823359395,162.47252058398487,900.0,18.05250228710943,True,"[18.403199315071106, 19.380800426006317, 19.361600279808044, 18.79200041294098, 19.77600008249283]"
alltoall,tma_sym,4,4194304,4194304,1048576,64,16384,graph,20,5,18.92320066690445,18.39679926633835,19.13760006427765,14,229600,1,14,152,64,233472,232448,32,0,221.64876195260072,166.23657146445058,664.9462858578023,166.23657146445058,900.0,18.47073016271673,True,"[19.014400243759155, 19.13760006427765, 18.39679926633835, 18.804800510406494, 18.92320066690445]"
alltoall,ce_sym,4,4194304,4194304,1048576,0,0,graph,20,5,38.44799995422363,37.17600107192993,39.29919898509979,0,0,0,0,0,0,0,0,0,0,109.09030391681642,81.81772793761232,327.2709117504493,81.81772793761232,900.0,9.090858659734701,True,"[38.097599148750305, 37.17600107192993, 38.467198610305786, 39.29919898509979, 38.44799995422363]"
alltoall,nccl,4,8388608,8388608,2097152,0,0,graph,20,5,43.49279999732971,42.06399917602539,43.82080137729645,0,0,0,0,0,0,0,0,0,0,192.87348711775346,144.6551153383151,578.6204613532605,144.6551153383151,900.0,16.072790593146124,True,"[43.82080137729645, 43.49279999732971, 42.58719980716705, 42.06399917602539, 43.774399161338806]"
alltoall,tma_sym,4,8388608,8388608,2097152,4,16384,graph,20,5,55.0495982170105,54.22719717025757,56.409597396850586,14,229600,1,14,152,64,233472,232448,32,0,152.38272887898924,114.28704665924192,457.1481866369677,114.28704665924192,900.0,12.698560739915768,True,"[55.04480004310608, 54.22719717025757, 55.0495982170105, 56.409597396850586, 55.985599756240845]"
alltoall,tma_sym,4,8388608,8388608,2097152,8,16384,graph,20,5,35.044801235198975,34.753599762916565,35.88640093803406,14,229600,1,14,152,64,233472,232448,32,0,239.36811465132487,179.52608598849366,718.1043439539746,179.52608598849366,900.0,19.947342887610407,True,"[34.992000460624695, 35.044801235198975, 35.73119938373566, 35.88640093803406, 34.753599762916565]"
alltoall,tma_sym,4,8388608,8388608,2097152,16,16384,graph,20,5,28.10559868812561,26.396799087524414,28.23840081691742,14,229600,1,14,152,64,233472,232448,32,0,298.46750795399777,223.85063096549834,895.4025238619934,223.85063096549834,900.0,24.872292329499814,True,"[26.817598938941956, 28.23840081691742, 26.396799087524414, 28.10559868812561, 28.20959985256195]"
alltoall,tma_sym,4,8388608,8388608,2097152,32,16384,graph,20,5,23.425599932670593,22.673599421977997,23.950399458408356,14,229600,1,14,152,64,233472,232448,32,0,358.0957595156741,268.57181963675555,1074.2872785470222,268.57181963675555,900.0,29.84131329297284,True,"[23.950399458408356, 23.3584001660347, 23.425599932670593, 23.77759963274002, 22.673599421977997]"
alltoall,tma_sym,4,8388608,8388608,2097152,64,16384,graph,20,5,22.526399791240692,21.993599832057953,23.51039946079254,14,229600,1,14,152,64,233472,232448,32,0,372.39008797410577,279.29256598057935,1117.1702639223174,279.29256598057935,900.0,31.032507331175484,True,"[23.51039946079254, 21.993599832057953, 22.03039973974228, 22.526399791240692, 23.262399435043335]"
alltoall,ce_sym,4,8388608,8388608,2097152,0,0,graph,20,5,42.75200068950653,41.390401124954224,44.708800315856934,0,0,0,0,0,0,0,0,0,0,196.21556569770036,147.16167427327528,588.6466970931011,147.16167427327528,900.0,16.351297141475033,True,"[42.876800894737244, 41.390401124954224, 44.708800315856934, 42.420798540115356, 42.75200068950653]"
alltoall,nccl,4,16777216,16777216,4194304,0,0,graph,20,5,58.744001388549805,57.72799849510193,59.883201122283936,0,0,0,0,0,0,0,0,0,0,285.5987948289502,214.19909612171264,856.7963844868506,214.19909612171264,900.0,23.799899569079184,True,"[58.60000252723694, 57.72799849510193, 59.15840268135071, 59.883201122283936, 58.744001388549805]"
alltoall,tma_sym,4,16777216,16777216,4194304,4,16384,graph,20,5,96.38720154762268,95.96319794654846,97.07679748535156,14,229600,1,14,152,64,233472,232448,32,0,174.06061936252777,130.54546452189584,522.1818580875834,130.54546452189584,900.0,14.505051613543982,True,"[97.07679748535156, 97.05600142478943, 96.3808000087738, 95.96319794654846, 96.38720154762268]"
alltoall,tma_sym,4,16777216,16777216,4194304,8,16384,graph,20,5,57.26879835128784,56.55519962310791,57.7023983001709,14,229600,1,14,152,64,233472,232448,32,0,292.9556142786209,219.71671070896565,878.8668428358626,219.71671070896565,900.0,24.41296785655174,True,"[57.7023983001709, 57.26879835128784, 56.55519962310791, 57.67199993133545, 56.702399253845215]"
alltoall,tma_sym,4,16777216,16777216,4194304,16,16384,graph,20,5,39.61920142173767,38.40959966182709,39.96480107307434,14,229600,1,14,152,64,233472,232448,32,0,423.4617407203702,317.5963055402776,1270.3852221611105,317.5963055402776,900.0,35.28847839336418,True,"[39.83199894428253, 38.40959966182709, 38.87520134449005, 39.61920142173767, 39.96480107307434]"
alltoall,tma_sym,4,16777216,16777216,4194304,32,16384,graph,20,5,35.094401240348816,33.77920091152191,35.21600067615509,14,229600,1,14,152,64,233472,232448,32,0,478.0596165496296,358.54471241222217,1434.1788496488887,358.54471241222217,900.0,39.8383013791358,True,"[34.70880091190338, 35.094401240348816, 33.77920091152191, 35.10240018367767, 35.21600067615509]"
alltoall,tma_sym,4,16777216,16777216,4194304,64,16384,graph,20,5,31.9023996591568,31.755200028419495,33.316799998283386,14,229600,1,14,152,64,233472,232448,32,0,525.8919761286519,394.41898209648895,1577.6759283859558,394.41898209648895,900.0,43.82433134405433,True,"[32.18240141868591, 31.9023996591568, 31.87200129032135, 33.316799998283386, 31.755200028419495]"
alltoall,ce_sym,4,16777216,16777216,4194304,0,0,graph,20,5,53.11040282249451,51.681602001190186,55.083197355270386,0,0,0,0,0,0,0,0,0,0,315.89321692913495,236.91991269685124,947.679650787405,236.91991269685124,900.0,26.32443474409458,True,"[53.11040282249451, 55.083197355270386, 51.681602001190186, 54.6720027923584, 52.64800190925598]"
alltoall,nccl,4,33554432,33554432,8388608,0,0,graph,20,5,85.28159856796265,84.6671998500824,85.84480285644531,0,0,0,0,0,0,0,0,0,0,393.45453841674635,295.09090381255976,1180.363615250239,295.09090381255976,900.0,32.78787820139553,True,"[85.7583999633789, 84.6671998500824, 85.08800268173218, 85.28159856796265, 85.84480285644531]"
alltoall,tma_sym,4,33554432,33554432,8388608,4,16384,graph,20,5,175.94879865646362,174.66880083084106,177.55039930343628,14,229600,1,14,152,64,233472,232448,32,0,190.70566128453274,143.02924596339955,572.1169838535982,143.02924596339955,900.0,15.892138440377726,True,"[175.94879865646362, 175.5903959274292, 176.3152003288269, 174.66880083084106, 177.55039930343628]"
alltoall,tma_sym,4,33554432,33554432,8388608,8,16384,graph,20,5,96.5391993522644,95.87519764900208,98.90720248222351,14,229600,1,14,152,64,233472,232448,32,0,347.57313324675874,260.67984993506906,1042.7193997402762,260.67984993506906,900.0,28.964427770563226,True,"[97.85119891166687, 98.90720248222351, 96.38239741325378, 95.87519764900208, 96.5391993522644]"
alltoall,tma_sym,4,33554432,33554432,8388608,16,16384,graph,20,5,65.91519713401794,65.54080247879028,66.50720238685608,14,229600,1,14,152,64,233472,232448,32,0,509.05456494012384,381.79092370509284,1527.1636948203713,381.79092370509284,900.0,42.42121374501032,True,"[65.75040221214294, 66.50720238685608, 65.92320203781128, 65.91519713401794, 65.54080247879028]"
alltoall,tma_sym,4,33554432,33554432,8388608,32,16384,graph,20,5,55.34080266952515,54.67680096626282,56.355202198028564,14,229600,1,14,152,64,233472,232448,32,0,606.3235511847323,454.74266338854926,1818.970653554197,454.74266338854926,900.0,50.5269625987277,True,"[56.355202198028564, 54.93760108947754, 54.67680096626282, 55.5728018283844, 55.34080266952515]"
alltoall,tma_sym,4,33554432,33554432,8388608,64,16384,graph,20,5,52.10559964179993,51.20319724082947,52.323198318481445,14,229600,1,14,152,64,233472,232448,32,0,643.969788864729,482.9773416485468,1931.9093665941873,482.9773416485468,900.0,53.664149072060766,True,"[52.15520262718201, 52.10559964179993, 52.323198318481445, 51.54079794883728, 51.20319724082947]"
alltoall,ce_sym,4,33554432,33554432,8388608,0,0,graph,20,5,72.27519750595093,71.01920247077942,75.03200173377991,0,0,0,0,0,0,0,0,0,0,464.2592916779954,348.19446875849655,1392.7778750339862,348.19446875849655,900.0,38.688274306499615,True,"[71.80799841880798, 72.67680168151855, 71.01920247077942, 72.27519750595093, 75.03200173377991]"
alltoall,nccl,4,67108864,67108864,16777216,0,0,graph,20,5,137.68800497055054,136.38399839401245,138.69279623031616,0,0,0,0,0,0,0,0,0,0,487.3980417855107,365.54853133913304,1462.1941253565321,365.54853133913304,900.0,40.61650348212589,True,"[137.7295970916748, 137.68800497055054, 136.9264006614685, 138.69279623031616, 136.38399839401245]"
alltoall,tma_sym,4,67108864,67108864,16777216,4,16384,graph,20,5,340.2496099472046,339.22879695892334,341.01760387420654,14,229600,1,14,152,64,233472,232448,32,0,197.23421287804874,147.92565965853655,591.7026386341462,147.92565965853655,900.0,16.43618440650406,True,"[340.91360569000244, 340.0991916656494, 341.01760387420654, 339.22879695892334, 340.2496099472046]"
alltoall,tma_sym,4,67108864,67108864,16777216,8,16384,graph,20,5,179.09599542617798,177.9039978981018,179.4991970062256,14,229600,1,14,152,64,233472,232448,32,0,374.7089031237539,281.03167734281544,1124.1267093712618,281.03167734281544,900.0,31.225741926979495,True,"[179.4991970062256, 179.32159900665283, 179.09599542617798, 178.6080002784729, 177.9039978981018]"
alltoall,tma_sym,4,67108864,67108864,16777216,16,16384,graph,20,5,125.55040121078491,125.24479627609253,126.90240144729614,14,229600,1,14,152,64,233472,232448,32,0,534.5173201583946,400.88799011879587,1603.5519604751835,400.88799011879587,900.0,44.54311001319954,True,"[126.90240144729614, 125.41600465774536, 126.51840448379517, 125.24479627609253, 125.55040121078491]"
alltoall,tma_sym,4,67108864,67108864,16777216,32,16384,graph,20,5,96.45439982414246,95.98559737205505,97.28479981422424,14,229600,1,14,152,64,233472,232448,32,0,695.757416171312,521.8180621284839,2087.2722485139357,521.8180621284839,900.0,57.97978468094266,True,"[96.45439982414246, 96.74239754676819, 97.28479981422424, 95.98559737205505, 96.45439982414246]"
alltoall,tma_sym,4,67108864,67108864,16777216,64,16384,graph,20,5,91.90719723701477,91.14879965782166,92.39360094070435,14,229600,1,14,152,64,233472,232448,32,0,730.1807259657411,547.6355444743058,2190.542177897223,547.6355444743058,900.0,60.84839383047842,True,"[91.90719723701477, 91.14879965782166, 91.35199785232544, 91.94560050964355, 92.39360094070435]"
alltoall,ce_sym,4,67108864,67108864,16777216,0,0,graph,20,5,108.81119966506958,108.23040008544922,110.23839712142944,0,0,0,0,0,0,0,0,0,0,616.7459251121849,462.5594438341387,1850.2377753365547,462.5594438341387,900.0,51.395493759348746,True,"[108.35200548171997, 108.23040008544922, 109.31040048599243, 108.81119966506958, 110.23839712142944]"
alltoall,nccl,4,134217728,134217728,33554432,0,0,graph,20,5,237.98561096191406,236.37919425964355,238.80479335784912,0,0,0,0,0,0,0,0,0,0,563.974130442195,422.98059783164626,1691.922391326585,422.98059783164626,900.0,46.99784420351625,True,"[238.20960521697998, 236.37919425964355, 237.98561096191406, 237.7135992050171, 238.80479335784912]"
alltoall,tma_sym,4,134217728,134217728,33554432,4,16384,graph,20,5,668.9839839935303,667.9503917694092,669.2016124725342,14,229600,1,14,152,64,233472,232448,32,0,200.62920968418584,150.47190726313937,601.8876290525575,150.47190726313937,900.0,16.719100807015487,True,"[667.9503917694092, 669.2016124725342, 668.0543899536133, 669.049596786499, 668.9839839935303]"
alltoall,tma_sym,4,134217728,134217728,33554432,8,16384,graph,20,5,342.7248001098633,341.9440031051636,343.3327913284302,14,229600,1,14,152,64,233472,232448,32,0,391.6195383496478,293.7146537622359,1174.8586150489436,293.7146537622359,900.0,32.63496152913732,True,"[341.9440031051636, 343.3327913284302, 341.97120666503906, 342.7248001098633, 343.0000066757202]"
alltoall,tma_sym,4,134217728,134217728,33554432,16,16384,graph,20,5,235.74719429016113,235.17119884490967,236.3663911819458,14,229600,1,14,152,64,233472,232448,32,0,569.3290577821377,426.99679333660333,1707.9871733464133,426.99679333660333,900.0,47.44408814851148,True,"[236.3663911819458, 236.20319366455078, 235.17119884490967, 235.67359447479248, 235.74719429016113]"
alltoall,tma_sym,4,134217728,134217728,33554432,32,16384,graph,20,5,183.13440084457397,182.423996925354,183.65440368652344,14,229600,1,14,152,64,233472,232448,32,0,732.8919491969752,549.6689618977314,2198.6758475909255,549.6689618977314,900.0,61.07432909974793,True,"[182.423996925354, 183.65440368652344, 183.14239978790283, 182.67840147018433, 183.13440084457397]"
alltoall,tma_sym,4,134217728,134217728,33554432,64,16384,graph,20,5,167.71680116653442,167.3184037208557,168.39519739151,14,229600,1,14,152,64,233472,232448,32,0,800.2640586182447,600.1980439636835,2400.792175854734,600.1980439636835,900.0,66.6886715515204,True,"[167.3184037208557, 168.39519739151, 167.71680116653442, 167.5984025001526, 168.17280054092407]"
alltoall,ce_sym,4,134217728,134217728,33554432,0,0,graph,20,5,189.97759819030762,188.64799737930298,191.5776014328003,0,0,0,0,0,0,0,0,0,0,706.4923932007453,529.8692949005589,2119.4771796022355,529.8692949005589,900.0,58.874366100062105,True,"[191.5776014328003, 188.64799737930298, 190.0320053100586, 189.97759819030762, 189.70240354537964]"
alltoall,nccl,4,268435456,268435456,67108864,0,0,graph,20,5,434.4031810760498,432.19518661499023,434.98239517211914,0,0,0,0,0,0,0,0,0,0,617.9408155692252,463.45561167691886,1853.8224467076755,463.45561167691886,900.0,51.49506796410209,True,"[434.09762382507324, 434.98239517211914, 434.4031810760498, 434.6447944641113, 432.19518661499023]"
alltoall,tma_sym,4,268435456,268435456,67108864,4,16384,graph,20,5,1319.2367553710938,1316.9967651367188,1319.4992065429688,14,229600,1,14,152,64,233472,232448,32,0,203.47784801105743,152.6083860082931,610.4335440331724,152.6083860082931,900.0,16.956487334254792,True,"[1319.2367553710938, 1317.8560256958008, 1319.4992065429688, 1316.9967651367188, 1319.4255828857422]"
alltoall,tma_sym,4,268435456,268435456,67108864,8,16384,graph,20,5,670.0799942016602,667.5871849060059,670.4864025115967,14,229600,1,14,152,64,233472,232448,32,0,400.6021047081351,300.4515785311013,1201.8063141244052,300.4515785311013,900.0,33.38350872567793,True,"[670.3120231628418, 669.9103832244873, 667.5871849060059, 670.4864025115967, 670.0799942016602]"
alltoall,tma_sym,4,268435456,268435456,67108864,16,16384,graph,20,5,462.3311996459961,461.1760139465332,464.07361030578613,14,229600,1,14,152,64,233472,232448,32,0,580.6128944045724,435.4596708034293,1741.838683213717,435.4596708034293,900.0,48.3844078670477,True,"[464.07361030578613, 462.3311996459961, 462.2000217437744, 462.4351978302002, 461.1760139465332]"
alltoall,tma_sym,4,268435456,268435456,67108864,32,16384,graph,20,5,365.2928113937378,364.1695976257324,366.2879943847656,14,229600,1,14,152,64,233472,232448,32,0,734.8500918367697,551.1375688775772,2204.550275510309,551.1375688775772,900.0,61.237507653064135,True,"[365.32158851623535, 365.2928113937378, 364.1695976257324, 366.2879943847656, 364.7007942199707]"
alltoall,tma_sym,4,268435456,268435456,67108864,64,16384,graph,20,5,323.07519912719727,322.60639667510986,324.0447998046875,14,229600,1,14,152,64,233472,232448,32,0,830.876083107558,623.1570623306684,2492.6282493226736,623.1570623306684,900.0,69.2396735922965,True,"[322.69439697265625, 323.5647916793823, 322.60639667510986, 324.0447998046875, 323.07519912719727]"
alltoall,ce_sym,4,268435456,268435456,67108864,0,0,graph,20,5,329.64320182800293,329.09278869628906,330.3215980529785,0,0,0,0,0,0,0,0,0,0,814.3212252259972,610.7409189194979,2442.9636756779914,610.7409189194979,900.0,67.86010210216644,True,"[329.25920486450195, 330.16960620880127, 329.09278869628906, 329.64320182800293, 330.3215980529785]"
alltoall,nccl,4,536870912,536870912,134217728,0,0,graph,20,5,822.8303909301758,822.1487998962402,824.6496200561523,0,0,0,0,0,0,0,0,0,0,652.4685013069213,489.351375980191,1957.405503920764,489.351375980191,900.0,54.372375108910106,True,"[824.6496200561523, 822.1487998962402, 822.8303909301758, 822.4127769470215, 824.01123046875]"
alltoall,tma_sym,4,536870912,536870912,134217728,4,16384,graph,20,5,2617.2367095947266,2615.447998046875,2617.4976348876953,14,229600,1,14,152,64,233472,232448,32,0,205.1289094455401,153.84668208415508,615.3867283366203,153.84668208415508,900.0,17.09407578712834,True,"[2617.2367095947266, 2617.4976348876953, 2615.447998046875, 2616.044807434082, 2617.465591430664]"
alltoall,tma_sym,4,536870912,536870912,134217728,8,16384,graph,20,5,1320.4048156738281,1318.4335708618164,1321.07515335083,14,229600,1,14,152,64,233472,232448,32,0,406.5956937047555,304.94677027856665,1219.7870811142666,304.94677027856665,900.0,33.882974475396296,True,"[1318.4335708618164, 1320.4048156738281, 1321.07515335083, 1320.7136154174805, 1320.0143814086914]"
alltoall,tma_sym,4,536870912,536870912,134217728,16,16384,graph,20,5,918.5263633728027,917.6976203918457,918.8896179199219,14,229600,1,14,152,64,233472,232448,32,0,584.4915654120424,438.36867405903183,1753.4746962361273,438.36867405903183,900.0,48.70763045100354,True,"[917.739200592041, 917.6976203918457, 918.7520027160645, 918.5263633728027, 918.8896179199219]"
alltoall,tma_sym,4,536870912,536870912,134217728,32,16384,graph,20,5,726.5135765075684,726.3088226318359,727.4703979492188,14,229600,1,14,152,64,233472,232448,32,0,738.9688635700358,554.2266476775268,2216.906590710107,554.2266476775268,900.0,61.58073863083631,True,"[727.0544052124023, 726.3088226318359, 727.4703979492188, 726.3984203338623, 726.5135765075684]"
alltoall,tma_sym,4,536870912,536870912,134217728,64,16384,graph,20,5,641.3104057312012,640.1760101318359,641.7856216430664,14,229600,1,14,152,64,233472,232448,32,0,837.146734564329,627.8600509232467,2511.440203692987,627.8600509232467,900.0,69.76222788036075,True,"[641.3104057312012, 641.1520004272461, 641.4944171905518, 640.1760101318359, 641.7856216430664]"
alltoall,ce_sym,4,536870912,536870912,134217728,0,0,graph,20,5,610.265588760376,607.5967788696289,610.6160163879395,0,0,0,0,0,0,0,0,0,0,879.7332208924616,659.7999156693462,2639.199662677385,659.7999156693462,900.0,73.31110174103847,True,"[610.265588760376, 609.6672058105469, 610.6160163879395, 607.5967788696289, 610.4288101196289]"
alltoall,nccl,4,1073741824,1073741824,268435456,0,0,graph,20,5,1505.9712409973145,1503.4416198730469,1506.6896438598633,0,0,0,0,0,0,0,0,0,0,712.9895942029578,534.7421956522184,2138.9687826088734,534.7421956522184,900.0,59.41579951691315,True,"[1503.4416198730469, 1505.2000045776367, 1506.0432434082031, 1506.6896438598633, 1505.9712409973145]"
alltoall,tma_sym,4,1073741824,1073741824,268435456,4,16384,graph,20,5,5222.840118408203,5221.331024169922,5424.017715454102,14,229600,1,14,152,64,233472,232448,32,0,205.58581148512178,154.18935861384136,616.7574344553655,154.18935861384136,900.0,17.132150957093483,True,"[5222.840118408203, 5223.214340209961, 5222.243118286133, 5221.331024169922, 5424.017715454102]"
alltoall,tma_sym,4,1073741824,1073741824,268435456,8,16384,graph,20,5,2623.067283630371,2621.928024291992,2624.2895126342773,14,229600,1,14,152,64,233472,232448,32,0,409.3458946710366,307.00942100327745,1228.0376840131098,307.00942100327745,900.0,34.112157889253055,True,"[2621.928024291992, 2624.2895126342773, 2623.067283630371, 2622.2143173217773, 2623.080062866211]"
alltoall,tma_sym,4,1073741824,1073741824,268435456,16,16384,graph,20,5,1832.8975677490234,1831.6640853881836,1833.5983276367188,14,229600,1,14,152,64,233472,232448,32,0,585.8166014801686,439.36245111012647,1757.4498044405059,439.36245111012647,900.0,48.81805012334738,True,"[1831.8416595458984, 1833.5983276367188, 1832.9856872558594, 1831.6640853881836, 1832.8975677490234]"
alltoall,tma_sym,4,1073741824,1073741824,268435456,32,16384,graph,20,5,1457.9504013061523,1456.3535690307617,1458.1456184387207,14,229600,1,14,152,64,233472,232448,32,0,736.4734925399748,552.3551194049811,2209.4204776199244,552.3551194049811,900.0,61.372791044997896,True,"[1457.9520225524902, 1457.9504013061523, 1456.3535690307617, 1458.1456184387207, 1457.7168464660645]"
alltoall,tma_sym,4,1073741824,1073741824,268435456,64,16384,graph,20,5,1278.9199829101562,1277.4784088134766,1280.2639961242676,14,229600,1,14,152,64,233472,232448,32,0,839.5691977200344,629.6768982900257,2518.707593160103,629.6768982900257,900.0,69.96409981000285,True,"[1277.4784088134766, 1278.0672073364258, 1278.9199829101562, 1280.2639961242676, 1279.5136451721191]"
alltoall,ce_sym,4,1073741824,1073741824,268435456,0,0,graph,20,5,1167.4847602844238,1164.798355102539,1169.0863609313965,0,0,0,0,0,0,0,0,0,0,919.7052163134136,689.7789122350604,2759.1156489402415,689.7789122350604,900.0,76.64210135945115,True,"[1164.798355102539, 1167.4847602844238, 1169.0863609313965, 1166.3871765136719, 1167.8272247314453]"
